lambda_nm,Re_eps_eff_HfN_C10,Im_eps_eff_HfN_C10,Re_eps_eff_TiN_C10,Im_eps_eff_TiN_C10
300.0,3.283283942401929,-0.2709806308978411,3.3978576633906727,-0.41605996340163987
302.0,3.282613701237276,-0.2702633849571051,3.3956179155521062,-0.4135043554551282
304.0,3.2819441930741693,-0.26954420924964284,3.393393490725159,-0.4109275389597424
306.0,3.2812754243992144,-0.26882310317500063,3.3911846670207737,-0.40832963278263557
308.0,3.2806074017132794,-0.2681000661561516,3.388991721687496,-0.4057107603759646
310.0,3.2799401315314007,-0.2673750976396158,3.386814931021483,-0.4030710497794389
312.0,3.2792736203827224,-0.2666481970955826,3.383690499368286,-0.4015352854370061
314.0,3.2786078748104015,-0.26591936401803123,3.38056110129114,-0.39997258844881406
316.0,3.277942901371535,-0.26518859792485294,3.3774269581495364,-0.39838272234333266
318.0,3.2772787066370768,-0.26445589835797045,3.3742882963864034,-0.39676545125961815
320.0,3.276615297191757,-0.2637212648834604,3.3711453475776234,-0.3951205400358022
322.0,3.271784161405611,-0.26311668442419667,3.3679983484805245,-0.3934477542997737
324.0,3.2669093788876253,-0.2624861814329842,3.3648475410812932,-0.39174686056206065
326.0,3.2619904852587873,-0.26182910725870767,3.3616931726412425,-0.3900176263109312
328.0,3.257027012709906,-0.2611447968086768,3.3585354957418514,-0.3882598201097171
330.0,3.252018490095111,-0.26043256811442694,3.3553747683285247,-0.38647321169637044
332.0,3.2469644430337317,-0.2596917218860953,3.3522112537529827,-0.3846575720852589
334.0,3.241864394020989,-0.25892154105510573,3.349045220814219,-0.3828126736712045
336.0,3.236717862548003,-0.25812129030490377,3.3458769437979474,-0.38093829033576937
338.0,3.231524365231626,-0.2572902155894735,3.3427067025144623,-0.3790341975557858
340.0,3.2262834159546068,-0.25642754363936987,3.3395347823348267,-0.37710017251413375
342.0,3.223207694939008,-0.25613900253768807,3.3363614742253267,-0.3751359942127583
344.0,3.2201144855618784,-0.25584197959930194,3.3331870747800916,-0.3731414435879236
346.0,3.2170036610659505,-0.25553634148014354,3.3300118862518095,-0.37111630362769493
348.0,3.2138750937874536,-0.2552219526910074,3.326836216580446,-0.3690603594916369
350.0,3.2107286551546843,-0.25489867556061974,3.323660379419902,-0.366973398632717
352.0,3.2075642156868125,-0.2545663701980395,3.3204846941624906,-0.36485521092139767
354.0,3.204381644992923,-0.25422489445437796,3.3173094859611836,-0.36270558877189885
356.0,3.201180811771301,-0.25387410388382453,3.312807727220731,-0.3635613307171339
358.0,3.1979615838089632,-0.2535138517039658,3.30811165113732,-0.3647577409131159
360.0,3.194723827981473,-0.2531439887553862,3.303365481705097,-0.3659591780719773
362.0,3.184424863749254,-0.25653809311570014,3.2985684313326233,-0.3671656026198691
364.0,3.1739087717330556,-0.2600202425340506,3.2937196962075186,-0.36837697167433014
366.0,3.163168649281628,-0.2635937957242606,3.288818455886687,-0.36959323889331286
368.0,3.1521972997295817,-0.26726228021866816,3.2838638728744014,-0.37081435431747634
370.0,3.1409872166750925,-0.27102940290303384,3.2788550921878223,-0.37204026420543324
372.0,3.129530567245013,-0.2748990613377378,3.2737912409095045,-0.373270910861614
374.0,3.1178191742711,-0.2788753559336829,3.2686714277264945,-0.3745062324563994
376.0,3.1058444972944836,-0.28296260305811627,3.2634947424555234,-0.37574616283815226
378.0,3.09359761230828,-0.2871653491531652,3.2582602555538296,-0.3769906313367597
380.0,3.081069190140333,-0.29148838595831267,3.2529670176151444,-0.37823956255828045
382.0,3.0759107767564724,-0.29405122808076384,3.247614058850282,-0.37949287617026606
384.0,3.0707060359979033,-0.2966502724340103,3.242200388551844,-0.38075048667730427
386.0,3.0654543820950564,-0.29928620853293486,3.2367249945424756,-0.38201230318631424
388.0,3.0601552203348517,-0.3019597422657993,3.231186842606078,-0.3832782291610868
390.0,3.054807946920349,-0.3046715963567631,3.2255848759014345,-0.384548162165551
392.0,3.049411948829086,-0.30742251084344757,3.219918014357578,-0.385821993595206
394.0,3.0439666036701323,-0.3102132435700921,3.214185154050302,-0.38709960839614155
396.0,3.0384712795399667,-0.31304457069687786,3.2083851665591263,-0.38838088477102567
398.0,3.032925334877238,-0.31591728722600854,3.2025168983040415,-0.3896656938714184
400.0,3.0273281183165075,-0.3188322075451726,3.1965791698613084,-0.39095389947572373
402.0,3.0192705970639304,-0.324859474572432,3.1905707752575694,-0.39224535765206464
404.0,3.0111231297396133,-0.3310322326346662,3.184490481241509,-0.3935399164053193
406.0,3.00288494776415,-0.33735481025729136,3.178337026532245,-0.39483741530752237
408.0,2.994555313537424,-0.34383168463376185,3.1721091210436287,-0.39613768511078307
410.0,2.9861335241154454,-0.3504674871188565,3.1658054450835778,-0.39744054734183487
412.0,2.9776189151757984,-0.35726700891656665,3.159424648527571,-0.3987458138772751
414.0,2.9690108652928275,-0.3642352069669152,3.153229772374428,-0.4018869835751917
416.0,2.9603088005451643,-0.371377210035739,3.147478271179087,-0.408525455990698
418.0,2.9515121994798688,-0.37869832501111395,3.141694930097439,-0.41530156097653126
420.0,2.9426205984591394,-0.3862040434096455,3.135880641623248,-0.422218612929693
422.0,2.9329040363557857,-0.3936498821861457,3.1300363751867164,-0.42928000763995766
424.0,2.9230627117597336,-0.4012934059556081,3.124163181528658,-0.43648922371721893
426.0,2.913095244716909,-0.4091412286919126,3.1182621972991766,-0.44384982397643596
428.0,2.90300029583633,-0.4172002239606537,3.1123346498911038,-0.4513654567716673
430.0,2.8927765726850168,-0.42547753610981753,3.106381862518807,-0.4590398572698392
432.0,2.882422836776409,-0.4339805919443051,3.100405259553213,-0.4668768486539966
434.0,2.871937911203285,-0.44271711290078203,3.094406372124291,-0.47488034324480616
436.0,2.8613206889704625,-0.45169512773906095,3.0883868440024287,-0.48305434352803006
438.0,2.850570142087242,-0.4609229857657927,3.082348437770455,-0.4914029430745562
440.0,2.839685331484611,-0.4704093706055972,3.076293041298273,-0.4999303273383495
442.0,2.834900019800193,-0.4778065968432325,3.070222674532247,-0.5086407743163729
444.0,2.8301243815072095,-0.48531342600178484,3.0641394966116873,-0.5175386550531182
446.0,2.8253598347810103,-0.49293136787790004,3.0580458133248363,-0.526628433970876
448.0,2.8206078494880136,-0.5006619399059969,3.0519440849168555,-0.5359146690052434
450.0,2.815869948616653,-0.5085066663251833,3.0458369342622724,-0.545402011523635
452.0,2.8111477097309505,-0.5164670772870774,3.039727155414265,-0.5550952060027043
454.0,2.806442766445833,-0.524544707901847,3.033617722542986,-0.5649990894385957
456.0,2.8017568099231918,-0.532741097219684,3.0275117992748553,-0.5751185904618354
458.0,2.797091590387544,-0.5410577871448711,3.021412748444329,-0.5854587281264121
460.0,2.792448918660026,-0.5494963212795123,3.0153241422691615,-0.5960246103402096
462.0,2.7776215517371683,-0.5669739632349554,3.009249772959456,-0.6068214319014108
464.0,2.7626474505524463,-0.5851512969050416,3.003193663769997,-0.6178544721028058
466.0,2.747536560808394,-0.6040607442915064,2.997160080504265,-0.6291290918630971
468.0,2.732300403182306,-0.6237362274563613,2.9911535434773375,-0.6406507303412998
470.0,2.71695224505238,-0.6442132107213411,2.9851788399433166,-0.6524249009871859
472.0,2.7015072890054896,-0.6655287379085828,2.979241036991219,-0.6644571869774244
474.0,2.68598287951867,-0.6877214631185415,2.973345494911156,-0.6767532359836211
476.0,2.6703987292620575,-0.7108316732685137,2.9674978810302437,-0.6893187542148588
478.0,2.6547771665117836,-0.734901300301975,2.96170418401492,-0.7021594996736209
480.0,2.6391434051811813,-0.7599739206207635,2.9559707286331487,-0.7152812745601173
482.0,2.63905719610771,-0.7692748061783449,2.950304190966397,-0.7286899167560723
484.0,2.6390610077389733,-0.7786217156380789,2.9447116140571112,-0.7423912903149774
486.0,2.6391561657957268,-0.7880136625398922,2.939200423972787,-0.7563912748816864
488.0,2.6393439893183874,-0.7974496249495073,2.9337784462624676,-0.7706957539600703
490.0,2.639625789712852,-0.806928545202036,2.9284539227756228,-0.7853106019432932
492.0,2.6400028697751985,-0.816449329670316,2.9232355288067597,-0.8002416698171338
494.0,2.6404765226957965,-0.8260108485591438,2.9181323905217984,-0.8154947694427572
496.0,2.6410480310434012,-0.8356119357265327,2.913605261186172,-0.8311532364044792
498.0,2.6417186657298486,-0.8452513885331404,2.917931500161187,-0.8484659780563285
500.0,2.6424896849560495,-0.8549279677210035,2.9226790824101583,-0.8658128779786862
502.0,2.6316045296673156,-0.8857914319563002,2.9278538151388886,-0.8831800225614875
504.0,2.6211973798116808,-0.9177952643647856,2.9334609545219337,-0.9005530354308349
506.0,2.6113329787093544,-0.9509687688262766,2.9395051696804835,-0.9179171010762239
508.0,2.6020812818871217,-0.9853394227609649,2.9459905075788213,-0.9352569914441863
510.0,2.593517697697707,-1.0209323891008495,2.9529203591012596,-0.9525570954900583
512.0,2.5857233066994527,-1.0577699665754443,2.960297426577082,-0.9698014516548724
514.0,2.578785051403547,-1.0958709744104786,2.968123693024248,-0.9869737832084238
516.0,2.5727958865848977,-1.135250068108048,2.976400393383108,-1.00405753637259
518.0,2.5678548788429914,-1.1759169838143024,2.985127988009017,-1.0210359211113376
520.0,2.5640672425193602,-1.2178757099392858,2.99430613868737,-1.0378919544457936
522.0,2.5707488348257184,-1.2462694999669668,3.003933687425991,-1.0546085061247112
524.0,2.578264820797424,-1.2748075245873725,3.0140086382680926,-1.0711683464529345
526.0,2.586634897063528,-1.3034583687675307,3.0245281423539643,-1.087554196053517
528.0,2.5958774681904093,-1.3321888657052714,3.0354884864413343,-1.1037487773133696
530.0,2.6060094920913435,-1.3609641402729062,3.0468850850729563,-1.1197348672380791
532.0,2.6170463243837694,-1.3897476667105657,3.058712476555599,-1.1354953514193562
534.0,2.6290015630629515,-1.418501341159798,3.0709643228874524,-1.1510132787987148
536.0,2.6418868949794185,-1.4471855694945814,3.083633413741212,-1.166271916893945
538.0,2.6557119457138376,-1.4757593707527061,3.0967116745781857,-1.181254807141019
540.0,2.670484134533288,-1.5041804962963863,3.1101901789349387,-1.1959458199935407
542.0,2.6797482432057627,-1.532863755991829,3.1240591648886817,-1.210329209415071
544.0,2.689862034416356,-1.5616728781001268,3.1383080556713656,-1.2243896663967386
546.0,2.700846176297074,-1.590577237974264,3.152925484365591,-1.2381123711337136
548.0,2.7127202344326595,-1.6195443862565362,3.167899322578592,-1.251483043499422
550.0,2.7255025183309507,-1.6485400678732376,3.183216712954212,-1.2644879914658147
552.0,2.7392099240965533,-1.677528254036228,3.1988641053474467,-1.2771141571315985
554.0,2.753857774392632,-1.7064711881244,3.214827296452287,-1.2893491600378455
556.0,2.7694596569189343,-1.7353294462373092,3.231091472641806,-1.3011813374717212
558.0,2.786027262774237,-1.764062013110788,3.24764125575014,-1.3125997814839272
560.0,2.803570226204973,-1.7926263739594643,3.2644607514995614,-1.3235943723734414
562.0,2.8427178748122417,-1.8392037662912355,3.281533600252782,-1.3341558084240053
564.0,2.8847467253165027,-1.8841794470736861,3.2988430297511155,-1.3442756317099975
566.0,2.929566362687564,-1.927299860064053,3.3163719094834923,-1.3539462498244415
568.0,2.9770575549869807,-1.9683174302219462,3.3341028063198226,-1.3631609534184084
570.0,3.0270726319467673,-2.0069945817250745,3.352018041034808,-1.3719139294784781
572.0,3.0794365293852937,-2.043107748949052,3.3700997453452577,-1.3802002703066394
574.0,3.133948505282297,-2.0764512521233516,3.3883299190850305,-1.388015978204594
576.0,3.1903845050739297,-2.106840907288221,3.4066904871470483,-1.3953579659012902
578.0,3.248500124943828,-2.134117245108222,3.425163355830975,-1.4022240527981837
580.0,3.3080340945164917,-2.1581482251397954,3.4437304682482215,-1.4086129571407864
582.0,3.3269718178598566,-2.1571452886930147,3.4623738584522896,-1.4145242842569972
584.0,3.3457629047808597,-2.1558713964005216,3.4810757039821145,-1.4199585110322754
586.0,3.364402982138428,-2.15433261854882,3.4998183765283972,-1.4249169668184716
588.0,3.382887914828575,-2.1525350654490545,3.518584490457661,-1.4294018109968858
590.0,3.401213802933352,-2.1504848781656767,3.537356948955402,-1.433416007436673
592.0,3.4193769785353405,-2.14818821956969,3.556118987577961,-1.4369632961068748
594.0,3.437374002222392,-2.145651265724681,3.5748542150319365,-1.4400481621140997
596.0,3.455201659307048,-2.1428801976122283,3.5935466510299108,-1.442675802448142
598.0,3.472856955784698,-2.1398811932017185,3.612180761101367,-1.4448520907246947
600.0,3.490337114054076,-2.136660419868097,3.6307414882675504,-1.4465835402178056
602.0,3.5506904134540003,-2.1496615986858667,3.6492142815185082,-1.4478772654750707
604.0,3.6113346489786595,-2.1592891795937517,3.667585121058869,-1.4487409428058275
606.0,3.6719929305440258,-2.1655618055301837,3.6858405403162595,-1.4491827699271296
608.0,3.7323957598307698,-2.168527389692598,3.7039676447319687,-1.4492114250441859
610.0,3.7922847001307343,-2.1682613241249316,3.721954127377541,-1.448836025631586
612.0,3.8514156281364333,-2.1648641788748555,3.739788281463083,-1.4480660871692415
614.0,3.9095614956009563,-2.158458991717402,3.757459009823243,-1.4469114820728566
616.0,3.9665145534613706,-2.1491882571608474,3.774955831484705,-1.4453823990431796
618.0,4.022088015868996,-2.137210725974417,3.79226888543486,-1.443489303041615
620.0,4.07611716506137,-2.122698123291354,3.809348072190752,-1.4410495137178525
622.0,4.104783493687515,-2.102757769057923,3.8253784427776867,-1.4346563770744043
624.0,4.132362707603902,-2.0824873408885383,3.8410702224154876,-1.428054443144113
626.0,4.1588754772051,-2.0619376862361767,3.856424711323728,-1.4212573089575584
628.0,4.1843441243914,-2.041156566757858,3.8714436631422595,-1.4142781471736996
630.0,4.208792352735105,-2.0201887169592667,3.886129250287666,-1.4071297007533135
632.0,4.232244998410281,-1.9990759182819597,3.9004840304854866,-1.3998242796756308
634.0,4.254727801635701,-1.9778570858442652,3.9145109145437904,-1.3923737595266115
636.0,4.2762671981494895,-1.9565683652998276,3.928213135418357,-1.384789581792505
638.0,4.296890130049249,-1.935243237530176,3.9415942186056143,-1.3770827556983956
640.0,4.316623875188718,-1.9139126291345414,3.9546579538869344,-1.3692638614381165
642.0,4.340715568458542,-1.8994936326988896,3.9674083684364168,-1.361343054649141
644.0,4.364112277535626,-1.88464672309457,3.979849701294254,-1.3533300719935972
646.0,4.386811900304705,-1.869407184559589,3.991986379198828,-1.3452342377143685
648.0,4.408814163887101,-1.8538094278010688,4.0038229937628635,-1.337064471043153
650.0,4.4301205061805025,-1.837886907589413,4.015364279972242,-1.3288292943453164
652.0,4.450733956444718,-1.821672052555162,4.026615095980309,-1.3205368418942736
654.0,4.470659016008832,-1.8051962066504832,4.037580404165641,-1.3121948691759118
656.0,4.489901540061249,-1.7884895816668873,4.048265253417156,-1.3038107626311672
658.0,4.508468621370139,-1.771581220146965,4.058674762607293,-1.2953915497522581
660.0,4.526368476670162,-1.7544989679896597,4.068814105211241,-1.2869439094551622
662.0,4.547885577443009,-1.718772297366902,4.07868849502838,-1.2784741826577617
664.0,4.567579797348716,-1.6836207214639463,4.088303172960569,-1.2699883829995664
666.0,4.585569981628982,-1.649094851283339,4.097663394801057,-1.2614922076451
668.0,4.601969748636169,-1.6152351193095673,4.1067744199872855,-1.2529910481188515
670.0,4.6168872357027455,-1.58207299891018,4.115641501270748,-1.2444900011251752
672.0,4.630424967491418,-1.5496321207989388,4.124269875257291,-1.2359938793116643
674.0,4.642679823273511,-1.517929287633898,4.132664753771786,-1.2275072219392964
676.0,4.653743082816532,-1.4869753900130154,4.140831316001802,-1.2190343054271109
678.0,4.6637005335518955,-1.4567762286466344,4.148774701375894,-1.2105791537433088
680.0,4.672632624402202,-1.4273332484678738,4.156500003133285,-1.2021455486184514
682.0,4.675790208269247,-1.4199478636285077,4.164012262542913,-1.19373703955996
684.0,4.678870549874733,-1.4125981113571373,4.171316463731246,-1.1853569536503061
686.0,4.681874935618845,-1.405284387892074,4.1784175290797005,-1.1770084051142338
688.0,4.684804637249216,-1.3980070652743446,4.18532031515404,-1.1686943046429987
690.0,4.687660911728756,-1.3907664920759986,4.1920296091296745,-1.160417368466051
692.0,4.690445001121588,-1.3835629941140155,4.19855012567837,-1.1521801271627616
694.0,4.693158132496307,-1.3763968751497926,4.204886504283516,-1.143984934208764
696.0,4.695801517845703,-1.369268417574188,4.21104330695264,-1.135833974253243
698.0,4.698376354022188,-1.362177883078127,4.2170250162974865,-1.1277292711250837
700.0,4.700883822688128,-1.3551255133087972,4.222836033953508,-1.1196726955671852
702.0,4.706597588575468,-1.3260362762425666,4.228480679312196,-1.1116659726994864
704.0,4.711504223384316,-1.2978204610597974,4.233963188541092,-1.1037106892123327
706.0,4.715671283079822,-1.2704584114892834,4.239287713867868,-1.0958083002927703
708.0,4.719161033910737,-1.2439291288253036,4.244458323106185,-1.087960136287173
710.0,4.722030825824941,-1.2182106344125567,4.249478999402473,-1.0801674091043159
712.0,4.724333449268605,-1.1932802759557524,4.25435364118399,-1.072431218363627
714.0,4.726117473746649,-1.1691149850472022,4.2590860622898985,-1.0647525572938445
716.0,4.727427567239826,-1.1456914924722323,4.263679992268127,-1.0571323183877388
718.0,4.728304796126645,-1.1229865070833065,4.268139076822105,-1.0495712988189143
720.0,4.7287869056774845,-1.1009768633326587,4.272466878392398,-1.0420702056269702
722.0,4.727022991245172,-1.087740983249708,4.276666876859425,-1.0346296606775245
724.0,4.725203261118105,-1.0747862600609634,4.280742470354309,-1.027250205403766
726.0,4.723332263312541,-1.062104768998846,4.284696976165957,-1.0199323053363087
728.0,4.721414258867619,-1.0496888411447045,4.288533631733215,-1.012676354428184
730.0,4.719453240209933,-1.0375310554527812,4.292255595711915,-1.0054826791818476
732.0,4.7174529482846825,-1.0256242308911792,4.295865949107276,-0.9983515425850592
734.0,4.715416888539907,-1.0139614187189452,4.299367696462942,-0.991283147862462
736.0,4.713348345844088,-1.0025358949147756,4.3027637670985985,-0.9842776420496361
738.0,4.711250398411657,-0.9913411527697195,4.306057016388756,-0.9773351193962966
740.0,4.7091259308055635,-0.9803708956535655,4.309250227075896,-0.9704556246052249
742.0,4.709708603960576,-0.9696746912885716,4.312346110611763,-0.9636391559133946
744.0,4.710175878000775,-0.959146812577842,4.315347308521031,-0.9568856680216095
746.0,4.710533015797259,-0.9487848574645783,4.318256393782234,-0.9501950748788521
748.0,4.710785064605833,-0.9385864003759423,4.321075872221106,-0.9435672523273633
750.0,4.710936864150613,-0.9285489982503554,4.323808183912066,-0.9370020406143303
752.0,4.710993054488919,-0.9186701960514027,4.326455704583901,-0.9304992467758831
754.0,4.710958083653182,-0.9089475318038227,4.329020747026103,-0.9240586468989417
756.0,4.710836215067093,-0.899378541184993,4.331505562492629,-0.9176799882662681
758.0,4.710631534734674,-0.8899607617033144,4.333912342100217,-0.911362991389919
760.0,4.710347958202038,-0.8806917364929857,4.336243218218628,-0.9051073519381089
762.0,4.707162111163196,-0.86490692091208,4.338500265850526,-0.8989127425603207
764.0,4.703906577181839,-0.8496136364248352,4.340685503998897,-0.8927788146153337
766.0,4.700591720432174,-0.8347917675864871,4.342800897020164,-0.8867051998066564
768.0,4.69722692709796,-0.8204221379014961,4.34484835596141,-0.8806915117296915
770.0,4.693820695960871,-0.8064864671962797,4.346829739880228,-0.874737347334788
772.0,4.690380720301793,-0.7929673300328918,4.348746857145985,-0.8688422883101704
774.0,4.6869139619778935,-0.7798481153356646,4.3506014667214234,-0.8630059023885822
776.0,4.6834267184512575,-0.767112987354276,4.352395279423654,-0.8572277445813145
778.0,4.679924683466234,-0.754746848047285,4.354129959163762,-0.851507358343145
780.0,4.676413002002046,-0.7427353009383323,4.355807124164384,-0.8458442766715626
782.0,4.6725725497870565,-0.7395280257013727,4.357428348154673,-0.8402380231435054
784.0,4.668783045461278,-0.73634314440551,4.358995161542275,-0.8346881128927041
786.0,4.665043573747638,-0.7331805336706666,4.360509052561933,-0.8291940535305893
788.0,4.66135323948412,-0.7300400671872959,4.361971468400482,-0.8237553460135807
790.0,4.657711167116189,-0.7269216159440953,4.363383816298086,-0.8183714854594627
792.0,4.654116500203183,-0.7238250484440554,4.3647474646255855,-0.8130419619154204
794.0,4.650568400938195,-0.7207502309093955,4.366063743937959,-0.8077662610801942
796.0,4.647066049681169,-0.7176970274759497,4.367333948003913,-0.8025438649827
798.0,4.643608644504754,-0.7146653003774999,4.368559334811665,-0.797374252619355
800.0,4.64019540075262,-0.7116549101205516,4.369741127551074,-0.7922569005522334
802.0,4.639855762334402,-0.7021364107152854,4.370880515572283,-0.7871912834700983
804.0,4.639414697226222,-0.6928036896709637,4.371978655321063,-0.7821768747142323
806.0,4.638878195095037,-0.683653146178644,4.373036671251132,-0.77721314677092
808.0,4.6382519408791225,-0.6746811846116989,4.374055656713693,-0.772299571732335
810.0,4.637541329216694,-0.6658842224431568,4.375036674824496,-0.7674356217275029
812.0,4.6367514783174135,-0.6572586972652531,4.375980759308751,-0.7626207693249285
814.0,4.635887243280527,-0.6488010729895167,4.376888915324231,-0.7578544879084039
816.0,4.634953228866137,-0.6405078452997894,4.3777621202628945,-0.753136252027432
818.0,4.633953801728685,-0.6323755464250296,4.378601324531448,-0.7484655377236353
820.0,4.632893102123498,-0.6244007492935321,4.3794074523111695,-0.7438418228344504
822.0,4.628634807517083,-0.618952989413628,4.380181402297425,-0.7392645872753392
824.0,4.624455138305395,-0.6135993059485577,4.380924048419269,-0.7347333133016987
826.0,4.620351942306895,-0.6083372871882664,4.381636240539527,-0.7302474857515773
828.0,4.616323144996253,-0.6031646030069517,4.381673551857299,-0.7262608594345937
830.0,4.612366746040515,-0.5980790014487838,4.381425317350526,-0.7225074408550586
832.0,4.608480816018714,-0.5930783054833236,4.381171825003928,-0.7187909758910572
834.0,4.604663493313617,-0.5881604099208942,4.3809132631985515,-0.7151109447456195
836.0,4.600912981165274,-0.5833232784788102,4.380649814607433,-0.7114668368685942
838.0,4.597227544876586,-0.5785649409899349,4.380381656378137,-0.7078581507635848
840.0,4.5936055091618515,-0.5738834907455952,4.3801089603089345,-0.7042843937993275
842.0,4.590076817041879,-0.5695307954181544,4.3798318930188795,-0.7007450820254149
844.0,4.5866070064717155,-0.5652433242232913,4.37955061611198,-0.6972397399922521
846.0,4.583194624885483,-0.5610196293381473,4.379265286335715,-0.6937679005751564
848.0,4.579838266847899,-0.5568583052429955,4.378976055734106,-0.6903291048024938
850.0,4.576536572167359,-0.5527579871966541,4.378683071795525,-0.6869229016877612
852.0,4.573288224098523,-0.5487173497769203,4.378386477595468,-0.6835488480655183
854.0,4.570091947629581,-0.5447351054828424,4.378086411934458,-0.6802065084310778
856.0,4.566946507849538,-0.5408100033958162,4.377783009471268,-0.6768954547838655
858.0,4.563850708391251,-0.5369408278966521,4.377476400851638,-0.6736152664743579
860.0,4.560803389946127,-0.5331263974359295,4.377166712832638,-0.6703655300545167
862.0,4.561073500950177,-0.5279872451944346,4.3768540684028645,-0.667145839131632
864.0,4.561290526239946,-0.5229081494263902,4.376538586898599,-0.6639557942254967
866.0,4.5614562969287915,-0.517888776183839,4.3762203841160785,-0.6607950026288235
868.0,4.561572593359298,-0.5129287649971915,4.37589957242004,-0.6576630782708389
870.0,4.561641146020896,-0.508027730863866,4.375576260848645,-0.6545596415839636
872.0,4.561663636489309,-0.5031852661394539,4.375250555214933,-0.6514843193735139
874.0,4.561641698383762,-0.4984009423348279,4.374922558204936,-0.6484367446903522
876.0,4.561576918338264,-0.4936743118225856,4.374592369472556,-0.6454165567064034
878.0,4.561470836983529,-0.4890049094561964,4.374260085731315,-0.6424234005929838
880.0,4.561324949936435,-0.48439225410517484,4.373925800843135,-0.6394569274018624
882.0,4.557777843878468,-0.48276709084623476,4.373589605904196,-0.6365167939489944
884.0,4.5542796750926975,-0.48114005522927583,4.373251589328009,-0.6336026627008592
886.0,4.55082964036686,-0.4795115894915547,4.372911836925808,-0.6307142016633425
888.0,4.547426949439466,-0.47788211715129675,4.37257043198432,-0.6278510842731001
890.0,4.5440708248978,-0.47625204370269264,4.372227455341047,-0.6250129892913402
892.0,4.540760502068013,-0.474621757286268,4.37188298545713,-0.6221996006999722
894.0,4.53749522889804,-0.47299162933542177,4.371537098487856,-0.6194106076000574
896.0,4.53427426583411,-0.47136201519991167,4.37118986835094,-0.6166457041125143
898.0,4.531096885691455,-0.4697332547470496,4.370841366792617,-0.6139045892810141
900.0,4.527962373519902,-0.46810567294134414,4.37049166345163,-0.6111869669770235
902.0,4.525311152466821,-0.46296986543606305,4.370140825921212,-0.6084925458069365
904.0,4.522694614678147,-0.45794172522236304,4.369788919809077,-0.6058210390212467
906.0,4.520112274111717,-0.4530179994723978,4.369436008795559,-0.603172164425713
908.0,4.5175636430294634,-0.44819556164408736,4.369082154689902,-0.6005456442944677
910.0,4.515048233035024,-0.44347140556599174,4.368727417484782,-0.5979412052850213
912.0,4.512565556000582,-0.4388426398430861,4.368371855409151,-0.5953585783551207
914.0,4.510115124893362,-0.43430648256386656,4.368015524979414,-0.5927974986814146
916.0,4.507696454511258,-0.42986025629051805,4.3676584810490215,-0.5902577055798802
918.0,4.505309062136098,-0.4255013833150955,4.367300776856531,-0.5877389424279766
920.0,4.502952468112351,-0.4212273811658018,4.366942464072178,-0.5852409565884733
922.0,4.500245411870242,-0.4184938507653028,4.366583592843019,-0.5827634993349263
924.0,4.497581655644438,-0.4157945460971031,4.3662242118366805,-0.5803063257787501
926.0,4.494960192993061,-0.4131288523783774,4.365864368283769,-0.5778691947978554
928.0,4.492380047819597,-0.4104961686950851,4.3655041080189925,-0.5754518689668152
930.0,4.48984027325703,-0.4078959076447175,4.365143475521019,-0.5730541144885196
932.0,4.487339950600158,-0.40532749498839293,4.364782513951128,-0.5706757011272862
934.0,4.4848781882836235,-0.40279036931212375,4.36442126519069,-0.5683164021433903
936.0,4.482454120903503,-0.40028398169707213,4.364059769877516,-0.5659759942289854
938.0,4.480066908280261,-0.3978077953986074,4.363698067441098,-0.563654257445375
940.0,4.477715734561141,-0.3953612855339735,4.363336196136814,-0.5613509751616096
942.0,4.477749142470136,-0.39407814547681913,4.362974193079075,-0.5590659339943738
944.0,4.477778282494167,-0.39280006849506055,4.362612094273507,-0.5567989237491383
946.0,4.477803204777395,-0.39152704454565684,4.362249934648162,-0.5545497373625388
948.0,4.477823958996257,-0.39025906334593186,4.36188774808379,-0.5523181708459629
950.0,4.477840594362263,-0.38899611437970316,4.361525567443234,-0.5501040232303106
952.0,4.477853159624814,-0.3877381869033121,4.361163424599935,-0.5479070965119015
954.0,4.477861703074054,-0.3864852699515547,4.360801350465594,-0.5457271955995059
956.0,4.477866272543717,-0.385237352343513,4.360439375017045,-0.5435641282624702
958.0,4.477866915414028,-0.38399442268829104,4.3600775273222965,-0.5414177050799113
960.0,4.4778636786145904,-0.3827564693906533,4.359715835565845,-0.5392877393909574
962.0,4.475656730389977,-0.37931203602564617,4.359354327073225,-0.537174047246011
964.0,4.473480946253591,-0.37592825940237456,4.358993028334857,-0.5350764473590081
966.0,4.471335698643092,-0.37260356910059,4.358631965029191,-0.5329947610606529
968.0,4.469220375670521,-0.36933644790249326,4.358271162045175,-0.5309288122526059
970.0,4.467134380688393,-0.3661254295795712,4.357910643504093,-0.5288784273626017
972.0,4.465077131866809,-0.36296909678803396,4.357550432780737,-0.5268434353004771
974.0,4.463048061781584,-0.35986607906674367,4.357190552524005,-0.5248236674150885
976.0,4.4610466170132845,-0.35681505093190063,4.356831024676873,-0.5228189574520979
978.0,4.45907225775703,-0.35381473006312314,4.356471870495819,-0.5208291415126066
980.0,4.457124457442946,-0.3508638755758861,4.356113110569675,-0.5188540580126214
982.0,4.454985373183437,-0.35002352237438306,4.355754764837939,-0.516893547643329
984.0,4.452869470353233,-0.3491797562486609,4.355396852608589,-0.5149474533321667
986.0,4.450776468029699,-0.3483327971037466,4.355039392575347,-0.513015620204665
988.0,4.44870608803928,-0.3474828581786133,4.3546824028344915,-0.51109789554705
990.0,4.446658054979551,-0.3466301462262119,4.354325900901172,-0.509194128769585
992.0,4.444632096238047,-0.3457748616891063,4.3539699037252735,-0.5073041713706393
994.0,4.442627942008026,-0.34491719887079164,4.353614427706821,-0.5054278769014602
996.0,4.440645325301377,-0.3440573461027738,4.353259488710967,-0.5035651009316428
998.0,4.438683981958775,-0.3431954859074935,4.352905102082541,-0.5017157010152722
1000.0,4.4367436506572755,-0.3423317951571719,4.352551282660193,-0.4998795366577311
1002.0,4.4350211779594515,-0.3396417003973335,4.352198044790165,-0.49805646928315417
1004.0,4.433320935573326,-0.33699318973120734,4.351845402339634,-0.49624636220251256
1006.0,4.431642507586719,-0.33438531380324166,4.351493368709728,-0.49444908058232256
1008.0,4.429985488014995,-0.33181715173307436,4.351141956848158,-0.49266449141395635
1010.0,4.428349480522636,-0.32928781006287894,4.350791179261485,-0.4908924634835458
1012.0,4.426734098153325,-0.3267964217507741,4.350441048027082,-0.48913286734246664
1014.0,4.425138963068262,-0.3243421452079789,4.3500915748047415,-0.4873855752783904
1016.0,4.423563706292466,-0.3219241633775232,4.349742770847964,-0.48565046128688727
1018.0,4.422007967468847,-0.31954168285244766,4.349394647014944,-0.4839274010435756
1020.0,4.420471394619803,-0.317193933031546,4.349047213779245,-0.4822162718767997
1022.0,4.418890418462943,-0.31586166859659887,4.348700481240193,-0.4805169527408277
1024.0,4.417328266466835,-0.3145393249350283,4.348354459132974,-0.4788293241895576
1026.0,4.415784623700336,-0.3132268145732471,4.348009156838461,-0.4771532683507204
1028.0,4.41425918188213,-0.3119240504231324,4.347664583392769,-0.47548866890057073
1030.0,4.412751639213877,-0.31063094580793404,4.347320747496563,-0.47383541103905125
1032.0,4.411261700218146,-0.30934741448635605,4.346977657524091,-0.4721933814654261
1034.0,4.409789075580974,-0.30807337067491475,4.346635321531987,-0.4705624683543682
1036.0,4.408333481998901,-0.3068087290686625,4.346293747267839,-0.46894256133249396
1038.0,4.406894642030333,-0.3055534048603648,4.345952942178512,-0.4673335514553345
1040.0,4.405472283951127,-0.30430731375821535,4.3456129134182495,-0.46573533118473537
1042.0,4.4039050409072615,-0.30277539853730734,4.3452736678565715,-0.46414779436667347
1044.0,4.402358209093487,-0.30125810647136747,4.3449352120859395,-0.46257083620948547
1046.0,4.400831405995822,-0.29975524316169566,4.344597552429227,-0.46100435326249667
1048.0,4.399324258329802,-0.29826661726387577,4.344260694946989,-0.4594482433950423
1050.0,4.397836401770625,-0.29679204044150653,4.343924645444536,-0.45790240577587454
1052.0,4.396367480692469,-0.29533132732011824,4.343589409478816,-0.4563667408529457
1054.0,4.394917147916686,-0.29388429544133265,4.343254992365116,-0.4548411503335595
1056.0,4.3934850644684875,-0.29245076521729896,4.342921399183589,-0.4533255371648849
1058.0,4.39207089934179,-0.29103055988544585,4.342588634785594,-0.4518198055148226
1060.0,4.3906743292719606,-0.28962350546358445,4.342256703799884,-0.4503238607532178
1062.0,4.389493363502689,-0.2879787867924213,4.341925610638623,-0.448837609433413
1064.0,4.388325386481645,-0.28635263843498704,4.341595359503232,-0.4473609592741327
1066.0,4.38717018519569,-0.2847447477148166,4.341265954390111,-0.44589381914169285
1068.0,4.386027551262007,-0.28315480893429545,4.3409373990961715,-0.4444360990325306
1070.0,4.3848972808030275,-0.2815825231810739,4.340609697224252,-0.4429877100560443
1072.0,4.3837791743253876,-0.28002759814088873,4.340282852188381,-0.441548564417742
1074.0,4.3826730366027755,-0.2784897479165453,4.339956867218904,-0.4401185754026868
1076.0,4.3815786765624845,-0.2769686928528245,4.339631745367463,-0.4386976573592383
1078.0,4.380495907175612,-0.27546415936709334,4.339307489511868,-0.43728572568308
1080.0,4.379424545350661,-0.27397587978539656,4.33898410236083,-0.4358826968015293
1082.0,4.379098001491055,-0.2735685324380174,4.338661586458558,-0.4344884881581245
1084.0,4.3787725062436635,-0.2731623914307183,4.338339944189263,-0.4331030181974809
1086.0,4.378448054584072,-0.27275745142749025,4.338019177781514,-0.43172620635041287
1088.0,4.378124641519818,-0.27235370712365575,4.337699289312512,-0.43035797301931644
1090.0,4.377802262090117,-0.27195115324563823,4.337380280712221,-0.428998239563806
1092.0,4.377480911365628,-0.2715497845507367,4.337062153767421,-0.42764692828659995
1094.0,4.377160584448197,-0.2711495958268994,4.336744910125633,-0.4263039624196534
1096.0,4.376841276470615,-0.2707505818925022,4.3364285512989555,-0.42496926611052804
1098.0,4.376522982596375,-0.2703527375961269,4.3361130786677995,-0.42364276440899923
1100.0,4.3762056980194295,-0.2699560578163417,4.335798493484527,-0.4223243832538928
1102.0,4.375201427509048,-0.26857839734384603,4.335484796876979,-0.4210140494601468
1104.0,4.374207241268113,-0.2672147260381863,4.335171989851951,-0.4197116907060978
1106.0,4.3732229881776705,-0.26586483190958543,4.334860073298542,-0.41841723552098087
1108.0,4.372248520122994,-0.26452850722984306,4.334549047991424,-0.41713061327264395
1110.0,4.371283691919307,-0.26320554842579086,4.334238914594056,-0.41585175415547365
1112.0,4.370328361239687,-0.26189575597592335,4.333929673661763,-0.41458058917851986
1114.0,4.369382388545103,-0.26059893431010384,4.333621325644797,-0.41331705015382786
1116.0,4.368445637016497,-0.25931489171223193,4.333313870891273,-0.41206106968496276
1118.0,4.367517972488824,-0.2580434402257758,4.333007309650046,-0.41081258115572844
1120.0,4.366599263387031,-0.2567843955620681,4.332701642073517,-0.4095715187190764
1122.0,4.3655693160545335,-0.2560429978010848,4.3323968682203695,-0.40833781728619967
1124.0,4.364548934184845,-0.25530470381385384,4.332092988058217,-0.4071114125158094
1126.0,4.363537998691752,-0.25456951302821257,4.331790001466215,-0.4058922408035899
1128.0,4.3625363922769855,-0.25383742431312767,4.331487908237576,-0.4046802392718291
1130.0,4.361543999400146,-0.25310843599970323,4.331186708082036,-0.4034753457592209
1132.0,4.360560706249129,-0.2523825459015063,4.330886400628259,-0.4022774988108359
1134.0,4.359586400711087,-0.25165975133423535,4.330586985426169,-0.40108663766825875
1136.0,4.358620972343879,-0.2509400491347484,4.330288461949237,-0.3999027022598869
1138.0,4.3576643123480485,-0.2502234356794766,4.3299908295967,-0.3987256331913881
1140.0,4.3567163135392555,-0.2495099069022373,4.3296940876957235,-0.3975553717363169
1142.0,4.355733185724532,-0.2484664730973504,4.329398235503519,-0.3963918598268802
1144.0,4.3547603768169045,-0.24743144861788097,4.329103272209395,-0.3952350400448582
1146.0,4.353797729775671,-0.246404736525149,4.328809196936767,-0.3940848556126695
1148.0,4.352845090656906,-0.24538624127410286,4.328516008745112,-0.39294125038458255
1150.0,4.351902308539018,-0.24437586869083944,4.328223706631858,-0.39180416883806846
1152.0,4.350969235450418,-0.24337352595047015,4.327932289534267,-0.39067355606529564
1154.0,4.35004572629921,-0.24237912155533392,4.327641756331224,-0.3895493577647587
1156.0,4.349131638804858,-0.24139256531355174,4.327352105845007,-0.38843152023304384
1158.0,4.348226833431741,-0.24041376831792197,4.3270633368430085,-0.3873199903567248
1160.0,4.3473311733245605,-0.23944264292515302,4.326775448039403,-0.38621471560438975
1162.0,4.3463774980296455,-0.23870833588888443,4.326488438096794,-0.385115644018795
1164.0,4.345433016875638,-0.2379774946253136,4.326202305627797,-0.3840227242091428
1166.0,4.344497610274702,-0.23725011123168596,4.325917049196589,-0.3829359053434829
1168.0,4.343571160530645,-0.23652617736765413,4.325632667320428,-0.3818551371412331
1170.0,4.34265355180489,-0.23580568427471976,4.325349158471125,-0.3807803698658206
1172.0,4.341744670083153,-0.23508862279499274,4.3250665210764785,-0.3797115543174354
1174.0,4.340844403142712,-0.23437498338928983,4.3247847535216835,-0.3786486418259021
1176.0,4.339952640520345,-0.23366475615459392,4.324503854150687,-0.37759158424365985
1178.0,4.339069273480845,-0.2329579308409002,4.324223821267528,-0.3765403339388545
1180.0,4.3381941949861735,-0.23225449686746316,4.323944653137628,-0.3754948437885375
1182.0,4.3373855360576306,-0.23146379115770388,4.323666347989066,-0.37445506717197163
1184.0,4.3365843977786325,-0.23067806059894816,4.323388904013798,-0.37342095796403985
1186.0,4.335790681018442,-0.22989726380952896,4.323112319368871,-0.3723924705287571
1188.0,4.335004288309571,-0.22912135975744718,4.3228365921775875,-0.3713695597128825
1190.0,4.334225123814324,-0.22835030775971038,4.322561720530655,-0.37035218083962923
1192.0,4.333453093292082,-0.22758406748154236,4.322287702487288,-0.36934028970247257
1194.0,4.332688104067365,-0.22682259893546855,4.322014536076303,-0.3683338425590523
1196.0,4.3319300649986285,-0.22606586248028493,4.321742219297175,-0.3673327961251688
1198.0,4.33117888644778,-0.22531381881991613,4.321470750121061,-0.3663371075688705
1200.0,4.330434480250377,-0.22456642900217308,4.321200126491816,-0.3653467345046327
1202.0,4.3296822324800095,-0.22386058729905392,4.320930346326965,-0.3643616349876235
1204.0,4.328936690207954,-0.22315872846229298,4.320661407518659,-0.36338176750805845
1206.0,4.328197769760342,-0.22246082483948015,4.320393307934612,-0.3624070909856389
1208.0,4.327465388779067,-0.22176684891446377,4.320126045418996,-0.36143756476407646
1210.0,4.326739466197199,-0.2210767733101137,4.319859617793338,-0.3604731486056982
1212.0,4.326019922214945,-0.22039057079090893,4.3195940228573715,-0.3595138026861342
1214.0,4.325306678276099,-0.21970821426535353,4.319329258389885,-0.35855948758908446
1216.0,4.3245996570450105,-0.21902967678823076,4.319065322149536,-0.3576101643011645
1218.0,4.323898782384034,-0.2183549315627014,4.318802211875645,-0.35666579420682737
1220.0,4.323203979331436,-0.21768395194225215,4.318539925288986,-0.3557263390833621
1222.0,4.322436839720692,-0.21709672914215103,4.31827846009253,-0.3547917610959662
1224.0,4.321676418954875,-0.2165117915144185,4.31801781397219,-0.353862022792891
1226.0,4.320922639106823,-0.21592913878454745,4.317757984597543,-0.35293708710065996
1228.0,4.320175423328754,-0.2153487703207685,4.317498969622525,-0.35201691731935597
1230.0,4.319434695835743,-0.2147706851464216,4.317240766686123,-0.3511014771179805
1232.0,4.3187003818893945,-0.21419488195195244,4.316983373413035,-0.3501907305298781
1234.0,4.317972407781814,-0.21362135910655514,4.316726787414319,-0.34928464194823067
1236.0,4.317250700819811,-0.21305011466946688,4.316471006288022,-0.3483831761216158
1238.0,4.316535189309347,-0.21248114640092433,4.316216027619811,-0.3474862981496319
1240.0,4.315825802540241,-0.2119144517727958,4.31596275461082,-0.3465821026538651
1242.0,4.315161767303788,-0.21128820460599984,4.315727186204729,-0.34545823220920785
1244.0,4.314503417270023,-0.21066522446712369,4.315491849661089,-0.34434140050787404
1246.0,4.313850684925436,-0.21004549136642012,4.315256754008026,-0.3432315435902365
1248.0,4.31320350375961,-0.20942898536934165,4.315021908031284,-0.3421285982459954
1250.0,4.312561808247643,-0.2088156865996859,4.314787320279778,-0.34103250200359053
1252.0,4.311925533832916,-0.20820557524258998,4.314552999071061,-0.3399431931197872
1254.0,4.311294616910223,-0.20759863154738176,4.3143189524966346,-0.338860610569431
1256.0,4.310668994809191,-0.20699483583028713,4.314085188427135,-0.33778469403536787
1258.0,4.310048605778082,-0.20639416847700873,4.313851714517405,-0.336715383898528
1260.0,4.309433388967861,-0.20579660994516882,4.313618538211438,-0.3356526212281704
1262.0,4.30871848347202,-0.20528534032908197,4.31338566674722,-0.33459634777228414
1264.0,4.30800968743111,-0.2047755871607378,4.313153107161429,-0.333546505948144
1266.0,4.307306934037778,-0.2042673593726888,4.312920866294055,-0.33250303883301874
1268.0,4.306610157322729,-0.2037606654311058,4.312688950792889,-0.33146589015502675
1270.0,4.305919292143899,-0.20325551334889555,4.312457367117927,-0.3304350042841409
1272.0,4.305234274175768,-0.20275191069848106,4.312226121545647,-0.3294103262233338
1274.0,4.304555039898763,-0.20224986462424296,4.311995220173209,-0.32839180159986686
1276.0,4.303881526588785,-0.20174938185464097,4.311764668922537,-0.32737937665671657
1278.0,4.303213672306841,-0.20125046871401336,4.311534473544326,-0.32637299824413774
1280.0,4.302551415888805,-0.20075313113407434,4.311304639621938,-0.32537261381136
1282.0,4.302082488368393,-0.20013407046878262,4.311075172575217,-0.3243781713984167
1284.0,4.301616979082607,-0.19951876786772005,4.310846077664217,-0.3233896196281013
1286.0,4.301154851448798,-0.1989071897121383,4.310617359992834,-0.32240690769805225
1288.0,4.300696069396856,-0.19829930277615837,4.310389024512366,-0.32142998537296125
1290.0,4.300240597360391,-0.19769507422116953,4.3101610760249836,-0.32045880297690477
1292.0,4.299788400268071,-0.1970944715903225,4.309933519187121,-0.3194933113857954
1294.0,4.299339443535147,-0.19649746280311314,4.309706358512793,-0.31853346201995114
1296.0,4.298893693055148,-0.19590401615005512,4.3094795983768295,-0.3175792068367806
1298.0,4.298451115191744,-0.19531410028744264,4.309253243018046,-0.31663049832358353
1300.0,4.298011676770771,-0.19472768423219713,4.309027296542324,-0.31568728949046193
1302.0,4.297381083118217,-0.19429768069295977,4.308801762925647,-0.3147495338633411
1304.0,4.29675547380724,-0.19386859855803923,4.308576646017038,-0.31381718547710047
1306.0,4.296134799841054,-0.19344044937971275,4.308351949541452,-0.3128901988688094
1308.0,4.295519012754122,-0.1930132443109421,4.308127677102595,-0.31196852907106754
1310.0,4.2949080646067594,-0.1925869941148926,4.307903832185677,-0.3110521316054477
1312.0,4.294301907979801,-0.19216170917423753,4.307680418160102,-0.31014096247604056
1314.0,4.293700495969237,-0.19173739950025248,4.307457438282104,-0.3092349781630974
1316.0,4.293103782180925,-0.19131407474170614,4.307234895697314,-0.3083341356167702
1318.0,4.292511720725303,-0.19089174419355037,4.307012793443282,-0.3074383922509485
1320.0,4.291924266212123,-0.1904704168054136,4.306791134451918,-0.30654770593718883
1322.0,4.291401417470403,-0.19004375120363218,4.306569921551914,-0.30566203499873845
1324.0,4.290882417865098,-0.18961845255477455,4.306349157471077,-0.30478133820464776
1326.0,4.290367230416584,-0.18919452089398323,4.306128844838625,-0.3039055747639737
1328.0,4.289855818564568,-0.18877195610706649,4.305908986187433,-0.3030347043200701
1330.0,4.2893481461628795,-0.18835075793470815,4.305689583956229,-0.30216868694496524
1332.0,4.288844177474373,-0.18793092597657776,4.305470640491731,-0.30130748313382233
1334.0,4.288343877165861,-0.18751245969533917,4.30525215805075,-0.3004510537994858
1336.0,4.287847210303113,-0.18709535842056244,4.305034138802227,-0.2995993602671073
1338.0,4.287354142345926,-0.18667962135254035,4.304816584829251,-0.29875236426885404
1340.0,4.286864639143247,-0.18626524756601295,4.304599498131009,-0.29791002793869514
1342.0,4.286362281803879,-0.18585188068367092,4.304382880624698,-0.2970723138072659
1344.0,4.285863606785389,-0.1854398138366751,4.30416673414741,-0.2962391847968099
1346.0,4.285368579027251,-0.18502904733087588,4.303951060457946,-0.29541060421619453
1348.0,4.284877163861277,-0.1846195813263148,4.303735861238619,-0.2945865357560017
1350.0,4.284389327006872,-0.18421141584124748,4.303521138097001,-0.29376694348369115
1352.0,4.283905034566328,-0.18380455075606783,4.303306892567633,-0.29295179183883513
1354.0,4.283424253020179,-0.18339898581714048,4.303093126113699,-0.2921410456284228
1356.0,4.282946949222607,-0.18299472064054004,4.302879840128667,-0.29133467002223545
1358.0,4.282473090396911,-0.18259175471570305,4.3026670359378825,-0.2905326305482879
1360.0,4.282002644131017,-0.18219008740898976,4.302454714800143,-0.2897348930883378
1362.0,4.281566414448516,-0.18176247530180917,4.302242877909222,-0.28894142387346033
1364.0,4.281133287263829,-0.18133656957321917,4.302031526395371,-0.28815218947968824
1366.0,4.280703232692539,-0.18091236319305648,4.301820661326778,-0.2873671568237138
1368.0,4.280276221203873,-0.18048984911701016,4.301610283711014,-0.28658629315865614
1370.0,4.279852223615855,-0.18006902028817567,4.301400394496411,-0.28580956606988683
1372.0,4.279431211090541,-0.1796498696385589,4.301190994573456,-0.2850369434709186
1374.0,4.2790131551293165,-0.1792323900905343,4.300982084776118,-0.28426839359935213
1376.0,4.278598027568273,-0.17881657455825828,4.300773665883165,-0.28350388501288204
1378.0,4.27818580057365,-0.1784024159490377,4.300565738619435,-0.2827433865853595
1380.0,4.277776446637341,-0.17798990716465585,4.300358303657111,-0.2819868675029136
1382.0,4.277341824466161,-0.177618171008499,4.300151361616929,-0.28123429726012555
1384.0,4.276910189532546,-0.17724755800153302,4.29994491306939,-0.28048564565626016
1386.0,4.276481515195393,-0.176878067806879,4.299738958535928,-0.27974088279154996
1388.0,4.276055775093111,-0.1765096999908559,4.299533498490063,-0.27899997906353247
1390.0,4.275632943140425,-0.17614245402554995,4.299328533358521,-0.2782629051634398
1392.0,4.275212993525241,-0.17577632929132758,4.2991240635223384,-0.27752963207264036
1394.0,4.274795900705514,-0.17541132507928958,4.298920089317936,-0.27680013105912915
1396.0,4.274381639406168,-0.17504744059367125,4.298716611038166,-0.27607437367406984
1398.0,4.2739701846160525,-0.17468467495418843,4.29851362893335,-0.2753523317483846
1400.0,4.273561511584929,-0.1743230271983295,4.29831114321228,-0.2746339773893922
1402.0,4.273123516776471,-0.17396450916324283,4.2981091540432095,-0.27391928297749324
1404.0,4.272688580251955,-0.17360696107512105,4.2979076615548095,-0.2732082211629027
1406.0,4.272256674871091,-0.17325038485496838,4.297706665837125,-0.27250076486242814
1408.0,4.271827773770219,-0.17289478229104274,4.297506166942479,-0.2717968872562914
1410.0,4.271401850359383,-0.17254015504201967,4.2973061648863995,-0.2710965617849977
1412.0,4.270978878319429,-0.17218650464008706,4.297106659648483,-0.27039976214624556
1414.0,4.270558831599114,-0.17183383249397577,4.296907651173268,-0.26970646229188117
1416.0,4.270141684412256,-0.17148213989192368,4.296709139371083,-0.2690166364248953
1418.0,4.269727411234911,-0.17113142800457798,4.29651112411887,-0.2683302589964607
1420.0,4.269315986802561,-0.17078169788783298,4.2963136052609965,-0.2676473047030109
1422.0,4.268946689210285,-0.1704239056106458,4.29611658261005,-0.26696774848336063
1424.0,4.26857982274298,-0.170067329373592,4.29592005594761,-0.2662915655158639
1426.0,4.268215366170053,-0.16971196577602476,4.295724025025006,-0.2656187312156126
1428.0,4.267853298484711,-0.1693578113845332,4.295528489564075,-0.26494922123167275
1430.0,4.2674935989013,-0.169004862734231,4.295333449257865,-0.2642830114443594
1432.0,4.267136246852656,-0.16865311633000984,4.295138903771367,-0.26362007796254805
1434.0,4.266781221987508,-0.16830256864776524,4.294944852742197,-0.2629603971210231
1436.0,4.266428504167897,-0.16795321613559008,4.2947512957812854,-0.2623039454778625
1438.0,4.266078073466644,-0.16760505521493888,4.294558232473545,-0.26165069981185796
1440.0,4.265729910164842,-0.16725808228176373,4.294365662378512,-0.2610006371199699
1442.0,4.265253454557458,-0.16693310240115675,4.294173585031001,-0.260353734614817
1444.0,4.26478048178273,-0.16660852350517447,4.293981999941719,-0.2597099697222001
1446.0,4.264310962093295,-0.1662843570609965,4.293790906597874,-0.2590693200786584
1448.0,4.263844865996494,-0.1659606142464016,4.293600304463783,-0.2584317635290605
1450.0,4.2633821642529695,-0.16563730595540915,4.293410192981455,-0.257797278124225
1452.0,4.262922827875266,-0.16531444280382038,4.293220571571161,-0.2571658421185764
1454.0,4.262466828126369,-0.16499203513465796,4.293031439632,-0.2565374339678296
1456.0,4.262014136518261,-0.1646700930235086,4.292842796542441,-0.2559120323267061
1458.0,4.261564724810426,-0.16434862628376665,4.292654641660865,-0.2552896160466822
1460.0,4.261118565008358,-0.16402764447178414,4.292466974326093,-0.2546701641737643
1462.0,4.260792425456035,-0.16378571602853592,4.292279793857894,-0.25405365594629686
1464.0,4.260468043599982,-0.16354410658125423,4.292093099557499,-0.2534400707927971
1466.0,4.260145408127547,-0.1633028193608357,4.291906890708081,-0.252829388329819
1468.0,4.25982450780257,-0.16306185752903904,4.291721166575247,-0.2522215883598467
1470.0,4.259505331464961,-0.1628212241795313,4.2915359264075095,-0.25161665086921386
1472.0,4.259187868030285,-0.1625809223389206,4.291351169436745,-0.25101455602605144
1474.0,4.258872106489339,-0.16234095496777348,4.291166894878649,-0.25041528417826253
1476.0,4.258558035907735,-0.16210132496161805,4.2909831019331754,-0.2498188158515227
1478.0,4.25824564542547,-0.16186203515193334,4.290799789784977,-0.24922513174730868
1480.0,4.257934924256512,-0.16162308830712466,4.29061695760382,-0.24863421274094946
1482.0,4.257553764853496,-0.1613162838873167,4.290434604545007,-0.24804603987970644
1484.0,4.257175167680177,-0.16101013117523041,4.290252729749777,-0.2474605943808756
1486.0,4.256799111700706,-0.16070463396562856,4.290071332345712,-0.24687785762991651
1488.0,4.256425576068311,-0.16039979592255335,4.289890411447112,-0.24629781117860378
1490.0,4.2560545401237135,-0.16009562058196922,4.28970996615539,-0.24572043674320393
1492.0,4.25568598339354,-0.1597921113543569,4.289529995559437,-0.24514571620267456
1494.0,4.255319885588753,-0.159489271527258,4.289350498735986,-0.2445736315968882
1496.0,4.254956226603083,-0.15918710426777385,4.289171474749976,-0.24400416512487694
1498.0,4.254594986511463,-0.15888561262501638,4.288992922654894,-0.24343729914310155
1500.0,4.254236145568484,-0.15858479953251473,4.288814841493116,-0.24287301616374254
1502.0,4.253751512639355,-0.15818767461815747,4.2886372302962545,-0.242311298853011
1504.0,4.253271174255689,-0.15779167306893346,4.288460088085466,-0.2417521300294842
1506.0,4.252795084098917,-0.15739680299372966,4.28828341387179,-0.2411954926624601
1508.0,4.252323196396494,-0.1570030721270733,4.288107206656452,-0.24064136987033294
1510.0,4.251855465915888,-0.15661048783907183,4.28793146543117,-0.24008974491899127
1512.0,4.2513918479586055,-0.15621905714511097,4.287756189178464,-0.2395406012202334
1514.0,4.250932298354244,-0.15582878671531564,4.287581376871941,-0.23899392233020655
1516.0,4.2504767734545785,-0.1554396828837813,4.287407027476583,-0.23844969194786178
1518.0,4.250025230127673,-0.1550517516575792,4.287233139949038,-0.23790789391343095
1520.0,4.249577625752054,-0.15466499872554154,4.28705971323788,-0.23736851220692232
1522.0,4.249174091280756,-0.15436555174695465,4.286886746283896,-0.2368315309466355
1524.0,4.248773475599875,-0.15406653125200157,4.286714238020334,-0.23629693438769256
1526.0,4.24837575434537,-0.15376794604694877,4.286542187373173,-0.23576470692059182
1528.0,4.2479809033557645,-0.15346980471327248,4.286370593261366,-0.23523483306977463
1530.0,4.247588898671066,-0.15317211561193372,4.286199454597095,-0.23470729749221506
1532.0,4.247199716531688,-0.15287488688757964,4.286028770286008,-0.234182084976023
1534.0,4.2468133333773554,-0.15257812647267133,4.285858539227462,-0.23365918043906708
1536.0,4.246429725845975,-0.152281842091539,4.28568876031474,-0.23313856892761373
1538.0,4.246048870772509,-0.15198604126436682,4.285519432435297,-0.23262023561498324
1540.0,4.245670745187829,-0.15169073131110714,4.285350554470967,-0.23210416580022247
1542.0,4.245420348429052,-0.15144619836880388,4.285182125298186,-0.2315903449067938
1544.0,4.245171304248074,-0.15120223900194646,4.2850141437882,-0.23107875848128054
1546.0,4.244923603416209,-0.15095885293948985,4.284846608807283,-0.230569392192107
1548.0,4.244677236777518,-0.15071603988452437,4.2846795192169225,-0.230062231828277
1550.0,4.2444321952482085,-0.15047379951480225,4.2845128738740375,-0.22955726329812481
1552.0,4.244188469816016,-0.1502321314832546,4.284346671631156,-0.22905447262808248
1554.0,4.243946051539613,-0.14999103541849998,4.284180911336619,-0.2285538459614632
1556.0,4.243704931548006,-0.14975051092534447,4.284015591834755,-0.22805536955725791
1558.0,4.24346510103995,-0.14951055758527318,4.2838507119660685,-0.22755902978894715
1560.0,4.243226551283361,-0.14927117495693318,4.283686270567419,-0.22706481314332833
1562.0,4.242947222955038,-0.1490167246068914,4.28352226647219,-0.22657270621935494
1564.0,4.242669549355455,-0.1487628304128653,4.283358698510461,-0.22608269572699197
1566.0,4.2423935184605135,-0.14850949345289136,4.283195565509177,-0.22559476848608415
1568.0,4.242119118343483,-0.1482567147515416,4.283032866292309,-0.22510891142523753
1570.0,4.24184633717422,-0.14800449528093376,4.282870599681012,-0.2246251115807154
1572.0,4.241575163218395,-0.1477528359617236,4.2827087644937825,-0.22414335609534666
1574.0,4.241305584836724,-0.14750173766408076,4.28254735954661,-0.2236636322174475
1576.0,4.241037590484205,-0.14725120120864837,4.2823863836531295,-0.22318592729975645
1578.0,4.24077116870935,-0.14700122736748658,4.282225835624758,-0.22271022879838115
1580.0,4.2405063081534395,-0.14675181686499958,4.282065714270851,-0.22223652427175858
1582.0,4.240207079248611,-0.1465354591313715,4.281906018398824,-0.22176480137962745
1584.0,4.239909546347815,-0.14631925395260892,4.281746746814309,-0.2212950478820122
1586.0,4.239613698842183,-0.14610320639380828,4.281587898321271,-0.22082725163821987
1588.0,4.239319526183061,-0.14588732143040864,4.281429471722144,-0.22036140060584822
1590.0,4.23902701788193,-0.14567160394942671,4.281271465817959,-0.21989748283980587
1592.0,4.238736163510333,-0.1454560587506777,4.28111387940847,-0.21943548649134398
1594.0,4.238446952699778,-0.14524069054798067,4.280956711292272,-0.21897539980709915
1596.0,4.238159375141655,-0.14502550397034936,4.280799960266919,-0.2185172111281473
1598.0,4.237873420587124,-0.1448105035631681,4.280643625129047,-0.21806090888906995
1600.0,4.237589078847009,-0.14459569378935339,4.28048770467448,-0.2176064816170296
1602.0,4.2374009405054425,-0.1443940174967924,4.280332197698341,-0.21715391793085687
1604.0,4.237213668252129,-0.14419277643174291,4.280177102995171,-0.21670320654014882
1606.0,4.237027257017609,-0.14399197002496247,4.280022419359019,-0.21625433624437626
1608.0,4.23684170176712,-0.14379159769866418,4.279868145583561,-0.21580729593200298
1610.0,4.236656997500345,-0.1435916588666918,4.279714280462189,-0.21536207457961454
1612.0,4.236473139251156,-0.14339215293469224,4.279560822788116,-0.2149186612510565
1614.0,4.23629012208735,-0.1431930793002847,4.279407771354471,-0.2144770450965835
1616.0,4.236107941110408,-0.14299443735322803,4.2792551249543935,-0.21403721535201878
1618.0,4.2359265914552315,-0.1427962264755851,4.279102882381126,-0.21359916133792115
1620.0,4.2357460682899015,-0.14259844604188485,4.278951042428107,-0.21316287245876397
1622.0,4.2355234887811415,-0.14236653375505118,4.278799603889049,-0.2127283382021215
1624.0,4.23530212467106,-0.14213518094786876,4.2786485655580355,-0.21229554813786655
1626.0,4.23508196763569,-0.14190438713996456,4.278497926229599,-0.21186449191737575
1628.0,4.2348630094167925,-0.14167415182951995,4.2783476846988036,-0.21143515927274453
1630.0,4.234645241821317,-0.14144447449372483,4.278197839761325,-0.21100754001601066
1632.0,4.234428656720838,-0.14121535458922402,4.278048390213531,-0.21058162403838798
1634.0,4.234213246051025,-0.140986791552556,4.277899334852551,-0.21015740130950616
1636.0,4.233999001811089,-0.14075878480058382,4.277750672476359,-0.20973486187666265
1638.0,4.233785916063262,-0.1405313337309194,4.2776024018838426,-0.20931399586407917
1640.0,4.233573980932251,-0.14030443772233983,4.277454521874865,-0.2088947934721702
1642.0,4.233323316462151,-0.14008412031131023,4.277307031250354,-0.20847724497681722
1644.0,4.233074074908789,-0.13986417284453503,4.277159928812349,-0.2080613407286524
1646.0,4.232826246791436,-0.1396445973561122,4.277013213364077,-0.2076470711523495
1648.0,4.232579822695751,-0.13942539582688973,4.276866883710015,-0.20723442674592416
1650.0,4.232334793273378,-0.13920657018531213,4.276720938655955,-0.20682339808003966
1652.0,4.23209114924157,-0.1389881223082551,4.27657537700906,-0.20641397579732285
1654.0,4.231848881382785,-0.13877005402184764,4.276430197577927,-0.20600615061168676
1656.0,4.2316079805443145,-0.1385523671022822,4.276285399172643,-0.20559991330766017
1658.0,4.2313684376378715,-0.13833506327661407,4.276140980604844,-0.20519525473972555
1660.0,4.231130243639221,-0.1381181442235478,4.2759969406877705,-0.20479216583166338
1662.0,4.230922731763505,-0.13793357240731977,4.275853278236315,-0.20439063757590561
1664.0,4.230716224592582,-0.13774926380801883,4.275709992067081,-0.2039906610328934
1666.0,4.230510716442115,-0.13756521965897542,4.275567080998435,-0.20359222733044524
1668.0,4.230306201661412,-0.13738144116616327,4.275424543850548,-0.20319532766312876
1670.0,4.230102674633258,-0.13719792950856896,4.275282379445451,-0.20279995329164222
1672.0,4.229900129773757,-0.1370146858385548,4.275140586607081,-0.20240609554220151
1674.0,4.229698561532154,-0.136831711282219,4.274999164161328,-0.2020137458059334
1676.0,4.22949796439068,-0.13664900693974996,4.274858110936075,-0.20162289553827675
1678.0,4.2292983328643885,-0.13646657388577768,4.274717425761243,-0.20123353625838936
1680.0,4.229099661500983,-0.1362844131697196,4.274577107468839,-0.20084565954856107
1682.0,4.228805822736204,-0.1361235985609818,4.2744371548929925,-0.20045925705363457
1684.0,4.228513488245511,-0.13596247286453914,4.274297566869993,-0.20007432048043114
1686.0,4.228222651531215,-0.13580104438952745,4.274158342238335,-0.19969084159718306
1688.0,4.2279333060919635,-0.13563932134874604,4.274019479838751,-0.19930881223297278
1690.0,4.227645445423468,-0.1354773118594709,4.273880978514255,-0.198928224277177
1692.0,4.227359063019246,-0.135315023944266,4.273742837110167,-0.19854906967891797
1694.0,4.227074152371313,-0.13515246553179197,4.273605054474162,-0.19817134044651977
1696.0,4.226790706970894,-0.13498964445761333,4.273467629456293,-0.19779502864697138
1698.0,4.226508720309094,-0.13482656846500263,4.273330560909029,-0.19742012640539422
1700.0,4.2262281858775745,-0.13466324520574266,4.273193847687283,-0.19704662590451652
1702.0,4.226078445555945,-0.13453497788704602,4.27305748864845,-0.19667451938415362
1704.0,4.225929236767938,-0.13440681591922193,4.272921482652431,-0.19630379914069238
1706.0,4.2257805573930645,-0.13427875999629843,4.272785828561663,-0.19593445752658192
1708.0,4.225632405319115,-0.13415081080329486,4.272650525241151,-0.19556648694983023
1710.0,4.22548477844214,-0.13402296901630362,4.27251557155849,-0.1951998798735059
1712.0,4.225337674666425,-0.13389523530257094,4.272380966383897,-0.1948346288152441
1714.0,4.225191091904482,-0.13376761032057727,4.272246708590237,-0.19447072634675955
1716.0,4.225045028077019,-0.13364009472011637,4.272112797053041,-0.1941081650933633
1718.0,4.224899481112925,-0.13351268914237457,4.271979230650538,-0.19374693773348475
1720.0,4.224754448949249,-0.13338539422000886,4.271846008263675,-0.1933870369982004
1722.0,4.224564069062546,-0.1331740378849138,4.271713128776139,-0.19302845567076493
1724.0,4.224374717510477,-0.13296317521197037,4.271580591074384,-0.19267118658614846
1726.0,4.224186387456044,-0.13275280580190435,4.271448394047644,-0.19231522263058007
1728.0,4.223999072114015,-0.13254292923770095,4.271316536587962,-0.19196055674109355
1730.0,4.223812764750521,-0.13233354508496403,4.2711850175902075,-0.19160718190507964
1732.0,4.223627458682635,-0.13212465289226885,4.271053835952088,-0.1912550911598424
1734.0,4.223443147277979,-0.13191625219150957,4.2709229905741815,-0.1909042775921599
1736.0,4.22325982395432,-0.1317083424982408,4.270792480359942,-0.19055473433785097
1738.0,4.223077482179162,-0.1315009233120138,4.270662304215724,-0.19020645458134397
1740.0,4.222896115469362,-0.13129399411670734,4.270532461050797,-0.18985943155525237
1742.0,4.222661012035172,-0.13115252504772912,4.2704029497773615,-0.1895136585399536
1744.0,4.222426977738401,-0.1310108930587188,4.270273769310562,-0.18916912886317225
1746.0,4.222194008331495,-0.13086910291589493,4.270144918568506,-0.188825835899568
1748.0,4.2219620995687945,-0.1307271593353373,4.270016396472278,-0.18848377307032763
1750.0,4.221731247206811,-0.13058506698337816,4.2698882019459505,-0.1881429338427606
1752.0,4.221501447004535,-0.130442830476992,4.269760333916598,-0.18780331172990114
1754.0,4.221272694723715,-0.13030045438418453,4.269632791314309,-0.18746490029011048
1756.0,4.221044986129142,-0.13015794322437946,4.269505573072204,-0.18712769312668648
1758.0,4.220818316988926,-0.13001530146880455,4.269378678126432,-0.18679168388747658
1760.0,4.220592683074766,-0.12987253354087638,4.269252105416207,-0.18645686626449365
1762.0,4.2204184181317235,-0.12970821646250755,4.26912585388379,-0.1861232339935364
1764.0,4.22024496071862,-0.12954411813196628,4.268999922474519,-0.1857907808538138
1766.0,4.220072306570079,-0.12938023953056332,4.268874310136811,-0.18545950066757386
1768.0,4.219900451443723,-0.12921658161960184,4.268749015822173,-0.18512938729973402
1770.0,4.219729391120079,-0.12905314534062548,4.268624038485205,-0.1848004346575182
1772.0,4.219559121402478,-0.12888993161566237,4.268499377083624,-0.18447263669009567
1774.0,4.219389638116966,-0.1287269413474679,4.26837503057825,-0.1841459873882238
1776.0,4.219220937112206,-0.12856417541976334,4.268250997933029,-0.1838204807838946
1778.0,4.219053014259378,-0.12840163469747293,4.268127278115038,-0.18349611094998533
1780.0,4.21888586545209,-0.12823932002695754,4.268003870094485,-0.1831728719999119
1782.0,4.218665200430866,-0.1280847245634352,4.26788077284472,-0.18285075808728607
1784.0,4.218445609794752,-0.12793009356212068,4.267757985342245,-0.18252976340557558
1786.0,4.218227088533396,-0.12777543104210212,4.267635506566705,-0.1822098821877695
1788.0,4.218009631649246,-0.12762074097300313,4.267513335500912,-0.18189110870604355
1790.0,4.217793234157719,-0.12746602727545137,4.267391471130833,-0.18157343727143263
1792.0,4.217577891087398,-0.12731129382154524,4.267269912445607,-0.1812568622335042
1794.0,4.217363597480209,-0.1271565444353177,4.267148658437541,-0.1809413779800347
1796.0,4.217150348391606,-0.12700178289319577,4.267027708102113,-0.18062697893669138
1798.0,4.2169381388907325,-0.12684701292445738,4.266907060437983,-0.18031365956671483
1800.0,4.216726964060592,-0.1266922382116861,4.266786714446991,-0.18000141437060574
1802.0,4.216636038672769,-0.1266040244586571,4.266666669134153,-0.17969023788581598
1804.0,4.216545346016346,-0.12651587576934092,4.266546923507681,-0.17938012468643977
1806.0,4.216454885417807,-0.12642779229760226,4.266427476578966,-0.17907106938291073
1808.0,4.216364656205609,-0.1263397741955674,4.266308327362592,-0.1787630666217007
1810.0,4.216274657710191,-0.12625182161363735,4.266189474876327,-0.1784561110850214
1812.0,4.216184889263948,-0.12616393470049825,4.266070918141144,-0.1781501974905294
1814.0,4.216095350201244,-0.1260761136031341,4.265952656181191,-0.17784532059103336
1816.0,4.216006039858403,-0.1259883584668372,4.265834688023822,-0.1775414751742059
1818.0,4.215916957573694,-0.12590066943522088,4.265717012699578,-0.17723865606229514
1820.0,4.2158281026873485,-0.12581304665022958,4.265599629242195,-0.17693685811184293
1822.0,4.21578536380209,-0.12583605207165308,4.265482536688602,-0.1766360762134019
1824.0,4.2157426021447435,-0.12585902986496267,4.2653657340789195,-0.176336305291259
1826.0,4.215699817740414,-0.125881979999509,4.265249220456462,-0.1760375403031585
1828.0,4.215657010614257,-0.12590490244467034,4.265132994867732,-0.17573977624002976
1830.0,4.215614180791478,-0.12592779716985256,4.265017056362425,-0.17544300812571692
1832.0,4.215571328297339,-0.1259506641444894,4.264901403993421,-0.17514723101671092
1834.0,4.215528453157147,-0.1259735033380427,4.2647860368167905,-0.17485244000188507
1836.0,4.215485555396269,-0.12599631472000192,4.264670953891786,-0.17455863020223186
1838.0,4.21544263504011,-0.1260190982598847,4.264556154280843,-0.17426579677060344
1840.0,4.21539969211414,-0.12604185392723716,4.264441637049578,-0.17397393489145405
1842.0,4.215327018777973,-0.12609029309157954,4.264327401266786,-0.17368303978058508
1844.0,4.215254256080691,-0.1261386585204534,4.264213446004439,-0.1733931066848921
1846.0,4.215181404111555,-0.1261869500012665,4.264099770337678,-0.1731041308821153
1848.0,4.215108462960437,-0.12623516732149184,4.263986373344815,-0.17281610768059139
1850.0,4.21503543271781,-0.12628331026866893,4.263873254107329,-0.17252903241900847
1852.0,4.214962313474765,-0.1263313786304058,4.26376041170986,-0.17224290046616236
1854.0,4.214889105322999,-0.1263793721943812,4.263647845240209,-0.17195770722071707
1856.0,4.214815808354814,-0.12642729074834608,4.26353555378933,-0.17167344811096524
1858.0,4.214742422663134,-0.12647513408012687,4.263423536451333,-0.1713901185945922
1860.0,4.214668948341482,-0.12652290197762558,4.263311792323469,-0.17110771415844223
1862.0,4.214646446699857,-0.12653750436995362,4.2632003205061375,-0.1708262303182873
1864.0,4.214623936770206,-0.1265520996724839,4.263089120102876,-0.1705456626185963
1866.0,4.2146014185552385,-0.12656668787914344,4.262978190220353,-0.17026600663230892
1868.0,4.214578892057677,-0.12658126898385919,4.262867529968371,-0.16998725796060946
1870.0,4.214556357280247,-0.12659584298055976,4.262757138459853,-0.16970941223270453
1872.0,4.214533814225677,-0.1266104098631735,4.262647014810847,-0.16943246510560142
1874.0,4.214511262896706,-0.12662496962563047,4.262537158140507,-0.1691564122638893
1876.0,4.214488703296071,-0.12663952226186048,4.2624275675711045,-0.1688812494195224
1878.0,4.214466135426523,-0.12665406776579505,4.2623182422280115,-0.16860697231160546
1880.0,4.214443559290809,-0.12666860613136557,4.262209181239698,-0.16833357670618007
1882.0,4.214423798393392,-0.12668132134078092,4.262100383737728,-0.16806105839601473
1884.0,4.2144040311711555,-0.126694031076177,4.261991848856751,-0.16778941320039487
1886.0,4.214384257625953,-0.1267067353334896,4.261883575734501,-0.16751863696491692
1888.0,4.2143644777596405,-0.1267194341086558,4.261775563511782,-0.16724872556128262
1890.0,4.2143446915740785,-0.12673212739761266,4.26166781133247,-0.16697967488709622
1892.0,4.2143248990711335,-0.12674481519629754,4.261560318343505,-0.1667114808656628
1894.0,4.214305100252667,-0.12675749750064869,4.261453083694881,-0.1664441394457892
1896.0,4.2142852951205505,-0.12677017430660445,4.261346106539643,-0.16617764660158632
1898.0,4.214265483676657,-0.1267828456101041,4.261239386033881,-0.1659119983322734
1900.0,4.214245665922861,-0.12679551140708667,4.261132921336723,-0.1656471906619839
1902.0,4.214197510833976,-0.1268262482497171,4.261026711610319,-0.16538321963957361
1904.0,4.214149318567626,-0.12685695253304735,4.260920756019854,-0.16512008133843004
1906.0,4.214101089150914,-0.1268876241989509,4.260815053733523,-0.16485777185628406
1908.0,4.21405282261105,-0.12691826318931815,4.260709603922533,-0.16459628731502235
1910.0,4.214004518975348,-0.12694886944605657,4.260604405761089,-0.1643356238605023
1912.0,4.213956178271244,-0.12697944291109145,4.2604994584263975,-0.16407577766236978
1914.0,4.213907800526272,-0.1270099835263653,4.260394761098652,-0.163816744913875
1916.0,4.213859385768082,-0.127040491233839,4.260290312961027,-0.16355852183169403
1918.0,4.21381093402443,-0.1270709659754912,4.2601861131996674,-0.16330110465574968
1920.0,4.21376244532319,-0.1271014076933195,4.2600821610036865,-0.16304448964903437
1922.0,4.213727787924986,-0.12712313152669463,4.259978455565156,-0.16278867309743517
1924.0,4.21369311169537,-0.12714483846047053,4.2598749960791,-0.16253365130955935
1926.0,4.213658416644601,-0.12716652847352683,4.259771781743488,-0.1622794206165632
1928.0,4.213623702782969,-0.12718820154474847,4.2596688117592185,-0.16202597737198024
1930.0,4.213588970120789,-0.1272098576530247,4.259566085330126,-0.16177331795155303
1932.0,4.213554218668404,-0.12723149677725057,4.25946360166296,-0.16152143875306488
1934.0,4.21351944843619,-0.127253118896326,4.259361359967382,-0.1612703361961744
1936.0,4.213484659434546,-0.12727472398915607,4.259259359455964,-0.1610200067222503
1938.0,4.213449851673908,-0.12729631203465136,4.259157599344168,-0.16077044679420868
1940.0,4.21341502516473,-0.12731788301172725,4.2590560788503495,-0.16052165289635137
1942.0,4.213593874694804,-0.12720680134922624,4.25895479719574,-0.16027362153420519
1944.0,4.213772227530894,-0.12709527084851124,4.258853753604446,-0.16002634923436365
1946.0,4.213950082275836,-0.12698329437907194,4.258752947303436,-0.1597798325443295
1948.0,4.2141274375524445,-0.12687087481382592,4.258652377522538,-0.15953406803235895
1950.0,4.214304292003504,-0.12675801502895953,4.258552043494426,-0.159289052287306
1952.0,4.214480644291755,-0.1266447179037678,4.2584519444546105,-0.15904478191847074
1954.0,4.214656493099856,-0.1265309863204965,4.258352079641438,-0.15880125355544655
1956.0,4.214831837130371,-0.12641682316418343,4.258252448296075,-0.1585584638479695
1958.0,4.215006675105745,-0.12630223132250168,4.258153049662499,-0.1583164094657696
1960.0,4.215181005768284,-0.12618721368560146,4.2580538829875,-0.15807508709842286
1962.0,4.215116837783386,-0.12622963795998982,4.25795494752066,-0.15783449345520423
1964.0,4.215052600832227,-0.12627200468736482,4.257856242514352,-0.1575946252649429
1966.0,4.2149882949767585,-0.12631431372308652,4.257757767223731,-0.1573554792758777
1968.0,4.214923920279302,-0.12635656492255762,4.25765952090672,-0.1571170522555151
1970.0,4.214859476802544,-0.12639875814122323,4.257561502824007,-0.15687934099048695
1972.0,4.214794964609531,-0.12644089323457322,4.257463712239034,-0.15664234228641025
1974.0,4.214730383763685,-0.12648297005814224,4.257366148417989,-0.15640605296774884
1976.0,4.214665734328782,-0.1265249884675115,4.257268810629798,-0.15617046987767488
1978.0,4.214601016368976,-0.1265669483183092,4.257171698146114,-0.15593558987793246
1980.0,4.21453622994878,-0.12660884946621231,4.257074810241309,-0.15570140984870193
1982.0,4.214670153552623,-0.12652211950664657,4.256978146192469,-0.15546792668846585
1984.0,4.214803783991296,-0.12643513907810439,4.25688170527938,-0.15523513731387614
1986.0,4.2149371206991475,-0.12634790945826457,4.256785486784521,-0.15500303865962142
1988.0,4.21507016311723,-0.1262604319256501,4.25668948999306,-0.1547716276782969
1990.0,4.2152029106932805,-0.12617270775958772,4.2565937141928325,-0.15454090134027393
1992.0,4.215335362881719,-0.12608473824016778,4.256498158674347,-0.15431085663357225
1994.0,4.215467519143642,-0.12599652464820485,4.256402822730773,-0.15408149056373235
1996.0,4.215599378946813,-0.1259080682651972,4.256307705657923,-0.15385280015368835
1998.0,4.21573094176565,-0.12581937037328791,4.25621280675425,-0.15362478244364353
2000.0,4.215862207081231,-0.12573043225522487,4.256118125320844,-0.15339743449094617
