lambda_nm;luxpop_KM_Re;luxpop_KM_Im;luxpop_Brugg_Re;luxpop_Brugg_Im;luxpop_MLWA30_Re;luxpop_MLWA30_Im;JC_KM_Re;JC_KM_Im;JC_Brugg_Re;JC_Brugg_Im;JC_MLWA30_Re;JC_MLWA30_Im
400;3.33666;-0.87459;3.26271;-0.78973;2.93600;-0.60423;3.22657;-0.96464;3.17669;-0.83835;2.87461;-0.58013
401;3.33615;-0.87506;3.26228;-0.78999;2.93615;-0.60599;3.22635;-0.96521;3.17649;-0.83870;2.87443;-0.58211
402;3.33513;-0.87599;3.26143;-0.79051;2.93597;-0.60764;3.22613;-0.96577;3.17630;-0.83905;2.87425;-0.58409
403;3.33411;-0.87693;3.26057;-0.79102;2.93579;-0.60927;3.22591;-0.96633;3.17610;-0.83940;2.87408;-0.58607
404;3.33359;-0.87740;3.26014;-0.79128;2.93594;-0.61102;3.22569;-0.96689;3.17590;-0.83975;2.87392;-0.58804
405;3.33257;-0.87834;3.25928;-0.79180;2.93576;-0.61264;3.22547;-0.96746;3.17570;-0.84010;2.87376;-0.59000
406;3.33154;-0.87928;3.25842;-0.79232;2.93558;-0.61425;3.22525;-0.96802;3.17551;-0.84045;2.87360;-0.59197
407;3.33149;-0.88026;3.25825;-0.79301;2.93562;-0.61632;3.22504;-0.96859;3.17531;-0.84080;2.87345;-0.59392
408;3.33046;-0.88120;3.25739;-0.79353;2.93543;-0.61792;3.22482;-0.96916;3.17511;-0.84116;2.87330;-0.59588
409;3.32994;-0.88168;3.25696;-0.79379;2.93559;-0.61963;3.22460;-0.96972;3.17491;-0.84151;2.87316;-0.59782
410;3.32890;-0.88262;3.25609;-0.79431;2.93540;-0.62122;3.22438;-0.97029;3.17471;-0.84186;2.87302;-0.59977
411;3.32786;-0.88356;3.25523;-0.79483;2.93522;-0.62281;3.22416;-0.97086;3.17452;-0.84221;2.87289;-0.60171
412;3.32734;-0.88404;3.25480;-0.79509;2.93538;-0.62450;3.22394;-0.97142;3.17432;-0.84257;2.87276;-0.60364
413;3.32629;-0.88498;3.25393;-0.79562;2.93518;-0.62607;3.22372;-0.97199;3.17412;-0.84292;2.87264;-0.60558
414;3.32525;-0.88593;3.25306;-0.79614;2.93499;-0.62763;3.22318;-0.97210;3.17376;-0.84294;2.87261;-0.60726
415;3.32378;-0.88535;3.25211;-0.79553;2.93537;-0.62859;3.22251;-0.97202;3.17332;-0.84282;2.87263;-0.60884
416;3.32278;-0.88530;3.25141;-0.79536;2.93565;-0.62989;3.22183;-0.97193;3.17289;-0.84270;2.87266;-0.61041
417;3.32125;-0.88572;3.25029;-0.79544;2.93556;-0.63106;3.22115;-0.97184;3.17245;-0.84258;2.87268;-0.61198
418;3.32025;-0.88566;3.24959;-0.79527;2.93583;-0.63234;3.22047;-0.97175;3.17201;-0.84246;2.87272;-0.61353
419;3.31825;-0.88554;3.24820;-0.79492;2.93585;-0.63313;3.21980;-0.97166;3.17158;-0.84234;2.87275;-0.61507
420;3.31725;-0.88548;3.24751;-0.79474;2.93612;-0.63438;3.21912;-0.97157;3.17114;-0.84222;2.87279;-0.61661
421;3.31625;-0.88542;3.24681;-0.79456;2.93639;-0.63562;3.21844;-0.97148;3.17070;-0.84210;2.87283;-0.61814
422;3.31425;-0.88529;3.24542;-0.79421;2.93640;-0.63638;3.21776;-0.97139;3.17026;-0.84197;2.87288;-0.61965
423;3.31324;-0.88523;3.24472;-0.79403;2.93667;-0.63759;3.21708;-0.97130;3.16983;-0.84185;2.87293;-0.62116
424;3.31171;-0.88563;3.24359;-0.79411;2.93656;-0.63869;3.21640;-0.97121;3.16939;-0.84173;2.87298;-0.62266
425;3.31070;-0.88556;3.24289;-0.79393;2.93683;-0.63989;3.21572;-0.97112;3.16895;-0.84161;2.87303;-0.62416
426;3.30923;-0.88495;3.24194;-0.79331;2.93720;-0.64070;3.21504;-0.97103;3.16851;-0.84149;2.87309;-0.62564
427;3.30769;-0.88535;3.24080;-0.79339;2.93708;-0.64176;3.21436;-0.97093;3.16807;-0.84136;2.87315;-0.62711
428;3.30567;-0.88520;3.23941;-0.79303;2.93707;-0.64244;3.21368;-0.97084;3.16763;-0.84124;2.87322;-0.62858
429;3.30257;-0.88597;3.23713;-0.79317;2.93629;-0.64290;3.21300;-0.97074;3.16719;-0.84112;2.87328;-0.63004
430;3.30001;-0.88627;3.23530;-0.79306;2.93587;-0.64344;3.21232;-0.97065;3.16676;-0.84099;2.87335;-0.63149
431;3.29642;-0.88648;3.23276;-0.79276;2.93517;-0.64348;3.21043;-0.97089;3.16550;-0.84099;2.87294;-0.63254
432;3.29385;-0.88677;3.23092;-0.79265;2.93474;-0.64400;3.20734;-0.97146;3.16341;-0.84109;2.87204;-0.63321
433;3.29071;-0.88750;3.22863;-0.79278;2.93391;-0.64441;3.20423;-0.97203;3.16132;-0.84120;2.87112;-0.63386
434;3.28765;-0.88721;3.22652;-0.79221;2.93356;-0.64451;3.20110;-0.97259;3.15923;-0.84130;2.87020;-0.63451
435;3.28450;-0.88793;3.22423;-0.79234;2.93270;-0.64489;3.19796;-0.97315;3.15713;-0.84141;2.86926;-0.63513
436;3.28087;-0.88808;3.22168;-0.79202;2.93194;-0.64486;3.19481;-0.97370;3.15502;-0.84151;2.86831;-0.63575
437;3.27826;-0.88832;3.21982;-0.79188;2.93146;-0.64532;3.19165;-0.97424;3.15290;-0.84161;2.86735;-0.63636
438;3.27507;-0.88900;3.21752;-0.79200;2.93057;-0.64566;3.18847;-0.97478;3.15078;-0.84171;2.86638;-0.63695
439;3.27199;-0.88866;3.21540;-0.79141;2.93017;-0.64569;3.18528;-0.97531;3.14866;-0.84181;2.86539;-0.63753
440;3.26879;-0.88932;3.21309;-0.79152;2.92926;-0.64601;3.18208;-0.97583;3.14652;-0.84191;2.86440;-0.63810
441;3.26615;-0.88953;3.21123;-0.79137;2.92874;-0.64642;3.17886;-0.97635;3.14439;-0.84201;2.86339;-0.63865
442;3.26248;-0.88959;3.20866;-0.79102;2.92791;-0.64631;3.17562;-0.97686;3.14224;-0.84211;2.86237;-0.63920
443;3.25924;-0.89023;3.20633;-0.79112;2.92696;-0.64659;3.17238;-0.97736;3.14009;-0.84220;2.86134;-0.63973
444;3.25215;-0.89192;3.20122;-0.79156;2.92415;-0.64554;3.16912;-0.97786;3.13793;-0.84230;2.86030;-0.64025
445;3.24605;-0.89372;3.19679;-0.79219;2.92163;-0.64497;3.16585;-0.97835;3.13577;-0.84239;2.85925;-0.64076
446;3.23945;-0.89488;3.19210;-0.79235;2.91918;-0.64398;3.16256;-0.97883;3.13359;-0.84248;2.85818;-0.64125
447;3.23326;-0.89662;3.18764;-0.79296;2.91661;-0.64339;3.15926;-0.97931;3.13142;-0.84257;2.85711;-0.64174
448;3.22596;-0.89814;3.18245;-0.79335;2.91370;-0.64226;3.15594;-0.97977;3.12923;-0.84266;2.85602;-0.64221
449;3.21966;-0.89981;3.17795;-0.79393;2.91107;-0.64163;3.15261;-0.98023;3.12704;-0.84275;2.85492;-0.64267
450;3.21289;-0.90081;3.17319;-0.79404;2.90853;-0.64056;3.14927;-0.98069;3.12485;-0.84284;2.85380;-0.64312
451;3.20543;-0.90220;3.16794;-0.79438;2.90554;-0.63937;3.14585;-0.98102;3.12261;-0.84285;2.85270;-0.64349
452;3.19899;-0.90375;3.16339;-0.79493;2.90284;-0.63869;3.14191;-0.98030;3.12010;-0.84215;2.85181;-0.64330
453;3.19208;-0.90461;3.15858;-0.79499;2.90022;-0.63757;3.13795;-0.97956;3.11757;-0.84145;2.85091;-0.64309
454;3.18555;-0.90609;3.15400;-0.79552;2.89747;-0.63685;3.13399;-0.97880;3.11505;-0.84074;2.85000;-0.64287
455;3.17789;-0.90728;3.14867;-0.79580;2.89438;-0.63558;3.13001;-0.97802;3.11251;-0.84003;2.84908;-0.64262
456;3.17126;-0.90867;3.14404;-0.79630;2.89159;-0.63482;3.12603;-0.97722;3.10997;-0.83930;2.84814;-0.64236
457;3.16417;-0.90935;3.13916;-0.79631;2.88888;-0.63361;3.12203;-0.97640;3.10742;-0.83857;2.84720;-0.64207
458;3.15677;-0.91107;3.13402;-0.79703;2.88561;-0.63271;3.11803;-0.97556;3.10486;-0.83784;2.84624;-0.64177
459;3.14959;-0.91164;3.12910;-0.79700;2.88286;-0.63146;3.11402;-0.97469;3.10230;-0.83709;2.84527;-0.64145
460;3.14138;-0.91367;3.12341;-0.79794;2.87910;-0.63041;3.11000;-0.97380;3.09973;-0.83634;2.84430;-0.64111
461;3.13309;-0.91565;3.11769;-0.79886;2.87531;-0.62932;3.10597;-0.97290;3.09715;-0.83558;2.84331;-0.64075
462;3.12441;-0.91870;3.11169;-0.80052;2.87095;-0.62854;3.10193;-0.97197;3.09457;-0.83482;2.84231;-0.64037
463;3.11596;-0.92058;3.10591;-0.80141;2.86710;-0.62742;3.09788;-0.97101;3.09198;-0.83405;2.84130;-0.63997
464;3.10669;-0.92279;3.09959;-0.80254;2.86279;-0.62615;3.09382;-0.97004;3.08938;-0.83327;2.84027;-0.63956
465;3.09807;-0.92454;3.09375;-0.80340;2.85889;-0.62497;3.08976;-0.96904;3.08677;-0.83248;2.83924;-0.63912
466;3.08862;-0.92661;3.08736;-0.80449;2.85452;-0.62364;3.08568;-0.96802;3.08416;-0.83169;2.83820;-0.63867
467;3.07984;-0.92822;3.08145;-0.80533;2.85056;-0.62241;3.08160;-0.96698;3.08154;-0.83089;2.83714;-0.63820
468;3.07137;-0.93054;3.07576;-0.80667;2.84645;-0.62160;3.07751;-0.96592;3.07892;-0.83008;2.83608;-0.63771
469;3.06165;-0.93241;3.06926;-0.80772;2.84199;-0.62019;3.07341;-0.96483;3.07628;-0.82926;2.83500;-0.63720
470;3.05262;-0.93381;3.06326;-0.80851;2.83796;-0.61888;3.06930;-0.96372;3.07364;-0.82844;2.83392;-0.63667
471;3.04272;-0.93552;3.05670;-0.80952;2.83344;-0.61741;3.06519;-0.96258;3.07099;-0.82760;2.83282;-0.63612
472;3.03354;-0.93677;3.05063;-0.81027;2.82935;-0.61604;3.05815;-0.96416;3.06639;-0.82849;2.82958;-0.63560
473;3.02427;-0.93794;3.04453;-0.81101;2.82524;-0.61464;3.04906;-0.96757;3.06044;-0.83053;2.82488;-0.63508
474;3.01446;-0.94021;3.03809;-0.81251;2.82051;-0.61354;3.03984;-0.97097;3.05444;-0.83261;2.82013;-0.63455
475;3.00503;-0.94122;3.03192;-0.81322;2.81635;-0.61208;3.03049;-0.97437;3.04840;-0.83471;2.81531;-0.63400
476;2.99468;-0.94248;3.02517;-0.81414;2.81170;-0.61045;3.02100;-0.97777;3.04230;-0.83683;2.81044;-0.63344
477;2.98457;-0.94451;3.01862;-0.81559;2.80688;-0.60925;3.01138;-0.98117;3.03616;-0.83898;2.80550;-0.63287
478;2.97043;-0.95196;3.00958;-0.82068;2.79867;-0.60900;3.00162;-0.98457;3.02996;-0.84116;2.80051;-0.63228
479;2.95595;-0.95937;3.00045;-0.82579;2.79038;-0.60870;2.99172;-0.98796;3.02371;-0.84337;2.79546;-0.63167
480;2.94147;-0.96767;2.99146;-0.83151;2.78185;-0.60882;2.98168;-0.99135;3.01741;-0.84560;2.79035;-0.63105
481;2.92632;-0.97502;2.98212;-0.83670;2.77340;-0.60841;2.97149;-0.99472;3.01106;-0.84787;2.78518;-0.63042
482;2.90986;-0.98264;2.97210;-0.84215;2.76438;-0.60777;2.96115;-0.99809;3.00465;-0.85017;2.77994;-0.62976
483;2.89428;-0.99085;2.96279;-0.84800;2.75559;-0.60771;2.95066;-1.00146;2.99819;-0.85249;2.77465;-0.62909
484;2.87801;-0.99804;2.95313;-0.85329;2.74688;-0.60710;2.94002;-1.00481;2.99167;-0.85485;2.76929;-0.62840
485;2.86136;-1.00514;2.94336;-0.85862;2.73809;-0.60643;2.92922;-1.00814;2.98510;-0.85725;2.76387;-0.62769
486;2.84460;-1.01320;2.93372;-0.86460;2.72903;-0.60617;2.91825;-1.01147;2.97847;-0.85967;2.75839;-0.62696
487;2.82713;-1.02014;2.92373;-0.87001;2.72006;-0.60534;2.90712;-1.01478;2.97178;-0.86213;2.75285;-0.62622
488;2.80926;-1.02696;2.91362;-0.87545;2.71101;-0.60444;2.89583;-1.01807;2.96504;-0.86463;2.74724;-0.62545
489;2.79121;-1.03478;2.90364;-0.88157;2.70167;-0.60395;2.88436;-1.02134;2.95824;-0.86717;2.74156;-0.62466
490;2.77246;-1.04136;2.89329;-0.88710;2.69244;-0.60289;2.87272;-1.02459;2.95138;-0.86974;2.73582;-0.62385
491;2.75325;-1.04779;2.88282;-0.89268;2.68312;-0.60173;2.86091;-1.02782;2.94446;-0.87235;2.73002;-0.62302
492;2.73239;-1.05427;2.87156;-0.89855;2.67321;-0.60027;2.84891;-1.03103;2.93749;-0.87501;2.72415;-0.62217
493;2.71243;-1.06155;2.86109;-0.90488;2.66350;-0.59942;2.83673;-1.03421;2.93045;-0.87770;2.71821;-0.62129
494;2.69176;-1.06743;2.85023;-0.91059;2.65391;-0.59797;2.82436;-1.03736;2.92335;-0.88044;2.71221;-0.62040
495;2.67060;-1.07309;2.83924;-0.91636;2.64423;-0.59641;2.81180;-1.04048;2.91619;-0.88322;2.70614;-0.61947
496;2.64925;-1.08113;2.82864;-0.92355;2.63398;-0.59578;2.79854;-1.04465;2.90876;-0.88672;2.69950;-0.61881
497;2.63137;-1.10084;2.82173;-0.93655;2.62247;-0.60023;2.78033;-1.05880;2.89942;-0.89647;2.68832;-0.62076
498;2.61304;-1.12249;2.81509;-0.95046;2.61049;-0.60522;2.76164;-1.07334;2.89006;-0.90644;2.67696;-0.62276
499;2.59533;-1.14320;2.80889;-0.96358;2.59907;-0.60996;2.74244;-1.08829;2.88070;-0.91666;2.66542;-0.62480
500;2.57572;-1.16616;2.80230;-0.97791;2.58662;-0.61502;2.72271;-1.10365;2.87135;-0.92712;2.65370;-0.62690
501;2.55522;-1.18832;2.79543;-0.99172;2.57418;-0.61955;2.70243;-1.11946;2.86200;-0.93783;2.64180;-0.62905
502;2.53413;-1.21273;2.78889;-1.00648;2.56123;-0.62466;2.68158;-1.13573;2.85266;-0.94879;2.62970;-0.63125
503;2.51207;-1.23632;2.78206;-1.02072;2.54829;-0.62922;2.66012;-1.15247;2.84336;-0.96000;2.61741;-0.63350
504;2.48933;-1.26235;2.77559;-1.03591;2.53479;-0.63438;2.63805;-1.16972;2.83408;-0.97147;2.60493;-0.63581
505;2.46570;-1.28928;2.76916;-1.05133;2.52100;-0.63957;2.61532;-1.18749;2.82484;-0.98320;2.59223;-0.63816
506;2.44094;-1.31534;2.76244;-1.06623;2.50723;-0.64420;2.59192;-1.20581;2.81565;-0.99520;2.57933;-0.64058
507;2.41535;-1.34418;2.75612;-1.08209;2.49284;-0.64944;2.56780;-1.22470;2.80652;-1.00745;2.56622;-0.64305
508;2.38851;-1.37212;2.74949;-1.09743;2.47847;-0.65410;2.54293;-1.24420;2.79746;-1.01998;2.55289;-0.64557
509;2.36278;-1.40291;2.74405;-1.11337;2.46407;-0.65973;2.51729;-1.26432;2.78848;-1.03277;2.53934;-0.64815
510;2.33367;-1.43295;2.73753;-1.12913;2.44906;-0.66442;2.49083;-1.28511;2.77958;-1.04582;2.52555;-0.65079
511;2.30347;-1.46633;2.73147;-1.14590;2.43337;-0.66977;2.46351;-1.30659;2.77077;-1.05915;2.51153;-0.65349
512;2.27170;-1.49875;2.72508;-1.16211;2.41767;-0.67450;2.43529;-1.32880;2.76208;-1.07273;2.49728;-0.65625
513;2.23866;-1.53484;2.71918;-1.17932;2.40124;-0.67989;2.40613;-1.35177;2.75350;-1.08658;2.48277;-0.65907
514;2.20386;-1.56995;2.71293;-1.19598;2.38481;-0.68463;2.37597;-1.37556;2.74504;-1.10070;2.46801;-0.66194
515;2.16757;-1.60913;2.70721;-1.21365;2.36759;-0.69008;2.34477;-1.40019;2.73672;-1.11507;2.45300;-0.66488
516;2.12948;-1.65009;2.70158;-1.23154;2.34995;-0.69554;2.31247;-1.42573;2.72855;-1.12970;2.43772;-0.66789
517;2.09840;-1.69523;2.69893;-1.24906;2.33363;-0.70303;2.27902;-1.45221;2.72053;-1.14458;2.42216;-0.67096
518;2.07628;-1.75402;2.70075;-1.26850;2.31740;-0.71490;2.24434;-1.47970;2.71267;-1.15971;2.40633;-0.67409
519;2.05096;-1.81643;2.70201;-1.28852;2.30004;-0.72665;2.20837;-1.50824;2.70499;-1.17508;2.39020;-0.67729
520;2.02834;-1.87874;2.70381;-1.30735;2.28347;-0.73840;2.17104;-1.53790;2.69749;-1.19069;2.37378;-0.68056
521;2.00627;-1.94804;2.70635;-1.32705;2.26605;-0.75126;2.13414;-1.56937;2.69085;-1.20643;2.35745;-0.68436
522;1.98453;-2.02142;2.70914;-1.34682;2.24822;-0.76449;2.11338;-1.60768;2.69050;-1.22130;2.34441;-0.69251
523;1.96258;-2.09533;2.71164;-1.36588;2.23043;-0.77727;2.09251;-1.64749;2.69036;-1.23618;2.33120;-0.70085
524;1.93789;-2.17851;2.71412;-1.38634;2.21086;-0.79079;2.07157;-1.68886;2.69043;-1.25106;2.31783;-0.70938
525;1.91803;-2.26607;2.71764;-1.40633;2.19168;-0.80522;2.05059;-1.73188;2.69072;-1.26594;2.30428;-0.71812
526;1.89941;-2.35915;2.72140;-1.42638;2.17202;-0.82010;2.02959;-1.77662;2.69120;-1.28081;2.29057;-0.72705
527;1.88103;-2.45344;2.72483;-1.44570;2.15238;-0.83450;2.00863;-1.82317;2.69190;-1.29567;2.27668;-0.73620
528;1.86583;-2.55859;2.72907;-1.46585;2.13173;-0.85032;1.98774;-1.87162;2.69279;-1.31051;2.26262;-0.74556
529;1.85315;-2.67059;2.73356;-1.48606;2.11055;-0.86665;1.96699;-1.92206;2.69388;-1.32533;2.24837;-0.75515
530;1.83598;-2.78665;2.73690;-1.50616;2.08836;-0.88195;1.94643;-1.97460;2.69517;-1.34012;2.23395;-0.76496
531;1.82965;-2.91395;2.74187;-1.52646;2.06606;-0.89936;1.92613;-2.02933;2.69664;-1.35488;2.21934;-0.77501
532;1.82797;-3.04969;2.74709;-1.54681;2.04317;-0.91737;1.90617;-2.08637;2.69831;-1.36961;2.20453;-0.78531
533;1.82859;-3.18813;2.75189;-1.56642;2.02027;-0.93489;1.88663;-2.14582;2.70016;-1.38429;2.18954;-0.79585
534;1.83887;-3.34205;2.75758;-1.58684;1.99618;-0.95417;1.86761;-2.20780;2.70220;-1.39894;2.17435;-0.80665
535;1.85732;-3.50591;2.76351;-1.60730;1.97143;-0.97415;1.84923;-2.27244;2.70441;-1.41355;2.15896;-0.81772
536;1.87853;-3.68522;2.76892;-1.62846;1.94479;-0.99426;1.83159;-2.33986;2.70680;-1.42810;2.14337;-0.82906
537;1.91244;-3.86349;2.77464;-1.64823;1.91928;-1.01448;1.81484;-2.41018;2.70936;-1.44261;2.12758;-0.84068
538;1.96532;-4.05962;2.78128;-1.66878;1.89244;-1.03676;1.79914;-2.48355;2.71209;-1.45706;2.11157;-0.85259
539;2.03462;-4.26633;2.78817;-1.68935;1.86485;-1.05991;1.78466;-2.56009;2.71498;-1.47146;2.09536;-0.86480
540;2.11746;-4.40286;2.79534;-1.70261;1.84684;-1.08029;1.77158;-2.63994;2.71804;-1.48581;2.07893;-0.87732
541;2.21136;-4.54017;2.80262;-1.71584;1.82855;-1.10128;1.76013;-2.72323;2.72125;-1.50009;2.06228;-0.89016
542;2.31703;-4.67733;2.81001;-1.72904;1.80999;-1.12291;1.75053;-2.81011;2.72463;-1.51431;2.04541;-0.90334
543;2.42440;-4.80664;2.81677;-1.74148;1.79182;-1.14370;1.74307;-2.90070;2.72815;-1.52847;2.02831;-0.91685
544;2.55471;-4.94046;2.82437;-1.75463;1.77271;-1.16666;1.73802;-2.99513;2.73183;-1.54257;2.01099;-0.93071
545;2.69846;-5.07043;2.83209;-1.76774;1.75331;-1.19035;1.73572;-3.09353;2.73565;-1.55660;1.99343;-0.94493
546;2.85594;-5.19496;2.83991;-1.78083;1.73363;-1.21480;1.73653;-3.19598;2.73961;-1.57056;1.97563;-0.95953
547;3.02724;-5.31232;2.84785;-1.79389;1.71368;-1.24003;1.74085;-3.30260;2.74372;-1.58446;1.95760;-0.97452
548;3.21217;-5.42069;2.85589;-1.80691;1.69345;-1.26609;1.74911;-3.41344;2.74796;-1.59828;1.93933;-0.98990
549;3.41030;-5.51814;2.86405;-1.81991;1.67294;-1.29301;1.76380;-3.52729;2.75255;-1.61184;1.92118;-1.00589
550;3.62187;-5.58704;2.87301;-1.83208;1.65400;-1.32150;1.78655;-3.64308;2.75758;-1.62502;1.90336;-1.02257
551;3.82641;-5.65663;2.88057;-1.84431;1.63368;-1.34835;1.81492;-3.76241;2.76274;-1.63813;1.88533;-1.03969
552;4.05650;-5.71098;2.88904;-1.85721;1.61242;-1.37801;1.84946;-3.88514;2.76800;-1.65115;1.86708;-1.05728
553;4.29471;-5.74738;2.89761;-1.87007;1.59090;-1.40869;1.89075;-4.01103;2.77338;-1.66410;1.84862;-1.07534
554;4.53896;-5.76449;2.90629;-1.88290;1.56913;-1.44043;1.93940;-4.13982;2.77886;-1.67696;1.82995;-1.09388
555;4.78689;-5.76126;2.91508;-1.89570;1.54712;-1.47328;1.99602;-4.27114;2.78446;-1.68974;1.81106;-1.11294
556;5.03595;-5.73706;2.92398;-1.90846;1.52488;-1.50728;2.06125;-4.40454;2.79016;-1.70244;1.79196;-1.13252
557;5.28346;-5.69167;2.93298;-1.92119;1.50241;-1.54250;2.13572;-4.53946;2.79596;-1.71505;1.77263;-1.15263
558;5.52673;-5.62532;2.94209;-1.93389;1.47974;-1.57898;2.22005;-4.67525;2.80186;-1.72759;1.75309;-1.17331
559;5.74956;-5.54944;2.95046;-1.94589;1.45750;-1.61438;2.31483;-4.81115;2.80786;-1.74004;1.73333;-1.19457
560;5.97762;-5.44475;2.95978;-1.95852;1.43446;-1.65349;2.42061;-4.94625;2.81395;-1.75241;1.71336;-1.21643
561;6.19420;-5.32229;2.96920;-1.97111;1.41126;-1.69404;2.53785;-5.07955;2.82014;-1.76470;1.69317;-1.23891
562;6.38410;-5.17373;2.97938;-1.98280;1.39058;-1.73667;2.66693;-5.20991;2.82642;-1.77691;1.67276;-1.26204
563;6.57173;-5.02276;2.98901;-1.99532;1.36725;-1.78030;2.80812;-5.33608;2.83279;-1.78903;1.65215;-1.28582
564;6.69000;-4.92290;2.99498;-2.00372;1.34925;-1.81205;2.96152;-5.45670;2.83925;-1.80108;1.63132;-1.31030
565;6.74216;-4.89630;2.99635;-2.00740;1.33712;-1.82811;3.12707;-5.57034;2.84579;-1.81304;1.61028;-1.33550
566;6.77945;-4.86109;2.99835;-2.01020;1.32777;-1.84492;3.30450;-5.67547;2.85242;-1.82492;1.58904;-1.36143
567;6.83041;-4.83263;2.99973;-2.01388;1.31548;-1.86144;3.49334;-5.77057;2.85913;-1.83672;1.56759;-1.38813
568;6.88081;-4.80311;3.00111;-2.01757;1.30309;-1.87819;3.69284;-5.85409;2.86592;-1.84844;1.54595;-1.41562
569;6.91587;-4.76591;3.00314;-2.02036;1.29360;-1.89569;3.90204;-5.92457;2.87279;-1.86008;1.52412;-1.44394
570;6.96492;-4.73464;3.00453;-2.02405;1.28106;-1.91292;4.11971;-5.98062;2.87974;-1.87164;1.50211;-1.47311
571;6.99841;-4.69632;3.00657;-2.02685;1.27151;-1.93090;4.34438;-6.02100;2.88677;-1.88312;1.47991;-1.50317
572;7.04602;-4.66340;3.00797;-2.03053;1.25881;-1.94864;4.57436;-6.04468;2.89387;-1.89452;1.45755;-1.53414
573;7.07789;-4.62406;3.01002;-2.03333;1.24919;-1.96712;4.80779;-6.05088;2.90104;-1.90584;1.43503;-1.56607
574;7.12397;-4.58957;3.01144;-2.03702;1.23634;-1.98538;5.04267;-6.03908;2.90829;-1.91709;1.41235;-1.59898
575;7.16932;-4.55419;3.01287;-2.04071;1.22339;-2.00391;5.27691;-6.00909;2.91560;-1.92825;1.38954;-1.63292
576;7.19867;-4.51337;3.01493;-2.04351;1.21365;-2.02318;5.50839;-5.96102;2.92299;-1.93934;1.36660;-1.66792
577;7.24239;-4.47657;3.01637;-2.04720;1.20055;-2.04226;5.73506;-5.89534;2.93044;-1.95035;1.34355;-1.70402
578;7.27002;-4.43498;3.01845;-2.04999;1.19076;-2.06208;5.95493;-5.81279;2.93796;-1.96128;1.32041;-1.74126
579;7.31204;-4.39688;3.01990;-2.05369;1.17751;-2.08174;6.16620;-5.71442;2.94554;-1.97213;1.29718;-1.77969
580;7.33794;-4.35463;3.02199;-2.05648;1.16767;-2.10212;6.36726;-5.60152;2.95319;-1.98291;1.27391;-1.81935
581;7.37822;-4.31533;3.02345;-2.06018;1.15427;-2.12239;6.55674;-5.47556;2.96090;-1.99361;1.25059;-1.86028
582;7.41763;-4.27533;3.02492;-2.06388;1.14077;-2.14297;6.73354;-5.33818;2.96868;-2.00424;1.22727;-1.90254
583;7.44334;-4.21691;3.02794;-2.06729;1.13046;-2.16792;6.89387;-5.16952;2.97783;-2.01478;1.20574;-1.94974
584;7.48064;-4.17587;3.02942;-2.07099;1.11683;-2.18919;7.03683;-4.99223;2.98718;-2.02522;1.18467;-1.99888
585;7.50185;-4.13235;3.03154;-2.07378;1.10688;-2.21115;7.16279;-4.81086;2.99658;-2.03557;1.16391;-2.04961
586;7.53731;-4.09040;3.03304;-2.07748;1.09311;-2.23309;7.27222;-4.62735;3.00603;-2.04582;1.14354;-2.10200
587;7.55677;-4.04659;3.03517;-2.08027;1.08314;-2.25570;7.36581;-4.44340;3.01553;-2.05598;1.12359;-2.15609
588;7.59039;-4.00385;3.03668;-2.08398;1.06924;-2.27834;7.44442;-4.26053;3.02509;-2.06604;1.10414;-2.21194
589;7.62306;-3.96061;3.03820;-2.08768;1.05524;-2.30134;7.50902;-4.08003;3.03468;-2.07602;1.08526;-2.26960
590;7.63987;-3.91642;3.04034;-2.09047;1.04522;-2.32499;7.56063;-3.90295;3.04433;-2.08590;1.06702;-2.32913
591;7.67067;-3.87256;3.04187;-2.09418;1.03110;-2.34873;7.60034;-3.73019;3.05402;-2.09569;1.04950;-2.39057
592;7.68576;-3.82832;3.04403;-2.09696;1.02108;-2.37309;7.62922;-3.56241;3.06376;-2.10539;1.03278;-2.45399
593;7.71470;-3.78394;3.04557;-2.10067;1.00684;-2.39760;7.64833;-3.40015;3.07354;-2.11500;1.01697;-2.51944
594;7.72811;-3.73973;3.04774;-2.10345;0.99683;-2.42271;7.65870;-3.24376;3.08336;-2.12453;1.00216;-2.58696
595;7.75519;-3.69494;3.04930;-2.10717;0.98248;-2.44803;7.66128;-3.09349;3.09322;-2.13396;0.98847;-2.65661
596;7.78131;-3.64984;3.05086;-2.11088;0.96805;-2.47377;7.65699;-2.94948;3.10313;-2.14331;0.97600;-2.72843
597;7.79219;-3.60574;3.05305;-2.11366;0.95805;-2.50007;7.64668;-2.81178;3.11308;-2.15257;0.96489;-2.80248
598;7.81647;-3.56039;3.05462;-2.11738;0.94352;-2.52666;7.63110;-2.68035;3.12306;-2.16174;0.95527;-2.87878
599;7.82575;-3.51653;3.05682;-2.12016;0.93358;-2.55379;7.61099;-2.55511;3.13309;-2.17083;0.94728;-2.95738
600;7.84822;-3.47101;3.05841;-2.12388;0.91896;-2.58128;7.58696;-2.43593;3.14315;-2.17984;0.94108;-3.03831
601;7.85595;-3.42747;3.06062;-2.12665;0.90908;-2.60926;7.55961;-2.32263;3.15326;-2.18876;0.93683;-3.12159
602;7.87664;-3.38188;3.06222;-2.13037;0.89439;-2.63768;7.52944;-2.21502;3.16340;-2.19759;0.93470;-3.20724
603;7.89639;-3.33616;3.06383;-2.13409;0.87963;-2.66660;7.49692;-2.11290;3.17357;-2.20635;0.93489;-3.29527
604;7.90181;-3.29314;3.06605;-2.13687;0.86984;-2.69595;7.46247;-2.01603;3.18378;-2.21502;0.93757;-3.38567
605;7.91983;-3.24748;3.06768;-2.14060;0.85503;-2.72586;7.42643;-1.92417;3.19403;-2.22361;0.94296;-3.47844
606;7.92383;-3.20493;3.06991;-2.14337;0.84536;-2.75616;7.38913;-1.83711;3.20431;-2.23212;0.95127;-3.57356
607;7.94015;-3.15942;3.07155;-2.14710;0.83052;-2.78712;7.35085;-1.75460;3.21463;-2.24054;0.96273;-3.67097
608;7.94278;-3.11741;3.07380;-2.14987;0.82099;-2.81840;7.31184;-1.67641;3.22498;-2.24889;0.97758;-3.77062
609;7.95746;-3.07210;3.07544;-2.15360;0.80613;-2.85044;7.27230;-1.60231;3.23536;-2.25716;0.99605;-3.87245
610;7.97127;-3.02683;3.07710;-2.15732;0.79123;-2.88305;7.23243;-1.53209;3.24578;-2.26535;1.01839;-3.97635
611;7.97187;-2.98565;3.07936;-2.16010;0.78192;-2.91591;7.19238;-1.46554;3.25622;-2.27345;1.04488;-4.08221
612;7.97990;-2.92855;3.08199;-2.16443;0.76744;-2.95540;7.15230;-1.40245;3.26670;-2.28149;1.07576;-4.18989
613;7.97916;-2.88819;3.08427;-2.16720;0.75838;-2.98944;7.11229;-1.34264;3.27721;-2.28944;1.11131;-4.29922
614;7.98970;-2.84378;3.08595;-2.17093;0.74360;-3.02452;7.07248;-1.28590;3.28775;-2.29732;1.15180;-4.41000
615;7.98780;-2.80411;3.08824;-2.17370;0.73479;-3.05969;7.03293;-1.23208;3.29832;-2.30511;1.19748;-4.52202
616;7.99688;-2.76014;3.08994;-2.17743;0.72009;-3.09603;6.99373;-1.18100;3.30892;-2.31284;1.24864;-4.63502
617;8.00518;-2.71633;3.09164;-2.18117;0.70538;-3.13306;6.95531;-1.13295;3.31944;-2.32041;1.30501;-4.74788
618;8.00156;-2.67772;3.09395;-2.18394;0.69697;-3.17006;6.91884;-1.08898;3.32958;-2.32764;1.36510;-4.85788
619;8.00849;-2.63443;3.09566;-2.18767;0.68240;-3.20844;6.88282;-1.04711;3.33974;-2.33480;1.43092;-4.96794
620;8.00386;-2.59659;3.09798;-2.19044;0.67433;-3.24669;6.84727;-1.00721;3.34993;-2.34188;1.50267;-5.07771
621;8.00947;-2.55386;3.09971;-2.19418;0.65993;-3.28648;6.81223;-0.96918;3.36015;-2.34891;1.58053;-5.18681
622;8.00389;-2.51681;3.10204;-2.19694;0.65226;-3.32604;6.77771;-0.93293;3.37039;-2.35586;1.66462;-5.29483
623;8.00824;-2.47469;3.10378;-2.20068;0.63807;-3.36730;6.74372;-0.89834;3.38065;-2.36275;1.75508;-5.40133
624;8.01191;-2.43282;3.10553;-2.20442;0.62394;-3.40937;6.71029;-0.86534;3.39093;-2.36957;1.85197;-5.50585
625;8.00492;-2.39696;3.10788;-2.20718;0.61691;-3.45102;6.67742;-0.83383;3.40125;-2.37633;1.95534;-5.60790
626;8.00741;-2.35575;3.10964;-2.21093;0.60307;-3.49466;6.64511;-0.80375;3.41158;-2.38302;2.06520;-5.70697
627;7.99961;-2.32072;3.11200;-2.21369;0.59657;-3.53775;6.61336;-0.77500;3.42194;-2.38965;2.18148;-5.80253
628;8.00098;-2.28019;3.11377;-2.21743;0.58307;-3.58303;6.58219;-0.74753;3.43232;-2.39621;2.30409;-5.89404
629;7.99242;-2.24601;3.11614;-2.22019;0.57717;-3.62761;6.55158;-0.72125;3.44272;-2.40271;2.43288;-5.98096
630;7.99274;-2.20619;3.11793;-2.22394;0.56408;-3.67460;6.52154;-0.69613;3.45315;-2.40914;2.56762;-6.06275
631;7.99247;-2.16669;3.11972;-2.22769;0.55115;-3.72253;6.49206;-0.67208;3.46359;-2.41551;2.70805;-6.13887
632;7.98280;-2.13376;3.12211;-2.23044;0.54623;-3.76951;6.46313;-0.64905;3.47406;-2.42182;2.85384;-6.20880
633;7.98155;-2.09500;3.12392;-2.23419;0.53381;-3.81926;6.43476;-0.62701;3.48455;-2.42806;3.00460;-6.27204
634;7.97125;-2.06292;3.12632;-2.23695;0.52968;-3.86788;6.40693;-0.60588;3.49507;-2.43424;3.15987;-6.32813
635;7.96908;-2.02492;3.12814;-2.24070;0.51786;-3.91954;6.37963;-0.58563;3.50560;-2.44036;3.31916;-6.37665
636;7.95820;-1.99370;3.13055;-2.24346;0.51460;-3.96985;6.35286;-0.56622;3.51615;-2.44641;3.48192;-6.41721
637;7.95517;-1.95647;3.13238;-2.24721;0.50346;-4.02348;6.32662;-0.54759;3.52673;-2.45241;3.64754;-6.44948
638;7.95164;-1.91959;3.13422;-2.25096;0.49263;-4.07820;6.30088;-0.52972;3.53732;-2.45834;3.81540;-6.47321
639;7.93990;-1.88963;3.13665;-2.25372;0.49083;-4.13123;6.27564;-0.51257;3.54794;-2.46421;3.98483;-6.48818
640;7.93559;-1.85355;3.13851;-2.25747;0.48084;-4.18805;6.25090;-0.49609;3.55857;-2.47002;4.15513;-6.49428
641;7.91682;-1.81700;3.14196;-2.26080;0.48330;-4.25188;6.22664;-0.48026;3.56923;-2.47577;4.32563;-6.49145
642;7.91172;-1.78186;3.14383;-2.26456;0.47442;-4.31102;6.20285;-0.46505;3.57990;-2.48146;4.49560;-6.47969
643;7.90620;-1.74709;3.14570;-2.26832;0.46598;-4.37137;6.17952;-0.45043;3.59059;-2.48708;4.66436;-6.45910
644;7.89331;-1.71935;3.14816;-2.27107;0.46741;-4.42932;6.15665;-0.43637;3.60131;-2.49265;4.83122;-6.42983
645;7.88713;-1.68537;3.15005;-2.27483;0.46014;-4.49197;6.13422;-0.42284;3.61204;-2.49816;4.99554;-6.39212
646;7.87389;-1.65845;3.15252;-2.27758;0.46306;-4.55190;6.11223;-0.40982;3.62279;-2.50361;5.15669;-6.34626
647;7.86709;-1.62526;3.15442;-2.28134;0.45710;-4.61695;6.09066;-0.39728;3.63356;-2.50899;5.31408;-6.29259
648;7.85352;-1.59915;3.15691;-2.28408;0.46167;-4.67890;6.06950;-0.38521;3.64434;-2.51432;5.46719;-6.23152
649;7.84615;-1.56674;3.15882;-2.28785;0.45718;-4.74642;6.04876;-0.37358;3.65515;-2.51959;5.61554;-6.16348
650;7.83844;-1.53472;3.16075;-2.29161;0.45342;-4.81530;6.02840;-0.36237;3.66597;-2.52481;5.75870;-6.08898
651;7.82439;-1.50980;3.16325;-2.29435;0.46073;-4.88049;6.00844;-0.35157;3.67681;-2.52996;5.89629;-6.00851
652;7.81617;-1.47856;3.16518;-2.29812;0.45871;-4.95196;5.98885;-0.34115;3.68767;-2.53505;6.02802;-5.92260
653;7.75551;-1.41487;3.17490;-2.30484;0.50836;-5.09293;5.96963;-0.33110;3.69854;-2.54009;6.15364;-5.83180
654;7.64024;-1.32000;3.19352;-2.31498;0.62945;-5.31335;5.95077;-0.32140;3.70944;-2.54507;6.27295;-5.73666
655;7.53053;-1.23397;3.21223;-2.32497;0.77143;-5.53258;5.93227;-0.31204;3.72035;-2.54999;6.38582;-5.63772
656;7.42613;-1.15576;3.23106;-2.33481;0.93524;-5.74814;5.91411;-0.30301;3.73127;-2.55485;6.49218;-5.53552
657;7.32675;-1.08449;3.24999;-2.34451;1.12142;-5.95720;5.89628;-0.29428;3.74222;-2.55966;6.59199;-5.43059
658;7.23214;-1.01937;3.26902;-2.35406;1.33011;-6.15672;5.87879;-0.28585;3.75318;-2.56441;6.68528;-5.32342
659;7.14520;-0.95486;3.28764;-2.36452;1.55274;-6.35564;5.86161;-0.27770;3.76416;-2.56910;6.77211;-5.21452
660;7.05909;-0.90039;3.30690;-2.37377;1.80563;-6.52726;5.84433;-0.27088;3.77539;-2.57305;6.84721;-5.10146
661;6.98147;-0.85298;3.32518;-2.38238;2.06427;-6.67321;5.82697;-0.26531;3.78688;-2.57624;6.91078;-4.98551
662;6.90298;-0.80662;3.34463;-2.39134;2.35366;-6.80412;5.80996;-0.25991;3.79837;-2.57938;6.96843;-4.87017
663;6.82808;-0.76384;3.36419;-2.40014;2.65787;-6.90991;5.79329;-0.25468;3.80987;-2.58245;7.02043;-4.75573
664;6.75657;-0.72427;3.38386;-2.40879;2.97355;-6.98832;5.77695;-0.24960;3.82136;-2.58547;7.06703;-4.64246
665;6.69018;-0.68390;3.40316;-2.41839;3.29601;-7.05358;5.76094;-0.24468;3.83286;-2.58843;7.10852;-4.53058
666;6.62470;-0.65005;3.42304;-2.42674;3.62449;-7.07299;5.74523;-0.23991;3.84436;-2.59134;7.14517;-4.42030
667;6.56205;-0.61858;3.44303;-2.43493;3.95241;-7.06204;5.72982;-0.23527;3.85586;-2.59418;7.17725;-4.31179
668;6.50208;-0.58928;3.46312;-2.44296;4.27563;-7.02133;5.71471;-0.23077;3.86736;-2.59697;7.20504;-4.20520
669;6.44462;-0.56197;3.48331;-2.45083;4.59021;-6.95217;5.69988;-0.22640;3.87886;-2.59970;7.22879;-4.10063
670;6.38954;-0.53646;3.50360;-2.45855;4.89264;-6.85655;5.68533;-0.22216;3.89037;-2.60238;7.24876;-3.99820
671;6.33798;-0.50973;3.52358;-2.46723;5.18686;-6.75005;5.67105;-0.21803;3.90187;-2.60499;7.26520;-3.89798
672;6.28718;-0.48751;3.54409;-2.47463;5.45736;-6.60835;5.65703;-0.21402;3.91338;-2.60755;7.27835;-3.80003
673;6.23839;-0.46667;3.56470;-2.48186;5.70824;-6.44858;5.64327;-0.21012;3.92489;-2.61005;7.28843;-3.70439
674;6.19150;-0.44711;3.58541;-2.48892;5.93827;-6.27396;5.62976;-0.20633;3.93640;-2.61250;7.29567;-3.61108
675;6.14886;-0.42972;3.60507;-2.49544;6.13779;-6.09731;5.61649;-0.20265;3.94791;-2.61489;7.30027;-3.52014
676;6.10538;-0.41236;3.62598;-2.50217;6.32581;-5.90271;5.60345;-0.19906;3.95942;-2.61722;7.30243;-3.43156
677;6.06439;-0.39372;3.64663;-2.50991;6.50263;-5.70918;5.59065;-0.19557;3.97093;-2.61950;7.30234;-3.34533
678;6.02401;-0.37839;3.66775;-2.51632;6.64880;-5.50435;5.57807;-0.19217;3.98245;-2.62172;7.30017;-3.26144
679;5.98509;-0.36390;3.68897;-2.52255;6.77523;-5.29850;5.56571;-0.18886;3.99396;-2.62389;7.29609;-3.17987
680;5.94755;-0.35022;3.71029;-2.52861;6.88311;-5.09358;5.55356;-0.18564;4.00548;-2.62600;7.29026;-3.10059
681;5.91134;-0.33727;3.73171;-2.53449;6.97375;-4.89121;5.54161;-0.18250;4.01700;-2.62805;7.28283;-3.02357
682;5.87637;-0.32501;3.75323;-2.54019;7.04856;-4.69274;5.52987;-0.17944;4.02851;-2.63005;7.27393;-2.94876
683;5.84323;-0.31155;3.77454;-2.54693;7.11815;-4.50128;5.51833;-0.17646;4.04003;-2.63200;7.26368;-2.87613
684;5.81056;-0.30059;3.79627;-2.55228;7.16515;-4.31293;5.50698;-0.17355;4.05155;-2.63388;7.25222;-2.80563
685;5.77897;-0.29018;3.81810;-2.55745;7.20043;-4.13100;5.49582;-0.17072;4.06307;-2.63572;7.23965;-2.73721
686;5.74842;-0.28029;3.84003;-2.56244;7.22529;-3.95587;5.48484;-0.16796;4.07459;-2.63750;7.22607;-2.67082
687;5.71885;-0.27089;3.86205;-2.56724;7.24092;-3.78781;5.47404;-0.16526;4.08611;-2.63922;7.21159;-2.60642
688;5.69022;-0.26194;3.88417;-2.57186;7.24844;-3.62692;5.46341;-0.16263;4.09763;-2.64089;7.19629;-2.54395
689;5.66401;-0.25387;3.90515;-2.57605;7.24937;-3.48032;5.45296;-0.16007;4.10915;-2.64250;7.18026;-2.48335
690;5.64449;-0.24795;3.92126;-2.57914;7.24754;-3.36739;5.44267;-0.15756;4.12067;-2.64406;7.16358;-2.42459
691;5.62395;-0.24180;3.93865;-2.58235;7.24145;-3.25183;5.43254;-0.15512;4.13220;-2.64557;7.14630;-2.36759
692;5.60531;-0.23628;3.95486;-2.58524;7.23307;-3.14701;5.42257;-0.15273;4.14372;-2.64702;7.12852;-2.31232
693;5.58569;-0.23054;3.97237;-2.58822;7.22080;-3.03995;5.41276;-0.15040;4.15524;-2.64842;7.11027;-2.25871
694;5.56789;-0.22539;3.98869;-2.59089;7.20722;-2.94293;5.40309;-0.14812;4.16677;-2.64976;7.09163;-2.20673
695;5.54913;-0.22003;4.00631;-2.59366;7.19010;-2.84399;5.39358;-0.14590;4.17829;-2.65105;7.07263;-2.15631
696;5.53081;-0.21485;4.02399;-2.59630;7.17094;-2.74904;5.38421;-0.14373;4.18981;-2.65228;7.05334;-2.10740
697;5.51417;-0.21020;4.04046;-2.59864;7.15160;-2.66306;5.37498;-0.14160;4.20134;-2.65346;7.03380;-2.05997
698;5.49663;-0.20536;4.05825;-2.60105;7.12918;-2.57551;5.36589;-0.13953;4.21286;-2.65459;7.01404;-2.01396
699;5.48036;-0.20221;4.07498;-2.60189;7.10248;-2.49795;5.35694;-0.13750;4.22438;-2.65566;6.99410;-1.96933
700;5.46357;-0.19765;4.09288;-2.60406;7.07783;-2.41730;5.34812;-0.13551;4.23591;-2.65668;6.97402;-1.92602
701;5.44831;-0.19354;4.10954;-2.60596;7.05401;-2.34426;5.33942;-0.13357;4.24743;-2.65765;6.95384;-1.88400
702;5.43222;-0.18925;4.12755;-2.60788;7.02759;-2.26994;5.33086;-0.13167;4.25895;-2.65856;6.93357;-1.84323
703;5.41647;-0.18510;4.14560;-2.60968;7.00048;-2.19869;5.32242;-0.12981;4.27047;-2.65942;6.91325;-1.80365
704;5.40214;-0.18137;4.16242;-2.61123;6.97469;-2.13413;5.31410;-0.12800;4.28200;-2.66022;6.89289;-1.76524
705;5.38702;-0.17747;4.18059;-2.61278;6.94659;-2.06845;5.30567;-0.12637;4.29380;-2.66072;6.87158;-1.72778
706;5.37326;-0.17395;4.19751;-2.61410;6.92004;-2.00891;5.29714;-0.12491;4.30588;-2.66092;6.84938;-1.69128
707;5.35874;-0.17028;4.21578;-2.61540;6.89134;-1.94834;5.28873;-0.12349;4.31796;-2.66106;6.82730;-1.65588
708;5.34552;-0.16697;4.23280;-2.61649;6.86437;-1.89340;5.28046;-0.12210;4.33003;-2.66114;6.80534;-1.62155
709;5.33157;-0.16351;4.25118;-2.61753;6.83539;-1.83750;5.27230;-0.12073;4.34209;-2.66116;6.78352;-1.58824
710;5.31766;-0.16112;4.26968;-2.61712;6.80347;-1.78572;5.26426;-0.11939;4.35415;-2.66113;6.76185;-1.55592
711;5.30521;-0.15807;4.28684;-2.61784;6.77645;-1.73700;5.25634;-0.11808;4.36621;-2.66103;6.74034;-1.52455
712;5.29205;-0.15488;4.30537;-2.61848;6.74762;-1.68741;5.24854;-0.11679;4.37825;-2.66088;6.71900;-1.49410
713;5.28007;-0.15200;4.32263;-2.61895;6.72073;-1.64234;5.24084;-0.11553;4.39029;-2.66067;6.69783;-1.46454
714;5.26741;-0.14899;4.34126;-2.61933;6.69213;-1.59647;5.23326;-0.11429;4.40233;-2.66040;6.67685;-1.43582
715;5.25587;-0.14627;4.35861;-2.61955;6.66551;-1.55474;5.22578;-0.11307;4.41436;-2.66008;6.65606;-1.40793
716;5.24367;-0.14342;4.37735;-2.61965;6.63728;-1.51226;5.21841;-0.11188;4.42638;-2.65970;6.63546;-1.38083
717;5.23171;-0.14065;4.39614;-2.61961;6.60929;-1.47140;5.21114;-0.11071;4.43840;-2.65926;6.61506;-1.35450
718;5.22080;-0.13815;4.41364;-2.61945;6.58328;-1.43419;5.20397;-0.10956;4.45041;-2.65876;6.59486;-1.32890
719;5.20926;-0.13552;4.43253;-2.61913;6.55580;-1.39629;5.19690;-0.10843;4.46242;-2.65820;6.57487;-1.30402
720;5.19855;-0.13395;4.45008;-2.61735;6.52836;-1.36343;5.18992;-0.10732;4.47442;-2.65759;6.55509;-1.27982
721;5.18743;-0.13145;4.46906;-2.61675;6.50153;-1.32820;5.18304;-0.10623;4.48641;-2.65692;6.53551;-1.25629
722;5.17728;-0.12918;4.48674;-2.61605;6.47665;-1.29606;5.17625;-0.10516;4.49840;-2.65619;6.51615;-1.23340
723;5.16653;-0.12681;4.50582;-2.61515;6.45044;-1.26330;5.16956;-0.10412;4.51038;-2.65540;6.49700;-1.21112
724;5.15598;-0.12450;4.52495;-2.61411;6.42456;-1.23172;5.16295;-0.10308;4.52235;-2.65455;6.47806;-1.18944
725;5.14636;-0.12240;4.54276;-2.61300;6.40059;-1.20288;5.15643;-0.10207;4.53432;-2.65365;6.45934;-1.16834
726;5.13617;-0.12020;4.56199;-2.61165;6.37537;-1.17346;5.14999;-0.10108;4.54628;-2.65269;6.44083;-1.14780
727;5.12686;-0.11821;4.57989;-2.61026;6.35202;-1.14656;5.14364;-0.10010;4.55823;-2.65167;6.42253;-1.12779
728;5.11701;-0.11612;4.59921;-2.60862;6.32748;-1.11911;5.13737;-0.09914;4.57018;-2.65060;6.40445;-1.10831
729;5.10733;-0.11409;4.61858;-2.60681;6.30329;-1.09262;5.13119;-0.09819;4.58212;-2.64946;6.38658;-1.08933
730;5.09970;-0.11320;4.63369;-2.60389;6.28246;-1.07248;5.12508;-0.09727;4.59405;-2.64827;6.36892;-1.07083
731;5.09165;-0.11152;4.65036;-2.60210;6.26180;-1.05019;5.11904;-0.09635;4.60598;-2.64702;6.35147;-1.05280
732;5.08437;-0.11001;4.66567;-2.60035;6.24280;-1.02982;5.11309;-0.09545;4.61790;-2.64572;6.33423;-1.03523
733;5.07719;-0.10852;4.68100;-2.59850;6.22403;-1.01002;5.10721;-0.09457;4.62982;-2.64435;6.31719;-1.01811
734;5.06997;-0.10771;4.69619;-2.59515;6.20430;-0.99212;5.10140;-0.09370;4.64172;-2.64293;6.30036;-1.00140
735;5.06297;-0.10628;4.71157;-2.59309;6.18601;-0.97337;5.09566;-0.09285;4.65362;-2.64145;6.28374;-0.98511
736;5.05545;-0.10475;4.72839;-2.59072;6.16661;-0.95401;5.09000;-0.09201;4.66551;-2.63991;6.26732;-0.96922
737;5.04864;-0.10337;4.74383;-2.58844;6.14878;-0.93628;5.08440;-0.09118;4.67740;-2.63831;6.25110;-0.95371
738;5.04193;-0.10202;4.75931;-2.58606;6.13117;-0.91904;5.07888;-0.09037;4.68928;-2.63666;6.23507;-0.93858
739;5.03518;-0.10130;4.77458;-2.58215;6.11275;-0.90352;5.07341;-0.08957;4.70115;-2.63495;6.21925;-0.92382
740;5.02863;-0.09999;4.79009;-2.57955;6.09560;-0.88715;5.06802;-0.08878;4.71301;-2.63318;6.20361;-0.90940
741;5.02217;-0.09870;4.80564;-2.57683;6.07866;-0.87121;5.06269;-0.08801;4.72486;-2.63135;6.18817;-0.89532
742;5.01522;-0.09733;4.82263;-2.57374;6.06072;-0.85475;5.05742;-0.08724;4.73671;-2.62946;6.17292;-0.88158
743;5.00881;-0.09666;4.83796;-2.56938;6.04331;-0.84084;5.05221;-0.08649;4.74855;-2.62751;6.15786;-0.86815
744;5.00260;-0.09545;4.85357;-2.56632;6.02704;-0.82611;5.04707;-0.08575;4.76038;-2.62551;6.14298;-0.85504
745;4.99646;-0.09425;4.86922;-2.56314;6.01098;-0.81176;5.04199;-0.08503;4.77221;-2.62345;6.12829;-0.84222
746;4.99040;-0.09307;4.88489;-2.55985;5.99512;-0.79776;5.03696;-0.08431;4.78403;-2.62132;6.11378;-0.82970
747;4.98388;-0.09181;4.90201;-2.55613;5.97834;-0.78330;5.03199;-0.08360;4.79584;-2.61915;6.09944;-0.81746
748;4.97787;-0.09121;4.91740;-2.55116;5.96210;-0.77113;5.02708;-0.08291;4.80764;-2.61691;6.08528;-0.80549
749;4.97203;-0.09010;4.93314;-2.54751;5.94688;-0.75816;5.02223;-0.08222;4.81943;-2.61461;6.07130;-0.79380
750;4.96627;-0.08900;4.94890;-2.54374;5.93185;-0.74550;5.01743;-0.08155;4.83121;-2.61225;6.05749;-0.78236
