lambda_nm,Re_eps_eff_I0e+00,Im_eps_eff_I0e+00,status_I0e+00,Re_eps_eff_I1e+06,Im_eps_eff_I1e+06,status_I1e+06,Re_eps_eff_I5e+06,Im_eps_eff_I5e+06,status_I5e+06,Re_eps_eff_I2e+07,Im_eps_eff_I2e+07,status_I2e+07
400.0,3.2265699463105477,-0.9646434819613606,ok,3.2271700886388826,-0.964528422301183,ok,3.229555330677993,-0.9640679706244132,ok,3.2382884283439424,-0.9623390589244134,ok
402.0,3.226131519330605,-0.9657681385694753,ok,3.226733586671707,-0.965652270010133,ok,3.2291264350748277,-0.9651885947386334,ok,3.2378867832677978,-0.9634477661083852,ok
404.0,3.225693167736782,-0.9668949473278385,ok,3.2262971670782954,-0.9667782648636277,ok,3.228697649177516,-0.9663113461487945,ok,3.237485342164413,-0.9645585285771562,ok
406.0,3.2252548939965737,-0.9680239134494208,ok,3.2258608323525055,-0.96790641204333,ok,3.228268975581086,-0.9674362299133189,ok,3.2370841079526103,-0.965671350953966,ok
408.0,3.2248167005929536,-0.9691550421608031,ok,3.22542458500377,-0.9690367167443135,ok,3.227840416896451,-0.9685632511032524,ok,3.2366830835679226,-0.9667862378720159,ok
410.0,3.2243785900244655,-0.9702883387022064,ok,3.224988427557173,-0.9701691841750874,ok,3.2274119757505018,-0.9696924148022885,ok,3.2362822719626863,-0.9679031939744769,ok
412.0,3.2239405648053037,-0.9714238083275194,ok,3.2245523625535393,-0.9713038195576256,ok,3.2269836547861925,-0.9708237261067888,ok,3.235881676106132,-0.9690222239144936,ok
414.0,3.2231826137479147,-0.972102824231377,ok,3.2237963372196505,-0.9719825185797988,ok,3.2262352440861712,-0.9715011552828257,ok,3.2351606198579206,-0.969694865256449,ok
416.0,3.2218294616738157,-0.9719292058993477,ok,3.2224450384482943,-0.9718095561300507,ok,3.2248912869964133,-0.9713307852970945,ok,3.233843217496271,-0.9695337946182734,ok
418.0,3.220474950864795,-0.9717532144395163,ok,3.2210923846984807,-0.9716342265671685,ok,3.2235459897298333,-0.9711580719412988,ok,3.2325245274506633,-0.9693704653807519,ok
420.0,3.2191190845549107,-0.9715748422872136,ok,3.2197383791949092,-0.9714565223568289,ok,3.2221993554740767,-0.9709830078003965,ok,3.2312045527750652,-0.9692048705479878,ok
422.0,3.217761866010275,-0.9713940818698559,ok,3.218383025194155,-0.9712764359568646,ok,3.2208513874479547,-0.970805585451762,ok,3.229883296552139,-0.9690370031173936,ok
424.0,3.2164032985291926,-0.9712109256070531,ok,3.2170263259848,-0.9710939598173655,ok,3.2195020889015704,-0.9706257974652882,ok,3.228560761893361,-0.9688668560797812,ok
426.0,3.215043385442285,-0.9710253659107104,ok,3.2156682848875566,-0.9709090863807849,ok,3.218151463116435,-0.970443636403488,ok,3.227236951939107,-0.9686944224194558,ok
428.0,3.2136821301126113,-0.9708373951851381,ok,3.2143089052553964,-0.9707218080820451,ok,3.2167995134055904,-0.9702590948215996,ok,3.225911869858773,-0.9685196951143107,ok
430.0,3.2123195359358134,-0.9706470058271581,ok,3.212948190473678,-0.9705321173486454,ok,3.215446243113741,-0.9700721652676887,ok,3.224585518850876,-0.968342667135921,ok
432.0,3.207337266478738,-0.9714620483574367,ok,3.2079746155961235,-0.9713484057444443,ok,3.210507077776185,-0.9708933419948081,ok,3.219770367008173,-0.969180894319816,ok
434.0,3.2011023535433782,-0.9725918615187545,ok,3.2017508475602456,-0.9724797354740171,ok,3.2043274101520294,-0.9720306161096028,ok,3.213749553397439,-0.9703388208541233,ok
436.0,3.194814074338965,-0.9736971778112049,ok,3.19547392159743,-0.9735866744404044,ok,3.198095404027832,-0.973143916443121,ok,3.207679287490991,-0.9714742378627554,ok
438.0,3.188472015935249,-0.9747772895433189,ok,3.1891434284824265,-0.9746685191457133,ok,3.191810664606916,-0.9742325558957289,ok,3.2015592234792147,-0.972586514785131,ok
440.0,3.1820757667278894,-0.9758314737791922,ok,3.1827589603587003,-0.9757245509931044,ok,3.185472798623493,-0.9752958328332013,ok,3.1953890175776274,-0.973675008415029,ok
442.0,3.1756249166706625,-0.9768589920652433,ok,3.176320110969578,-0.9767540360181274,ok,3.1790814145694632,-0.9763330308355935,ok,3.1891683282370153,-0.9747390627055252,ok
444.0,3.169119057517508,-0.9778590901545101,ok,3.1698264758990815,-0.9777562246177091,ok,3.172636122930418,-0.9773434184442005,ok,3.1828968163611475,-0.9757780085733201,ok
446.0,3.162557783074675,-0.9788309977286044,ok,3.1632776528227455,-0.9787303512769197,ok,3.1661365364311123,-0.978326248906745,ok,3.1765741455322565,-0.9767911637025892,ok
448.0,3.1559406894633364,-0.9797739281174538,ok,3.1566732417687655,-0.9796756342936502,ok,3.159582270290716,-0.9792807599209198,ok,3.1701999822444678,-0.9777778323484854,ok
450.0,3.1492673753929714,-0.9806870780169868,ok,3.150012845389748,-0.9805912755013468,ok,3.1529729424881006,-0.9802061733764424,ok,3.163773996145387,-0.9787373051404606,ok
452.0,3.1419062360791017,-0.9802991008243652,ok,3.142664277237319,-0.9802074688674948,ok,3.1456740939383616,-0.9798387983125161,ok,3.15665392843895,-0.9784281713093764,ok
454.0,3.1339855608061655,-0.9788012192938838,ok,3.1347558383753946,-0.978715235109105,ok,3.1378140703728876,-0.9783688528791046,ok,3.148968258976214,-0.9770377164880375,ok
456.0,3.1260264063772984,-0.9772203731102321,ok,3.126809034156217,-0.9771402846682855,ok,3.1299161291666264,-0.9768171675685897,ok,3.1412462509522503,-0.9755689825925615,ok
458.0,3.1180295486238645,-0.9755552071842762,ok,3.11882463719064,-0.9754812686748338,ok,3.121981030266544,-0.9751824178958131,ok,3.1334886197458274,-0.9740207300833645,ok
460.0,3.109995798890706,-0.9738043631535764,ok,3.110803455357083,-0.973736835021341,ok,3.1140095679282007,-0.9734632762783528,ok,3.125696111770943,-0.9723917167907716,ok
462.0,3.101926004693549,-0.9719664801642972,ok,3.1027463324511317,-0.9719056291381687,ok,3.106002571335275,-0.9716584127845934,ok,3.117869504997621,-0.9706806985729326,ok
464.0,3.0938210503670422,-0.9700401956870752,ok,3.094654148825811,-0.9699862948019108,ok,3.0979609052098387,-0.9697664959134655,ok,3.1100096094638876,-0.9688864299995438,ok
466.0,3.085681857702073,-0.968024146367309,ok,3.0865278220211576,-0.9679774749777819,ok,3.089885470412125,-0.9677861934062427,ok,3.1021172677779405,-0.9670076650616148,ok
468.0,3.077509386570976,-0.9659169689102772,ok,3.078368307381768,-0.9658778126963495,ok,3.0817772045285157,-0.9657161730907637,ok,3.0941933556094847,-0.9650431579074972,ok
470.0,3.069304635539176,-0.9637173010014792,ok,3.0701765986608605,-0.9636859519649613,ok,3.0736370824464063,-0.9635551037583898,ok,3.0862387821691897,-0.9629916636053439,ok
472.0,3.0581482960627118,-0.9641631406891846,ok,3.0590435182233615,-0.9641394223543838,ok,3.0625958725596636,-0.964038529488499,ok,3.0755263384576015,-0.9635798396372,ok
474.0,3.0398365448895746,-0.970969838803824,ok,3.0407806915408893,-0.9709533925352056,ok,3.0445260582399984,-0.970880674731841,ok,3.058144156045221,-0.9705155849148268,ok
476.0,3.0210015655653772,-0.9777744059949828,ok,3.021997871562526,-0.9777663162305503,ok,3.02594890611428,-0.9777259740010144,ok,3.0402983534131662,-0.9774684568558216,ok
478.0,3.0016235022223015,-0.9845691681419381,ok,3.0026754494237005,-0.9845706551580601,ok,3.0068457622924623,-0.9845674108914181,ok,3.0219734345622538,-0.9844331243354977,ok
480.0,2.981681634093864,-0.9913456638634501,ok,2.9827929723009685,-0.9913581009715458,ok,2.98719720853622,-0.9913972641730383,ok,3.003153386394256,-0.9914037524975142,ok
482.0,2.9611543395631132,-0.9980945715312641,ok,2.9623291093489126,-0.9981195045605871,ok,2.966983035200777,-0.9982070456140323,ok,2.98382167142991,-0.9983739652101559,ok
484.0,2.9400190596755023,-1.0048056294235088,ok,2.941261617271588,-1.0048447988112936,ok,2.946182214416165,-1.0049874324360843,ok,2.963961222206334,-1.0053368052525544,ok
486.0,2.918252261324484,-1.011467548362274,ok,2.919567305749537,-1.011522914220018,ok,2.924772873770889,-1.0117281939611749,ok,2.943554437674811,-1.0122846921837385,ok
488.0,2.8958294003690708,-1.0180679161186121,ok,2.897222002994737,-1.0181416866980804,ok,2.9027322708120904,-1.0184181119804554,ok,2.922583181960892,-1.0192093778669777,ok
490.0,2.872724885003094,-1.024593092802336,ok,2.874200521766285,-1.0246877568481367,ok,2.8800367687350548,-1.025044894346931,ok,2.90102878589242,-1.0261018996467202,ok
492.0,2.8489120397673635,-1.0310280963831886,ok,2.850476626250516,-1.0311464599318316,ok,2.8566618137027118,-1.031595081265244,ok,2.8788720517491844,-1.0329525312065642,ok
494.0,2.824363070680029,-1.0373564774141657,ok,2.8260230002923743,-1.0375017056838485,ok,2.8325819143136277,-1.038053943724733,ok,2.856093261739168,-1.0397507311751155,ok
496.0,2.798538724121047,-1.0446477018815177,ok,2.8003055009444813,-1.0448226696313994,ok,2.807282821652775,-1.045489323389901,ok,2.8322457177572513,-1.0475572915916733,ok
498.0,2.761637414873274,-1.07334060834052,ok,2.7636171058596766,-1.0735352224059225,ok,2.7714257079240197,-1.074273194635742,ok,2.7992418345508634,-1.076518555620627,ok
500.0,2.7227069092317087,-1.103653515026668,ok,2.724932490271779,-1.1038705842812278,ok,2.733698847001447,-1.1046892482044814,ok,2.764775137388509,-1.1071255610886448,ok
502.0,2.681575146367408,-1.135727542140982,ok,2.6840858956915903,-1.135970364728297,ok,2.6939600169808076,-1.1368805007698417,ok,2.7287721079244562,-1.1395207808300958,ok
504.0,2.63805005317457,-1.1697206831917433,ok,2.6408929964633425,-1.1699931469382003,ok,2.652053621219137,-1.1710071598433711,ok,2.691158962085219,-1.1738629670363567,ok
506.0,2.5919165486216844,-1.20581040333713,ok,2.5951482934966297,-1.206117109738575,ok,2.6078094062372323,-1.2072492704328148,ok,2.6518630515977106,-1.2103293423354782,ok
508.0,2.5429329935936034,-1.2441967328918626,ok,2.54662207480228,-1.2445431508067792,ok,2.5610411281023056,-1.2458098584042003,ok,2.6108147573844236,-1.2491180900771912,ok
510.0,2.4908269627124415,-1.2851059696425138,ok,2.4950568624494385,-1.2854986265140247,ok,2.5115452084419725,-1.286918679238904,ok,2.567950003751026,-1.290451170067855,ok
512.0,2.435290182164689,-1.3287951344192344,ok,2.440163250400824,-1.3292418549865657,ok,2.4590994476764205,-1.3308367072254093,ok,2.5232135460233107,-1.3345774789879103,ok
514.0,2.3759724351826432,-1.3755573648916692,ok,2.381615020353298,-1.3760675700174922,ok,2.4034619020139343,-1.3778615329985873,ok,2.4765632068762553,-1.3817763617147991,ok
516.0,2.312474181046443,-1.4257284863213753,ok,2.3190434035644283,-1.4263135677978758,ok,2.344370087525942,-1.4283338780710044,ok,2.427975253795425,-1.432361458336768,ok
518.0,2.2443375594100874,-1.479695070000582,ok,2.2520303367185166,-1.480368860941732,ok,2.2815407563748105,-1.4826454848786752,ok,2.3774511151229145,-1.4866848390223397,ok
520.0,2.1710353525070953,-1.5379043874724592,ok,2.180100541477759,-1.5386837518332,ok,2.2146706063833044,-1.5412487007754678,ok,2.3250256149083373,-1.5451413325154753,ok
522.0,2.113377411066351,-1.6076820762353257,ok,2.1238829435820814,-1.6084184402133035,ok,2.163692025515416,-1.6106926348168782,ok,2.288411797310785,-1.612549938503346,ok
524.0,2.071572812240605,-1.6888594657732598,ok,2.0835522113337253,-1.6893548617939314,ok,2.1286430191315993,-1.6905896676767183,ok,2.267223165021836,-1.68816156967616,ok
526.0,2.029590685994083,-1.7766161025971592,ok,2.043273684618773,-1.7767639289463326,ok,2.09438687793374,-1.7765459406780955,ok,2.2481902620274155,-1.7685453201140042,ok
528.0,1.9877427778398147,-1.8716180443770762,ok,2.0033935751744947,-1.8712771636626089,ok,2.0613566712230815,-1.8690714734418288,ok,2.2317779372088173,-1.8539309123566632,ok
530.0,1.9464309724337703,-1.9746000203919782,ok,1.9643511980098407,-1.973584594002616,ok,2.030077756713909,-1.968703964089339,ok,2.218505388352372,-1.9445326124683948,ok
532.0,1.9061696316975032,-2.086368820134045,ok,1.9267001622684417,-2.084435529048461,ok,2.0011828147259307,-2.076003637212881,ok,2.2089482021313445,-2.0405430791799923,ok
534.0,1.8676131550636068,-2.2078046578530035,ok,1.8911338183938038,-2.204636889283306,ok,1.9754282756846504,-2.191545516849956,ok,2.2037400196970465,-2.142126703989646,ok
536.0,1.8315897908326926,-2.3398591856069793,ok,1.85851555212711,-2.335047878872696,ok,1.9537119995641385,-2.3159085365603054,ok,2.2035739867480406,-2.249412472207043,ok
538.0,1.799142784227839,-2.4835482326688827,ok,1.8299144581541726,-2.4765693530570085,ok,1.9370920332642834,-2.4496608198287624,ok,2.209204227673241,-2.362486294743171,ok
540.0,1.771579886513764,-2.639936535841656,ok,1.8066467749135982,-2.6301256750249045,ok,1.9268062733669888,-2.593340345220524,ok,2.2214476349587224,-2.4813826296844397,ok
542.0,1.750531963719728,-2.8101106403851275,ok,1.7903231641104183,-2.796636142956778,ok,1.9242928942447413,-2.747430006363866,ok,2.241186262462343,-2.606075032497247,ok
544.0,1.738020761885866,-2.9951347538769713,ok,1.782901389882139,-2.97697216695644,ok,1.9312114273264418,-2.9123257233555724,ok,2.2693705297849354,-2.7364650536219206,ok
546.0,1.7365345461194397,-3.1959826274294056,ok,1.7867430549927366,-3.171895260293613,ok,1.9494642998480756,-3.0882956901113054,ok,2.307023263625206,-2.8723686597135223,ok
548.0,1.7491079531679272,-3.4134366250131394,ok,1.8046715547407857,-3.381969585454658,ok,1.9812182829457985,-3.2754280046572957,ok,2.3552443034147483,-3.013499114086629,ok
550.0,1.7865480373294755,-3.643078669429171,ok,1.8466339879937435,-3.6028111479627842,ok,2.034095576637973,-3.4695924078129123,ok,2.4182940323921365,-3.1565850049478406,ok
552.0,1.849461755066977,-3.885135203972499,ok,1.9129600511955054,-3.8346052012621876,ok,2.1078229040329908,-3.6709313433969473,ok,2.495435157014258,-3.3018445512448746,ok
554.0,1.9393992077402618,-4.139823809044151,ok,2.004876836786528,-4.077557738257884,ok,2.202911100357073,-3.8796432202638615,ok,2.586503881830576,-3.44951566630914,ok
556.0,2.061250800855965,-4.404537913064978,ok,2.1266765789588664,-4.329284368784689,ok,2.3222364690551647,-4.093895451483631,ok,2.6927238216643734,-3.5985251054961385,ok
558.0,2.2200529706231715,-4.67525467963716,ok,2.2827797698510546,-4.5861989358525825,ok,2.4687547681500535,-4.311120835025124,ok,2.8153327018257364,-3.747528027016635,ok
560.0,2.420608359330424,-4.9462522240126345,ok,2.4774387922540875,-4.843263659031588,ok,2.645355420728113,-4.52785932876414,ok,2.955541684937699,-3.8948578335048394,ok
562.0,2.6669303530938984,-5.2099122530776265,ok,2.7142938935056398,-5.09379215550907,ok,2.854634115683669,-4.739608803401774,ok,3.114473968756495,-4.038474661725438,ok
564.0,2.961515611549655,-5.456704920011501,ok,2.9957717551222505,-5.329383495115303,ok,3.0985668947043994,-4.94072063063656,ok,3.293077440493245,-4.175918506903189,ok
566.0,3.30450189949724,-5.6754699440117955,ok,3.3223573838893072,-5.540087791313841,ok,3.378082560815743,-5.124393453921149,ok,3.4920070761120674,-4.304276405994036,ok
568.0,3.6928432168017022,-5.8540939059822845,ok,3.691833218046851,-5.714904269216194,ok,3.6925577096379714,-5.2828320402607405,ok,3.7114754200963804,-4.420177122208873,ok
570.0,4.119709868246314,-5.9806176483464695,ok,4.098652721241505,-5.84267084842122,ok,4.039300317297456,-5.407637305356025,ok,3.9510746937431906,-4.519830640919382,ok
572.0,4.574358354084635,-6.044683976867585,ok,4.533668217019837,-5.913307586093748,ok,4.41313592936069,-5.490465551724415,ok,4.209582482245724,-4.59913204561628,ok
574.0,5.042668620110746,-6.03908164109641,ok,4.984420714620231,-5.919238010505703,ok,4.8062457626654,-5.523931179675294,ok,4.484774394607142,-4.653847724014759,ok
576.0,5.508392241688942,-5.961022867588565,ok,5.436090727720422,-5.856682617553195,ok,5.208400427802635,-5.502634565894177,ok,4.773279854842489,-4.679893638227281,ok
578.0,5.95493001694553,-5.8127874991094,ok,5.873015931980246,-5.726471633638216,ok,5.607663691366947,-5.424106165200474,ok,5.070527285065067,-4.673698519938906,ok
580.0,6.367256639623627,-5.6015150883944544,ok,6.280476233810191,-5.534113727941454,ok,5.991511583910224,-5.289417748137317,ok,5.37082628464303,-4.632619834536454,ok
582.0,6.7335399154408835,-5.338181082798062,ok,6.646331980595236,-5.289069309956285,ok,6.34816675285003,-5.103262334160421,ok,5.667620646191146,-4.555352307768579,ok
584.0,7.036829064636958,-4.992228335220524,ok,6.954843285738594,-4.96083876715108,ok,6.666756288685599,-4.835495828044574,ok,5.962839481624336,-4.416783098326657,ok
586.0,7.272218357140291,-4.627346491183599,ok,7.197971736557017,-4.610220191726221,ok,6.9306289285176375,-4.536041270619278,ok,6.233306979708804,-4.241754874313596,ok
588.0,7.4444230400075915,-4.26053258245467,ok,7.379051162833746,-4.254179868872308,ok,7.1386111007272035,-4.220485993924105,ok,6.472199174088557,-4.0377937859271595,ok
590.0,7.560629820032769,-3.9029543693822926,ok,7.504303631956056,-3.904289818819952,ok,7.293339050007637,-3.9008132720073716,ok,6.675448132849136,-3.81239109159219,ok
592.0,7.62922073007158,-3.5624129811943197,ok,7.581475083206969,-3.568907395260118,ok,7.399893166665583,-3.586672712757671,ok,6.841273507645825,-3.5734632924347243,ok
594.0,7.6586978095108105,-3.2437571812037636,ok,7.618710463505399,-3.2534559213173884,ok,7.464687023855085,-3.28515445339109,ok,6.970037643968231,-3.3285915423474832,ok
596.0,7.656993328515718,-2.9494825491245207,ok,7.6237907521250055,-2.960947274198705,ok,7.494552848875151,-3.000955726317837,ok,7.063848767847137,-3.084438645475229,ok
598.0,7.631104425292818,-2.6803490343261904,ok,7.603696857188204,-2.69256701890437,ok,7.496096705079049,-2.7367639001637536,ok,7.126037441100574,-2.846405714634445,ok
600.0,7.586961088723781,-2.435925203051371,ok,7.564421043846128,-2.448214150126171,ok,7.475311490885862,-2.4937124464848126,ok,7.160625399349318,-2.6185207731329183,ok
602.0,7.529441273617299,-2.2150236049943404,ok,7.510942045929328,-2.226946413638815,ok,7.437393948449674,-2.2718172213291825,ok,7.1718699668710935,-2.4035062160549097,ok
604.0,7.46246621430239,-2.0160255747872458,ok,7.447294722725541,-2.0273205505667344,ok,7.386702283060966,-2.070346473606252,ok,7.1639236665721695,-2.2029563273386272,ok
606.0,7.389130286510166,-1.837110185438013,ok,7.376684981734138,-1.847637124238291,ok,7.326798928170541,-1.8881101612622264,ok,7.140613184122453,-2.0175624595477397,ok
608.0,7.311837481841902,-1.6764073776492818,ok,7.301618566782848,-1.6861075966618744,ok,7.2605371071504194,-1.7236725459791489,ok,7.105320487346489,-1.8473405614522203,ok
610.0,7.2324292872987455,-1.5320947127032802,ok,7.224025783273665,-1.5409623374038697,ok,7.190163736538686,-1.5755002823760038,ok,7.060940427060065,-1.6918342524790193,ok
612.0,7.152297020680845,-1.4024541370737282,ok,7.145373298346759,-1.4105159988438472,ok,7.117422268302153,-1.4420602863664933,ok,7.0098892829984445,-1.5502816034624594,ok
614.0,7.07247657873342,-1.2859014946598588,ok,7.066759727686926,-1.2932033774815967,ok,7.0436468286875416,-1.3218805888218024,ok,6.954143150686847,-1.42174374122439,ok
616.0,6.993726201300314,-1.1809981681093746,ok,6.988994852092741,-1.1875956120070785,ok,6.969843973560174,-1.2135850676023838,ok,6.895290728122835,-1.3051989022622477,ok
618.0,6.918840401155953,-1.0889823177737747,ok,6.914894309168789,-1.0949527712236147,ok,6.898907508771306,-1.1185295660865326,ok,6.836413428024197,-1.2024550894495418,ok
620.0,6.8472723507931175,-1.0072105908780942,ok,6.843962081806919,-1.01262086524517,ok,6.830541759237367,-1.0340279834940964,ok,6.777907134572534,-1.1108412251704782,ok
622.0,6.777707884514702,-0.9329261399760795,ok,6.77492488745296,-0.9378279144518447,ok,6.763635888797431,-0.957255263850579,ok,6.719241861561588,-1.027433012226433,ok
624.0,6.710291430038229,-0.8653386236791625,ok,6.707946668072297,-0.8697806042066829,ok,6.698431100428094,-0.8874102366618896,ok,6.660929927608539,-0.9514539391668427,ok
626.0,6.645105855963067,-0.8037460362194933,ok,6.6431261818394285,-0.807773378617201,ok,6.635089374953127,-0.8237762084470315,ok,6.603360267113459,-0.882187475317083,ok
628.0,6.58218741222979,-0.7475255929898764,ok,6.580512618990428,-0.7511796791765455,ok,6.57371159843944,-0.7657138453716008,ok,6.546822802294855,-0.8189786896252784,ok
630.0,6.521537391128868,-0.6961250986411125,ok,6.5201178185031905,-0.6994435383012035,ok,6.5143518822169275,-0.7126538479474567,ok,6.491528573449065,-0.7612331011720314,ok
632.0,6.463131199577421,-0.6490549693981218,ok,6.461925793914271,-0.6520717398545172,ok,6.457028829100729,-0.6640898017371307,ok,6.437626190111416,-0.7084138203937042,ok
634.0,6.406925395361458,-0.6058809823152531,ok,6.405900137767241,-0.6086266477451532,ok,6.401734366068403,-0.619571427669145,ok,6.38521516631629,-0.6600377217188549,ok
636.0,6.352863126371407,-0.5662177623202516,ok,6.351989758750294,-0.5687197331975592,ok,6.348440646883091,-0.5786983490894736,ok,6.33435666133737,-0.6156711526894485,ok
638.0,6.300878319759938,-0.5297229808769013,ok,6.300133311389581,-0.5320057881641255,ok,6.297105429371608,-0.5411144236168272,ok,6.28508208657877,-0.5749255141253756,ok
640.0,6.250898894173738,-0.4960922194742498,ok,6.250262602312112,-0.49817778743053504,ok,6.2476762503853935,-0.5065026444464015,ok,6.237399973451218,-0.5374529248934968,ok
642.0,6.202849209580565,-0.46505444114344646,ok,6.202305196568866,-0.46696234895582056,ok,6.200093654984476,-0.4745805896323732,ok,6.191301433645224,-0.5029421005551548,ok
644.0,6.15665192288019,-0.43636800989958413,ok,6.156186399529148,-0.43811573659767494,ok,6.1542936828576575,-0.4450963832692805,ok,6.146764485890091,-0.47111451755999534,ok
646.0,6.112229381015554,-0.4098171987891701,ok,6.1118307519936845,-0.4114203487141435,ok,6.11020977223426,-0.4178251253860858,ok,6.1037574734675015,-0.441720896124762,ok
648.0,6.0695046546648594,-0.3852091303660402,ok,6.069163146386175,-0.38668163828413016,ok,6.067774207575194,-0.39256574503653296,ok,6.06224175455518,-0.414538009847429,ok
650.0,6.02840229315074,-0.3623710977966619,ok,6.0281096484965255,-0.36372541389150626,ok,6.026919210450572,-0.3691382316764168,ok,6.022173812376365,-0.3893658143578714,ok
652.0,5.988848863627566,-0.3411482196945715,ok,5.9885980909111725,-0.3423954753596425,ok,5.9875777517946265,-0.3473812022382133,ok,5.983506903300303,-0.366024877951652,ok
654.0,5.9507733238525935,-0.3214013867606848,ok,5.9505584898966255,-0.32255154249493456,ok,5.949684147011736,-0.3271497645433603,ok,5.946192337573727,-0.3443540921057206,ok
656.0,5.914107267082051,-0.30300546309931314,ok,5.913923326245788,-0.30406743999013797,ok,5.913174482249105,-0.3083136413162708,ok,5.910180468391313,-0.3242086375695519,ok
658.0,5.878785069207511,-0.28584770954450345,ok,5.878627721777714,-0.2868295058737594,ok,5.877986909800113,-0.2907555227591432,ok,5.875421449747466,-0.3054581813465377,ok
660.0,5.844325158020549,-0.2708783197261706,ok,5.8441896134146285,-0.27178646885518404,ok,5.843637454942157,-0.2754182833179041,ok,5.841424864014459,-0.2890237558580875,ok
662.0,5.809961810785242,-0.2599100062058491,ok,5.8098420649295885,-0.26074941195540235,ok,5.809354374157149,-0.26410647679758376,ok,5.807401599059076,-0.2766853001897704,ok
664.0,5.776954623841226,-0.24960311510984523,ok,5.776848686258059,-0.2503801097108468,ok,5.776417320546337,-0.2534877040891806,ok,5.77469127182523,-0.26513387722923754,ok
666.0,5.745226816633107,-0.23990560977113914,ok,5.745132972312177,-0.24062584404364382,ok,5.744750919028071,-0.2435065321205192,ok,5.743223140081366,-0.25430404222214026,ok
668.0,5.714707137880902,-0.2307704481288678,ok,5.714623905529437,-0.23143897475102324,ok,5.714285110302994,-0.23411293645909456,ok,5.712931067267251,-0.24413696271307309,ok
670.0,5.685329393039684,-0.22215502156780279,ok,5.685255490212638,-0.22277636702953998,ok,5.684954713571987,-0.22526168409303224,ok,5.683753203426259,-0.23457964175819246,ok
672.0,5.657032017366265,-0.21402066550714782,ok,5.656966331253356,-0.21459889243066935,ok,5.656699028579256,-0.21691179625118256,ok,5.655631684265807,-0.22558424404364988,ok
674.0,5.62975768983912,-0.20633223151079186,ok,5.629699252718294,-0.20687099275002174,ok,5.629461473425551,-0.2090260797141777,ok,5.628512348853245,-0.21710750988546687,ok
676.0,5.603452983684028,-0.19905771229145608,ok,5.60340095223676,-0.19956029799892921,ok,5.6031892548592905,-0.20157071689227885,ok,5.6023444758910586,-0.20911024445968399,ok
678.0,5.578068049714707,-0.19216791231000463,ok,5.578021687547277,-0.19263729097384286,ok,5.577833068019097,-0.19451490645853148,ok,5.57708053813185,-0.2015568715857185,ok
680.0,5.553556329107937,-0.18563615777800202,ok,5.553514991942233,-0.1860750120768768,ok,5.553346822860795,-0.1878305475839371,ok,5.55267597424152,-0.19441504303131468,ok
682.0,5.529874292599655,-0.17943804079620831,ok,5.529837415693307,-0.1798487989910064,ok,5.52968739474965,-0.18149196187081973,ok,5.529088977262044,-0.18765529568170042,ok
684.0,5.506981203415877,-0.17355119313635992,ok,5.506948290849335,-0.17393605660918846,ok,5.506814396931365,-0.17547564795845358,ok,5.506280298736531,-0.18125075006576993,ok
686.0,5.484838901543746,-0.16795508582443167,ok,5.484809517075196,-0.1683160532849499,ok,5.484689972811444,-0.16976006451135042,ok,5.4842130675193825,-0.17517684469687733,ok
688.0,5.46341160720737,-0.16263085123190638,ok,5.463385366447681,-0.16296974003476775,ok,5.463278606171239,-0.1643254379198978,ok,5.462852622288496,-0.16941110149682923,ok
690.0,5.4426657416431965,-0.1575611248447727,ok,5.442642305345182,-0.15787958979775724,ok,5.442546947630955,-0.15915359156526063,ok,5.442166356794238,-0.16393291825491504,ok
692.0,5.422569763474219,-0.15272990427227387,ok,5.422548831764879,-0.1530294542604731,ok,5.422463655835271,-0.15422779394195588,ok,5.422123576913269,-0.15872338465071917,ok
694.0,5.403094019163758,-0.14812242339052165,ok,5.4030753265764355,-0.1484044360960518,ok,5.402999251987071,-0.14953262330569803,ok,5.402695368618758,-0.15376511885763655,ok
696.0,5.384210606190602,-0.14372503979960968,ok,5.3841939173772815,-0.1439907747574079,ok,5.384125986490529,-0.1450538468320418,ok,5.3838544760277625,-0.14904212215802193,ok
698.0,5.3658932477303365,-0.13952513401477068,ok,5.365878353753552,-0.13977574421194566,ok,5.3658177165867835,-0.1407783125421092,ok,5.365575188738803,-0.14453964935277258,ok
700.0,5.348117177754636,-0.1355110190189966,ok,5.348103892874438,-0.13574756121702894,ok,5.348049793975691,-0.13669385248283147,ok,5.3478332377256566,-0.14024409304785246,ok
702.0,5.330859035573176,-0.13167185898187475,ok,5.330847194457785,-0.13189530291690346,ok,5.330798961516032,-0.13278919584690319,ok,5.330605699105898,-0.1361428801560776,ok
704.0,5.314096768943072,-0.12799759610172443,ok,5.314086224242946,-0.12820883269758948,ok,5.31404325818553,-0.12905389088722824,ok,5.31387090515345,-0.13222437917129,ok
706.0,5.297136757718721,-0.1249145242005087,ok,5.297127218016184,-0.12511394785082586,ok,5.297088347146909,-0.1259117470025343,ok,5.2969324238867665,-0.1289049202156892,ok
708.0,5.280455722253012,-0.12209748704615765,ok,5.28044703963157,-0.12228577946359566,ok,5.280411664941612,-0.12303904629058449,ok,5.280269820459003,-0.12586512633330868,ok
710.0,5.264262766105296,-0.11939097187564367,ok,5.264254859073875,-0.11956889842362951,ok,5.264222647315027,-0.12028069490167956,ok,5.264093527999382,-0.12295117041623307,ok
712.0,5.248536842746347,-0.11678898884396771,ok,5.248529638298655,-0.11695725264196662,ok,5.248500291029041,-0.11763039174077441,ok,5.248382686166333,-0.1201558173521541,ok
714.0,5.233258094838261,-0.11428595685284877,ok,5.233251527482998,-0.11444520459833984,ok,5.233224777074765,-0.11508227356924085,ok,5.233117602262846,-0.11747235718082022,ok
716.0,5.218407771673568,-0.11187667018128299,ok,5.218401782585699,-0.11202749735811007,ok,5.218377388733024,-0.11263087856791129,ok,5.218279671401337,-0.11489455946899979,ok
718.0,5.203968153376836,-0.10955626827006927,ok,5.203962689653546,-0.10969922381491855,ok,5.203940436312897,-0.11027111341265747,ok,5.203851303056669,-0.11241663226998719,ok
720.0,5.189922481233303,-0.10732020832300042,ok,5.189917495240608,-0.10745579881255928,ok,5.189897187945224,-0.10799822347928002,ok,5.1898158534273175,-0.1100331851475027,ok
722.0,5.176254893576186,-0.10516424042755135,ok,5.1762503423742405,-0.10529293384098991,ok,5.176231805873127,-0.10580776584099319,ok,5.176157563082946,-0.10773919580929323,ok
724.0,5.16295036672361,-0.10308438493277684,ok,5.162946211560415,-0.10320661403736398,ok,5.162929287739354,-0.10369558476210318,ok,5.162861499428667,-0.10552997995219462,ok
726.0,5.1499946605085105,-0.10107691185252314,ok,5.149990866373185,-0.10119307725428606,ok,5.149975412421176,-0.10165778942649073,ok,5.149913503562528,-0.10340116396918912,ok
728.0,5.137374267991304,-0.09913832208857774,ok,5.1373708032193335,-0.09924879498480417,ok,5.1373566900090655,-0.09969073366998382,ok,5.137300141144268,-0.10134866021122947,ok
730.0,5.125076368986376,-0.09726533029156981,ok,5.125073204910271,-0.09737045495751742,ok,5.125060315565511,-0.09779099751227087,ok,5.125008656930219,-0.09936864453324025,ok
732.0,5.1130887870700255,-0.09545484919774808,ok,5.11308589770974,-0.0955549452360702,ok,5.113074126336235,-0.09595537030722104,ok,5.113026932662347,-0.09745753588556424,ok
734.0,5.101399949770167,-0.09370397529758244,ok,5.101397311558345,-0.09379933967562555,ok,5.10138656211802,-0.09418083535078778,ok,5.101343448029058,-0.09561197773986088,ok
736.0,5.089998851667048,-0.09200997570780338,ok,5.089996443204873,-0.09210088460500476,ok,5.089986628515765,-0.09246455580348188,ok,5.089947244441861,-0.09382882116267455,ok
738.0,5.078875020160285,-0.09037027613228592,ok,5.078872822000237,-0.09045698661734235,ok,5.078863862846948,-0.09080386180004166,ok,5.078827891395815,-0.09210510937104772,ok
740.0,5.068018483680631,-0.08878244980934498,ok,5.068016478132918,-0.08886520136458805,ok,5.068008302474349,-0.08919623863268637,ok,5.067975455203059,-0.09043806362308458,ok
742.0,5.057419742145651,-0.08724420735375561,ok,5.057417913105548,-0.08732322326220736,ok,5.057410455368381,-0.08763931590646447,ok,5.057380469907927,-0.08882507031262624,ok
744.0,5.04706973947708,-0.0857533874113117,ok,5.0470680722707,-0.08582887602017444,ok,5.047061272718579,-0.08613085757590909,ok,5.047033910209431,-0.0872636691514791,ok
746.0,5.0369598380143055,-0.08430794805215831,ok,5.036958319260688,-0.08438010392497867,ok,5.036952123430294,-0.08466875278167109,ok,5.036927166232502,-0.08575154233520604,ok
748.0,5.027081794673406,-0.08290595883660179,ok,5.0270804121610615,-0.08297496380501806,ok,5.0270747703574274,-0.08325100741417797,ok,5.027052020003376,-0.08428650459957492,ok
750.0,5.017427738714681,-0.08154559349373977,ok,5.017426481290926,-0.08161161761854722,ok,5.01742134813522,-0.08187573633878661,ok,5.017400623497228,-0.08286649408453563,ok
752.0,5.0079901509937175,-0.08022512315915982,ok,5.007989008465384,-0.08028832560939124,ok,5.00798434248928,-0.08054115622349806,ok,5.007965478137552,-0.08148956393125234,ok
754.0,4.998761844581982,-0.07894291012321493,ok,4.998760807626234,-0.07900343998101778,ok,4.998756570907658,-0.07924557891615767,ok,4.998739415637227,-0.08015387454537543,ok
756.0,4.989735946652868,-0.07769740204608357,ok,4.989735006737005,-0.07775539904436286,ok,4.9897311645727065,-0.07798740532329056,ok,4.989715580080484,-0.07885768646653228,ok
758.0,4.980139414276621,-0.07651850510357373,ok,4.98013855241492,-0.07657389856900247,ok,4.980135028819968,-0.07679548942853805,ok,4.980120729564085,-0.07762669471505199,ok
760.0,4.970766756712188,-0.07537317315797101,ok,4.970765966574137,-0.07542610755822869,ok,4.970762735673621,-0.07563786097087834,ok,4.97074961673619,-0.07643215921062625,ok
762.0,4.9616102356825,-0.0742600372424244,ok,4.961609511486817,-0.07431064753146717,ok,4.961606549656247,-0.07451310340597171,ok,4.961594515322472,-0.07527252054809949,ok
764.0,4.9526624652363855,-0.07317780020412691,ok,4.9526618016991595,-0.07322621254515338,ok,4.95265908735139,-0.07341987561919212,ok,4.952648050229139,-0.07414630561100864,ok
766.0,4.943916391935985,-0.07212523213304496,ok,4.943915784224157,-0.07217156455935106,ok,4.943913297618271,-0.07235690704371797,ok,4.943903177849479,-0.07305212175656722,ok
768.0,4.935365276365363,-0.07110116613103683,ok,4.93536472005495,-0.0711455291506998,ok,4.935362443124646,-0.0713229931487155,ok,4.935353167678149,-0.07198865145997703,ok
770.0,4.92700267585874,-0.07010449439244808,ok,4.9270021668972515,-0.07014699154215194,ok,4.927000083096616,-0.07031699126557944,ok,4.926991585133269,-0.0709546473766515,ok
772.0,4.918822428355543,-0.0691341645700209,ok,4.9188219630281695,-0.06917489292278778,ok,4.918820057192865,-0.06933781672330469,ok,4.918812275494972,-0.06994892778511677,ok
774.0,4.910818637297524,-0.06818917640241774,ok,4.910818212196654,-0.06822822703351415,ok,4.910816470418912,-0.06838443926683556,ok,4.91080934887687,-0.06897037237706961,ok
776.0,4.902985657490321,-0.0672685785818627,ok,4.90298526948806,-0.06730603699671857,ok,4.902983679003951,-0.06745587973471902,ok,4.902977166153899,-0.0680179183643792,ok
778.0,4.89531808185845,-0.06637146584238551,ok,4.895317728081804,-0.06640741236997455,ok,4.895316277169497,-0.06655120697461263,ok,4.895310325776466,-0.06709055687576626,ok
780.0,4.887810729028559,-0.06549697625092844,ok,4.887810406837001,-0.06553148640571438,ok,4.88780908472485,-0.06566953497718264,ok,4.887803651406587,-0.06618732961852038,ok
782.0,4.880458631681175,-0.0646442886851759,ok,4.880458338646367,-0.06467743350042271,ok,4.880457135429787,-0.06481002021071768,ok,4.880452180316928,-0.0653073257829662,ok
784.0,4.873257025616079,-0.06381262048340686,ok,4.873256759503498,-0.06384446681837669,ok,4.8732556660697375,-0.06397185914038764,ok,4.873251152498517,-0.0644496791694922,ok
786.0,4.866201339480805,-0.0630012252529665,ok,4.866201098233104,-0.06303183607628365,ok,4.8662001061930855,-0.0631542859175197,ok,4.866196000427255,-0.0636135655198371,ok
788.0,4.859287185115886,-0.06220939082512465,ok,4.859286966837792,-0.06223882547636719,ok,4.8592860684643195,-0.06235657022556572,ok,4.859282339443195,-0.06279820003601749,ok
790.0,4.852510348474055,-0.061436437345148344,ok,4.852510151418671,-0.061464751776529575,ok,4.852509339590332,-0.06157801527060593,ok,4.852505958700395,-0.062002835071799454,ok
792.0,4.8458667810740215,-0.06068171548736914,ok,4.845866603630372,-0.06070896248719925,ok,4.845865871780612,-0.06081795590529297,ok,4.845862812648211,-0.06122675798297644,ok
794.0,4.839352591952499,-0.059944604785895535,ok,4.839352432634208,-0.059970834185353206,ok,4.839351774705016,-0.0600757568760976,ok,4.839349013008097,-0.0604692891239471,ok
796.0,4.832964040080897,-0.0592245120724028,ok,4.832963897515894,-0.05924977093700676,ok,4.832963307915671,-0.05935081118457963,ok,4.832960821212648,-0.05972977997919012,ok
798.0,4.826697527215745,-0.05852087001314761,ok,4.826697400136874,-0.05854520282018912,ok,4.82669687370208,-0.05864253855419577,ok,4.826694641276129,-0.05900761141923283,ok
800.0,4.820549591154145,-0.0578331357379981,ok,4.8205494783906175,-0.05785658454108319,ok,4.820549010350814,-0.05795038399486074,ok,4.820547013068128,-0.05830219207160955,ok
802.0,4.814516899367765,-0.05716078955485977,ok,4.814516799837364,-0.05718339413660432,ok,4.814516385783347,-0.05727381645812661,ok,4.814514605963965,-0.05761295679812307,ok
804.0,4.808596242990858,-0.056503333743413736,ok,4.80859615569281,-0.056525131757242074,ok,4.808595791547515,-0.05661232757643032,ok,4.808594212847537,-0.056939365270459195,ok
806.0,4.802784531139481,-0.05586029142256532,ok,4.802784455147965,-0.05588131852448081,ok,4.802784137139914,-0.05596543048038757,ok,4.8027827444440145,-0.056280900636870114,ok
808.0,4.797078785540927,-0.05523120548645197,ok,4.797078719999125,-0.05525149545756898,ok,4.797078444638146,-0.05533265868860165,ok,4.797077223961409,-0.055637068273253876,ok
810.0,4.791476135453725,-0.054615637604258145,ok,4.7914760795683815,-0.05463522246481849,ok,4.791475843623409,-0.05471356506489107,ok,4.791474782021632,-0.055007394612501585,ok
812.0,4.785973812860045,-0.054013167279457874,ok,4.7859737658964985,-0.0540320773949915,ok,4.785973566375263,-0.05410772083824691,ok,4.785972651862898,-0.05439142604648702,ok
814.0,4.78056914791368,-0.053423390964443276,ok,4.780569109191299,-0.0534416551446768,ok,4.7805689433217164,-0.053514714681193606,ok,4.780568164796797,-0.05378872789552943,ok
816.0,4.775259564627812,-0.05284592122680301,ok,4.775259533515821,-0.05286356681786914,ok,4.775259398728945,-0.052934151842565086,ok,4.77525874590433,-0.053198883440569784,ok
818.0,4.770042576788042,-0.052280385963803466,ok,4.770042552701689,-0.05229743893425715,ok,4.770042446616083,-0.0523656533310138,ok,4.770041909956448,-0.052621493013683455,ok
820.0,4.764915784077028,-0.05172642766187817,ok,4.76491576647407,-0.051742912682983415,ok,4.764915686881463,-0.05180885514584951,ok,4.764915257545516,-0.05205617314289142,ok
822.0,4.759661501944871,-0.051110174338468886,ok,4.759661493301773,-0.051126091409382776,ok,4.759661450094292,-0.05118976194144873,ok,4.759661164981546,-0.05142855835598031,ok
824.0,4.75424184068546,-0.05041953214733861,ok,4.754241843716075,-0.050434878122711954,ok,4.754241847738163,-0.0504962641483608,ok,4.754241747358878,-0.05072649190368489,ok
826.0,4.748921953569964,-0.049745566463978944,ok,4.748921967249362,-0.04976036671776057,ok,4.74892201436382,-0.049819569740467556,ok,4.748922082669013,-0.050041609583065735,ok
828.0,4.743699114674501,-0.04908771302143622,ok,4.743699138058733,-0.04910199158725813,ok,4.743699224455195,-0.04915910774871071,ok,4.7436994466632845,-0.04937332031103856,ok
830.0,4.738570696329463,-0.0484454318340821,ok,4.738570728548963,-0.0484592114870998,ok,4.738570850717287,-0.04851433189459636,ok,4.738571213210692,-0.04872105892336163,ok
832.0,4.733534164738798,-0.047818205937517226,ok,4.7335342049923685,-0.04783150827059068,ok,4.733534359698317,-0.04788471930180034,ok,4.733534849929055,-0.04808428480130307,ok
834.0,4.728587075831265,-0.04720554020471413,ok,4.728587123380564,-0.04721838569936631,ok,4.728587307643599,-0.0472697692861949,ok,4.728587914047,-0.04746248058327746,ok
836.0,4.723727071329447,-0.04660696023314764,ok,4.723727125493968,-0.04661936832569932,ok,4.72372733656692,-0.04666900221885811,ok,4.723728048482745,-0.046855150955457475,ok
838.0,4.718951875023346,-0.04602201129806475,ok,4.718951935175807,-0.04603400044131124,ok,4.718952170526284,-0.046081958457051715,ok,4.718952978126552,-0.04626182151584149,ok
840.0,4.714259289236256,-0.04545025736741749,ok,4.714259354798377,-0.045461845088182205,ok,4.714259612091733,-0.045508197338537094,ok,4.714260506314653,-0.04568203770668876,ok
842.0,4.709647191471441,-0.044891280174319564,ok,4.709647261910081,-0.04490248312719269,ok,4.70964753899382,-0.044947296234952576,ok,4.70964851148326,-0.045115363810629625,ok
844.0,4.705113531228954,-0.04434467834320178,ok,4.70511360605257,-0.04435551236074494,ok,4.705113900942032,-0.04439884966029989,ok,4.705114943992059,-0.044561382006118214,ok
846.0,4.700656326982607,-0.04381006656612232,ok,4.700656405738001,-0.04382054670579937,ok,4.700656716603256,-0.043862468430881284,ok,4.70065782310725,-0.04401969147822673,ok
848.0,4.696273663307793,-0.04328707482595314,ok,4.6962737455771295,-0.04329721541402443,ok,4.696274070730931,-0.043337778873303555,ok,4.696275234134922,-0.04348990758108093,ok
850.0,4.691963688151463,-0.04277534766340057,ok,4.691963773549531,-0.04278516233600056,ok,4.691964111436258,-0.04282442207741298,ok,4.691965325696068,-0.04297166104851518,ok
852.0,4.687724610236112,-0.042274543485042296,ok,4.6877246984078065,-0.04228404522664187,ok,4.687725047593307,-0.04232205319125393,ok,4.687726307135184,-0.04246459724977927,ok
854.0,4.683554696590188,-0.04178433390976385,ok,4.683554787208197,-0.04179353508920267,ok,4.683555146370457,-0.04183034075535647,ok,4.683556446054904,-0.0419683754873617,ok
856.0,4.679452270197809,-0.04130440315116455,ok,4.679452362960482,-0.04131331555542571,ok,4.679452730881034,-0.041348966073850295,ok,4.67945406596955,-0.04148266833420952,ok
858.0,4.675415707761101,-0.04083444743367733,ok,4.675415802390501,-0.040843082299561115,ok,4.675416177946526,-0.04087762262008101,ok,4.675417544071001,-0.041007161007821626,ok
860.0,4.671443437568965,-0.04037417444030215,ok,4.671443533809048,-0.040382542484145426,ok,4.671443915966109,-0.04041601547456987,ok,4.671445309100666,-0.04054155077887276,ok
862.0,4.667533937466353,-0.03992330279000242,ok,4.667534035081332,-0.039931414235578264,ok,4.667534422886668,-0.03996386079330944,ok,4.667535839321734,-0.040085546412193494,ok
864.0,4.66368573291866,-0.03948156154294615,ok,4.663685831691456,-0.03948942614766725,ok,4.663686224267819,-0.03952088530452569,ok,4.663687660586229,-0.039638867638084635,ok
866.0,4.659897395165985,-0.039048689731900066,ok,4.659897494896828,-0.03905631681144217,ok,4.659897891436792,-0.039086825832168506,ok,4.659899344491781,-0.03920124465208579,ok
868.0,4.656167539462522,-0.038624435918199834,ok,4.656167639967647,-0.038631834369650446,ok,4.656168039728364,-0.038661428844510244,ok,4.6561695066232645,-0.03877241764144944,ok
870.0,4.6524948233964745,-0.0382085577708253,ok,4.652494924506924,-0.03821573609445741,ok,4.652495326805291,-0.038244450026342365,ok,4.652496804874805,-0.038352136336691316,ok
872.0,4.648877945286284,-0.03780082166720937,ok,4.6488780468468,-0.03780778798696983,ok,4.648878451054986,-0.037835653873361574,ok,4.648879937847911,-0.03794015958670073,ok
874.0,4.645315642649118,-0.03740100231449964,ok,4.645315744517117,-0.03740776439729898,ok,4.645316150058451,-0.037434813307431945,ok,4.645317643321726,-0.03753625495599627,ok
876.0,4.641806690737893,-0.03700888239007755,ok,4.641806792782533,-0.037015447663957285,ok,4.641807199127686,-0.03704170931149649,ok,4.641808696791666,-0.03714019834280779,ok
878.0,4.638349901143262,-0.03662425220021649,ok,4.638350003244554,-0.036630627771468326,ok,4.638350409908033,-0.03665613058299241,ok,4.638351910072869,-0.03675177361675487,ok
880.0,4.634944120457221,-0.03624690935583465,ok,4.634944222505237,-0.036253102025138845,ok,4.634944629042118,-0.036277873204698045,ok,4.634946129965193,-0.036370772274971534,ok
882.0,4.631588228995214,-0.035876658464365226,ok,4.631588330889339,-0.03588267474201048,ok,4.631588736892276,-0.0359067403320119,ok,4.6315902369765665,-0.03599699311560467,ok
884.0,4.628281139573774,-0.03551331083682965,ok,4.628281241222006,-0.035519156957073056,ok,4.628281646318449,-0.0355425418957257,ok,4.628283144101771,-0.035630241927682424,ok
886.0,4.625021796340868,-0.03515668420925653,ok,4.6250218976592,-0.035162366143878084,ok,4.625022301508809,-0.03518509431941515,ok,4.6250237956538784,-0.03527033119641442,ok
888.0,4.6218091736563816,-0.034806602477644596,ok,4.621809274568189,-0.034812125948746615,ok,4.621809676860475,-0.03483422025062667,ok,4.621811166145687,-0.034917079823046,ok
890.0,4.618642275020192,-0.03446289544571784,ok,4.618642375455702,-0.034468265937815774,ok,4.618642775907801,-0.03448974830509146,ok,4.618644259218712,-0.034570312858444405,ok
892.0,4.615520132045519,-0.034125398584767055,ok,4.615520231941302,-0.03413062135621659,ok,4.61552063029595,-0.03415151282324499,ok,4.615522106617386,-0.034229861249647386,ok
894.0,4.612357203981118,-0.03396558061062501,ok,4.612357299083638,-0.033970657556754845,ok,4.612357678324296,-0.03399096570301915,ok,4.612359083810121,-0.03406712639939653,ok
896.0,4.6092395632457706,-0.033806825610764105,ok,4.609239653790685,-0.03381176178457479,ok,4.609240014856761,-0.03383150682320344,ok,4.609241352983829,-0.03390555560479617,ok
898.0,4.606166244801205,-0.03364913682653939,ok,4.606166331011564,-0.03365393707241759,ok,4.6061666747922345,-0.03367313838201066,ok,4.606167948851821,-0.033745147933548325,ok
900.0,4.603136310815418,-0.033492516682984974,ok,4.603136392902406,-0.03349718564668039,ok,4.603136720239564,-0.033515861811222986,ok,4.6031379333482505,-0.033585901836672254,ok
