benchmark,lambda_nm,I_wcm2,Re_eps_eff,Im_eps_eff,delta_Im_rel,status
Hache1988_ps_SPR,554.8511891130098,10000.0,1.9877689500389644,-4.250741057428908,0.00016844490436900632,ok
Hache1988_ps_SPR,554.8511891130098,14677.992676220705,1.988097888567564,-4.250406346388957,0.000247173449594548,ok
Hache1988_ps_SPR,554.8511891130098,21544.346900318822,1.9885802986814691,-4.249915400000888,0.00036265065322098116,ok
Hache1988_ps_SPR,554.8511891130098,31622.776601683792,1.9892875077847139,-4.2491955252040094,0.0005319749023138343,ok
Hache1988_ps_SPR,554.8511891130098,46415.88833612782,1.990323675455753,-4.248140474770874,0.0007801369759414768,ok
Hache1988_ps_SPR,554.8511891130098,68129.20690579608,1.9918405431406458,-4.2465952657472315,0.0011435909525973082,ok
Hache1988_ps_SPR,554.8511891130098,100000.0,1.9940583978116995,-4.244334477190099,0.00167535887453869,ok
Hache1988_ps_SPR,554.8511891130098,146779.92676220674,1.9972954010756867,-4.241031619612769,0.0024522354669226265,ok
Hache1988_ps_SPR,554.8511891130098,215443.46900318822,2.002007644932096,-4.236216725947203,0.003584763314707829,ok
Hache1988_ps_SPR,554.8511891130098,316227.7660168379,2.0088418341772543,-4.229219336080259,0.00523064366774654,ok
Hache1988_ps_SPR,554.8511891130098,464158.8833612772,2.0187004472713936,-4.219095303226039,0.007611952567940201,ok
Hache1988_ps_SPR,554.8511891130098,681292.0690579609,2.032814042188975,-4.204539716726057,0.011035622579589652,ok
Hache1988_ps_SPR,554.8511891130098,1000000.0,2.052805019939464,-4.1837967005352175,0.0159146594005258,ok
Hache1988_ps_SPR,554.8511891130098,1467799.2676220676,2.080710418407184,-4.154591683683264,0.022784072761909174,ok
Hache1988_ps_SPR,554.8511891130098,2154434.6900318824,2.1189114144315635,-4.11413178596106,0.03230078570962028,ok
Hache1988_ps_SPR,554.8511891130098,3162277.6601683795,2.169907658260626,-4.059236132978143,0.045212982747352595,ok
Hache1988_ps_SPR,554.8511891130098,4641588.833612773,2.2359009661490696,-3.986649788782249,0.0622862686557593,ok
Hache1988_ps_SPR,554.8511891130098,6812920.690579608,2.318236536191244,-3.893539939487878,0.08418695941931756,ok
Hache1988_ps_SPR,554.8511891130098,10000000.0,2.416868130853392,-3.778075320589745,0.11134579311719342,ok
Hache1988_ps_SPR,554.8511891130098,14677992.676220676,2.5300792464720794,-3.639905876014753,0.1438451076531093,ok
Hache1988_ps_SPR,554.8511891130098,21544346.900318824,2.654617567670481,-3.4803657332731697,0.18137109826566825,ok
Hache1988_ps_SPR,554.8511891130098,31622776.60168379,2.786209635011721,-3.3023332969815904,0.22324672541632315,questionable
Hache1988_ps_SPR,554.8511891130098,46415888.33612773,2.9202550888935614,-3.109821375241535,0.26852812258621583,questionable
Hache1988_ps_SPR,554.8511891130098,68129206.90579608,3.0524660950481683,-2.9074473966074676,0.3161292083815892,questionable
Hache1988_ps_SPR,554.8511891130098,100000000.0,3.1793027245423056,-2.6999257673188635,0.36494109095086147,questionable
Hache1988_ps_SPR,554.8511891130098,146779926.76220676,3.2981702723047612,-2.4916690428245007,0.4139258778144173,questionable
Hache1988_ps_SPR,554.8511891130098,215443469.00318778,3.4074228454419684,-2.286526765289783,0.4621781048008001,questionable
Hache1988_ps_SPR,554.8511891130098,316227766.01683795,3.506245378797655,-2.0876522674746294,0.5089560655688121,questionable
Hache1988_ps_SPR,554.8511891130098,464158883.3612773,3.594480321894104,-1.897469831131653,0.5536895363946469,questionable
Hache1988_ps_SPR,554.8511891130098,681292069.0579594,3.6724459367967723,-1.7177107519030121,0.5959712932223472,questionable
Hache1988_ps_SPR,554.8511891130098,1000000000.0,3.74077327109935,-1.549490368693786,0.6355389933175856,questionable
Hache1988_ps_SPR,554.8511891130098,1467799267.6220675,3.8002736740657705,-1.3934043955129791,0.6722525167210495,questionable
Hache1988_ps_SPR,554.8511891130098,2154434690.031878,3.8518390141075813,-1.2496294170153084,0.7060703283433166,questionable
Hache1988_ps_SPR,554.8511891130098,3162277660.1683793,3.8963715076881114,-1.1180180080758861,0.7370271045596082,breakdown
Hache1988_ps_SPR,554.8511891130098,4641588833.612773,3.9347378611384345,-0.9981832338713766,0.7652138576524675,breakdown
Hache1988_ps_SPR,554.8511891130098,6812920690.579595,3.967742029933698,-0.889570309504728,0.7907610805027521,breakdown
Hache1988_ps_SPR,554.8511891130098,10000000000.0,3.9961114360748877,-0.7915151549183905,0.8138249736852974,breakdown
Hache1988_ps_SPR,554.8511891130098,14677992676.220675,4.020492396518457,-0.7032907286140296,0.8345765471539159,breakdown
Hache1988_ps_SPR,554.8511891130098,21544346900.31878,4.041451488078078,-0.6241426025017778,0.8531932525576515,breakdown
Hache1988_ps_SPR,554.8511891130098,31622776601.683792,4.059480450453068,-0.5533154464850826,0.869852753709671,breakdown
Hache1988_ps_SPR,554.8511891130098,46415888336.12772,4.075002948967052,-0.4900720719891167,0.8847284472928609,breakdown
Hache1988_ps_SPR,554.8511891130098,68129206905.795944,4.088382074693768,-0.4337065414487849,0.8979863793316611,breakdown
Hache1988_ps_SPR,554.8511891130098,100000000000.0,4.099927869510712,-0.3835526531512813,0.9097832494428028,breakdown
Hache1988_ps_SPR,554.8511891130098,146779926762.20676,4.109904453889558,-0.3389888993930173,0.920265244610011,breakdown
Hache1988_ps_SPR,554.8511891130098,215443469003.18777,4.118536533236124,-0.2994407941209814,0.9295674916914041,breakdown
Hache1988_ps_SPR,554.8511891130098,316227766016.83795,4.126015188412244,-0.2643812858913352,0.9378139602860678,breakdown
Hache1988_ps_SPR,554.8511891130098,464158883361.2773,4.132502937285364,-0.23332981752093743,0.9451176839166848,breakdown
Hache1988_ps_SPR,554.8511891130098,681292069057.9595,4.138138101813437,-0.20585046546740304,0.9515811976724072,breakdown
Hache1988_ps_SPR,554.8511891130098,1000000000000.0,4.143038540420269,-0.181549487696612,0.957297114983449,breakdown
Guillet2009_2ps_TTM,554.8511891130098,10000.0,1.9914122127970844,-4.24760913892015,0.0009051143252391046,ok
Guillet2009_2ps_TTM,554.8511891130098,14677.992676220705,1.993433240283014,-4.245817830639455,0.001326454162163054,ok
Guillet2009_2ps_TTM,554.8511891130098,21544.346900318822,1.9963853503781996,-4.243198613595875,0.001942529292225025,ok
Guillet2009_2ps_TTM,554.8511891130098,31622.776601683792,2.0006878916804696,-4.239375587018175,0.0028417566402831173,ok
Guillet2009_2ps_TTM,554.8511891130098,46415.88833612782,2.006938418168324,-4.233809688603683,0.004150930921209983,ok
Guillet2009_2ps_TTM,554.8511891130098,68129.20690579608,2.015976847224366,-4.225736046541456,0.006049960287925733,ok
Guillet2009_2ps_TTM,554.8511891130098,100000.0,2.028960484421267,-4.214085901055976,0.008790231436054279,ok
Guillet2009_2ps_TTM,554.8511891130098,146779.92676220674,2.047438502277763,-4.197398308691686,0.012715377945562467,ok
Guillet2009_2ps_TTM,554.8511891130098,215443.46900318822,2.073399385280703,-4.17373755498095,0.018280705933724824,ok
Guillet2009_2ps_TTM,554.8511891130098,316227.7660168379,2.109244043804948,-4.1406489187491,0.026063598886441004,ok
Guillet2009_2ps_TTM,554.8511891130098,464158.8833612772,2.1576198522467367,-4.09520412949043,0.036752825471080816,ok
Guillet2009_2ps_TTM,554.8511891130098,681292.0690579609,2.2210592604623254,-4.034195170830192,0.05110295435164968,ok
Guillet2009_2ps_TTM,554.8511891130098,1000000.0,2.301429308335608,-3.954509542220153,0.06984608758313818,ok
Guillet2009_2ps_TTM,554.8511891130098,1467799.2676220676,2.39931637745664,-3.853649462021995,0.09356973705252973,ok
Guillet2009_2ps_TTM,554.8511891130098,2154434.6900318824,2.513578356004333,-3.7302670252471293,0.12259094816970816,ok
Guillet2009_2ps_TTM,554.8511891130098,3162277.6601683795,2.6412874127465256,-3.5845409850197703,0.15686767579201538,ok
Guillet2009_2ps_TTM,554.8511891130098,4641588.833612773,2.7781255164356633,-3.4182668395261,0.19597759456031796,questionable
Guillet2009_2ps_TTM,554.8511891130098,6812920.690579608,2.91908672160943,-3.234645465195084,0.23916781522203553,questionable
Guillet2009_2ps_TTM,554.8511891130098,10000000.0,3.0592332753666787,-3.037860087798931,0.2854543867266011,questionable
Guillet2009_2ps_TTM,554.8511891130098,14677992.676220676,3.1942920997422224,-2.832573326123996,0.3337405983289952,questionable
Guillet2009_2ps_TTM,554.8511891130098,21544346.900318824,3.320995266651087,-2.6234581626451625,0.38292730160505467,questionable
Guillet2009_2ps_TTM,554.8511891130098,31622776.60168379,3.4371751945252633,-2.4148315204861177,0.43199909808621356,questionable
Guillet2009_2ps_TTM,554.8511891130098,46415888.33612773,3.5416823677541305,-2.21041467212701,0.4800806943588072,questionable
Guillet2009_2ps_TTM,554.8511891130098,68129206.90579608,3.634204671007754,-2.0132134607833305,0.5264650756092031,questionable
Guillet2009_2ps_TTM,554.8511891130098,100000000.0,3.7150532165400554,-1.8254946889165946,0.5706190593641401,questionable
Guillet2009_2ps_TTM,554.8511891130098,146779926.76220676,3.7849573968803076,-1.6488297428959802,0.6121730343826787,questionable
Guillet2009_2ps_TTM,554.8511891130098,215443469.00318778,3.8448916608796293,-1.4841783503619415,0.6509012597960477,questionable
Guillet2009_2ps_TTM,554.8511891130098,316227766.01683795,3.8959418246436943,-1.331990685545453,0.686697848561179,questionable
Guillet2009_2ps_TTM,554.8511891130098,464158883.3612773,3.939209764828825,-1.1923123068569264,0.7195520847262625,breakdown
Guillet2009_2ps_TTM,554.8511891130098,681292069.0579594,3.9757508632588348,-1.0648821477569488,0.74952537465799,breakdown
Guillet2009_2ps_TTM,554.8511891130098,1000000000.0,4.006537074084018,-0.9492183267240107,0.7767310633812672,breakdown
Guillet2009_2ps_TTM,554.8511891130098,1467799267.6220675,4.03243869602205,-0.8446897688005648,0.8013175882268236,breakdown
Guillet2009_2ps_TTM,554.8511891130098,2154434690.031878,4.054218951968291,-0.7505736975609573,0.8234549559459255,breakdown
Guillet2009_2ps_TTM,554.8511891130098,3162277660.1683793,4.0725367479577965,-0.6661002268389664,0.8433242541353991,breakdown
Guillet2009_2ps_TTM,554.8511891130098,4641588833.612773,4.087954200470273,-0.5904858254944243,0.8611097798737435,breakdown
Guillet2009_2ps_TTM,554.8511891130098,6812920690.579595,4.1009465507016305,-0.5229575714857609,0.8769933348365604,breakdown
Guillet2009_2ps_TTM,554.8511891130098,10000000000.0,4.111912890035349,-0.46277002236858694,0.8911502571280391,breakdown
Guillet2009_2ps_TTM,554.8511891130098,14677992676.220675,4.1211867162466875,-0.4092163234702988,0.9037468084886588,breakdown
Guillet2009_2ps_TTM,554.8511891130098,21544346900.31878,4.1290457594569325,-0.36163492593883195,0.9149385941196295,breakdown
Guillet2009_2ps_TTM,554.8511891130098,31622776601.683792,4.135720799681369,-0.31941303723771214,0.9248697510799759,breakdown
Guillet2009_2ps_TTM,554.8511891130098,46415888336.12772,4.1414033797669845,-0.2819876989078908,0.9336726947824368,breakdown
Guillet2009_2ps_TTM,554.8511891130098,68129206905.795944,4.146252428104568,-0.24884518992566781,0.941468259331718,breakdown
Guillet2009_2ps_TTM,554.8511891130098,100000000000.0,4.150399867453188,-0.21951929081234187,0.9483661058292857,breakdown
Guillet2009_2ps_TTM,554.8511891130098,146779926762.20676,4.153955316266266,-0.1935888117564152,0.9544653037923214,breakdown
Guillet2009_2ps_TTM,554.8511891130098,215443469003.18777,4.157009998903789,-0.17067468360305038,0.9598550153921845,breakdown
Guillet2009_2ps_TTM,554.8511891130098,316227766016.83795,4.15963997918132,-0.15043682926600146,0.9646152313404713,breakdown
Guillet2009_2ps_TTM,554.8511891130098,464158883361.2773,4.161908823237837,-0.13257097070083487,0.9688175219319226,breakdown
Guillet2009_2ps_TTM,554.8511891130098,681292069057.9595,4.163869786166546,-0.11680547924691734,0.9725257778864154,breakdown
Guillet2009_2ps_TTM,554.8511891130098,1000000000000.0,4.165567604381215,-0.10289834167034613,0.9757969239765332,breakdown
DeLeon2014_fs_795nm,554.8511891130098,10000.0,1.9870650006042136,-4.251456393274852,1.8827767672727303e-07,ok
DeLeon2014_fs_795nm,554.8511891130098,14677.992676220705,1.9870649841693084,-4.251456018823023,2.7635379077295816e-07,ok
DeLeon2014_fs_795nm,554.8511891130098,21544.346900318822,1.9870649600462251,-4.2514554692031234,4.05631794706565e-07,ok
DeLeon2014_fs_795nm,554.8511891130098,31622.776601683792,1.9870649246385172,-4.251454662471907,5.953858435634836e-07,ok
DeLeon2014_fs_795nm,554.8511891130098,46415.88833612782,1.9870648726674007,-4.251453478353445,8.739064563511572e-07,ok
DeLeon2014_fs_795nm,554.8511891130098,68129.20690579608,1.9870647963848591,-4.25145174030743,1.2827182908508555e-06,ok
DeLeon2014_fs_795nm,554.8511891130098,100000.0,1.9870646844187503,-4.251449189209508,1.8827708859953865e-06,ok
DeLeon2014_fs_795nm,554.8511891130098,146779.92676220674,1.9870645200778778,-4.251445444720062,2.763525242677092e-06,ok
DeLeon2014_fs_795nm,554.8511891130098,215443.46900318822,1.9870642788647193,-4.251439948583213,4.056290663637881e-06,ok
DeLeon2014_fs_795nm,554.8511891130098,316227.7660168379,1.9870639248256952,-4.25143188140499,5.953799648348605e-06,ok
DeLeon2014_fs_795nm,554.8511891130098,464158.8833612772,1.987063405196504,-4.251420040508872,8.738937914657969e-06,ok
DeLeon2014_fs_795nm,554.8511891130098,681292.0690579609,1.9870626425476923,-4.251402660670342,1.2826910047072372e-05,ok
DeLeon2014_fs_795nm,554.8511891130098,1000000.0,1.987061523267046,-4.251377151030294,1.882712100672924e-05,ok
DeLeon2014_fs_795nm,554.8511891130098,1467799.2676220676,1.9870598806779693,-4.25133970902094,2.76339859584993e-05,ok
DeLeon2014_fs_795nm,554.8511891130098,2154434.6900318824,1.9870574703121493,-4.251284753867964,4.056017819624919e-05,ok
DeLeon2014_fs_795nm,554.8511891130098,3162277.6601683795,1.9870539337257864,-4.251204095476068,5.953211845576113e-05,ok
DeLeon2014_fs_795nm,554.8511891130098,4641588.833612773,1.9870487456279573,-4.251085715361427,8.737671602485041e-05,ok
DeLeon2014_fs_795nm,554.8511891130098,6812920.690579608,1.987041136789995,-4.2509119791175145,0.0001282418208572619,ok
DeLeon2014_fs_795nm,554.8511891130098,10000000.0,1.9870299819986617,-4.250657016575866,0.00018821244505270155,ok
DeLeon2014_fs_795nm,554.8511891130098,14677992.676220676,1.9870136379742216,-4.250282884807031,0.00027621327671755776,ok
DeLeon2014_fs_795nm,554.8511891130098,21544346.900318824,1.986989710581944,-4.249733954246959,0.00040532913865814677,ok
DeLeon2014_fs_795nm,554.8511891130098,31622776.60168379,1.986954724124945,-4.248928707512517,0.0005947340174439861,ok
DeLeon2014_fs_795nm,554.8511891130098,46415888.33612773,1.9869036594584617,-4.247747785175851,0.0008725028583035694,ok
DeLeon2014_fs_795nm,554.8511891130098,68129206.90579608,1.9868293263141148,-4.246016618415967,0.0012796965994135545,ok
DeLeon2014_fs_795nm,554.8511891130098,100000000.0,1.9867215490490646,-4.243480320578169,0.0018762680153363053,ok
DeLeon2014_fs_795nm,554.8511891130098,146779926.76220676,1.9865661981386702,-4.239767651291195,0.0027495378420795756,ok
DeLeon2014_fs_795nm,554.8511891130098,215443469.00318778,1.986344244490211,-4.234339862052946,0.004026226984394059,ok
DeLeon2014_fs_795nm,554.8511891130098,316227766.01683795,1.9860313582453437,-4.2264192838776395,0.005889253663102866,ok
DeLeon2014_fs_795nm,554.8511891130098,464158883.3612773,1.9855993285905083,-4.214892188045601,0.008600581875236862,ok
DeLeon2014_fs_795nm,554.8511891130098,681292069.0579594,1.9850221213836805,-4.1981820385636155,0.012531034122676216,ok
DeLeon2014_fs_795nm,554.8511891130098,1000000000.0,1.984292289461364,-4.174095402295425,0.01819653542508074,ok
DeLeon2014_fs_795nm,554.8511891130098,1467799267.6220675,1.9834582957619822,-4.139658178297777,0.026296634386077124,ok
DeLeon2014_fs_795nm,554.8511891130098,2154434690.031878,1.9826998177988508,-4.090991099360846,0.03774378690797313,ok
DeLeon2014_fs_795nm,554.8511891130098,3162277660.1683793,1.9824625961815194,-4.0233255783940205,0.053659628908364905,ok
DeLeon2014_fs_795nm,554.8511891130098,4641588833.612773,1.983665248885019,-3.9313241033341213,0.07529961512193806,ok
DeLeon2014_fs_795nm,554.8511891130098,6812920690.579595,1.9879460790965124,-3.8098923755385803,0.10386199321071338,ok
DeLeon2014_fs_795nm,554.8511891130098,10000000000.0,1.9978241951244362,-3.6555418625758413,0.14016731299386853,ok
DeLeon2014_fs_795nm,554.8511891130098,14677992676.220675,2.0165553710489728,-3.467983030501894,0.18428367675511872,ok
DeLeon2014_fs_795nm,554.8511891130098,21544346900.31878,2.0475199039572045,-3.251156252162015,0.23528425572359252,ok
DeLeon2014_fs_795nm,554.8511891130098,31622776601.683792,2.0932905579553815,-3.012882330006413,0.29132949181512435,questionable
DeLeon2014_fs_795nm,554.8511891130098,46415888336.12772,2.1548620648698114,-2.7631009920878093,0.35008142710145806,questionable
DeLeon2014_fs_795nm,554.8511891130098,68129206905.795944,2.2314626351174964,-2.5116366643113612,0.40922922427258895,questionable
DeLeon2014_fs_795nm,554.8511891130098,100000000000.0,2.320938192215526,-2.2665705362966793,0.46687207867463754,questionable
DeLeon2014_fs_795nm,554.8511891130098,146779926762.20676,2.4203779731886637,-2.0336213249499338,0.5216648710589364,questionable
DeLeon2014_fs_795nm,554.8511891130098,215443469003.18777,2.526672251841776,-1.8162864768357034,0.5727849548821459,questionable
DeLeon2014_fs_795nm,554.8511891130098,316227766016.83795,2.636878284565514,-1.616317764418646,0.6198202896638296,questionable
DeLeon2014_fs_795nm,554.8511891130098,464158883361.2773,2.74840829075935,-1.4342342976823363,0.662648773743329,questionable
DeLeon2014_fs_795nm,554.8511891130098,681292069057.9595,2.859098362865978,-1.2697457142665702,0.7013387042590067,questionable
DeLeon2014_fs_795nm,554.8511891130098,1000000000000.0,2.9672110366533384,-1.1220617101392152,0.7360759713647842,questionable
Rotenberg_fs_630nm,554.8511891130098,10000.0,1.9870657176537938,-4.251458050944472,2.0162854711554534e-07,ok
Rotenberg_fs_630nm,554.8511891130098,14677.992676220705,1.9870660366542554,-4.251458451949026,2.959502198348437e-07,ok
Rotenberg_fs_630nm,554.8511891130098,21544.346900318822,1.987066504883079,-4.2514590405431525,4.343954868353968e-07,ok
Rotenberg_fs_630nm,554.8511891130098,31622.776601683792,1.987067192149384,-4.251459904481033,6.376053137203565e-07,ok
Rotenberg_fs_630nm,554.8511891130098,46415.88833612782,1.9870682009191916,-4.251461172568107,9.358764750360172e-07,ok
Rotenberg_fs_630nm,554.8511891130098,68129.20690579608,1.9870696815925553,-4.251463033864714,1.3736785089751933e-06,ok
Rotenberg_fs_630nm,554.8511891130098,100000.0,1.9870718549276747,-4.251465765873057,2.016283672009372e-06,ok
Rotenberg_fs_630nm,554.8511891130098,146779.92676220674,1.9870750449556345,-4.251469775909777,2.9594983245019683e-06,ok
Rotenberg_fs_630nm,554.8511891130098,215443.46900318822,1.9870797272941505,-4.251475661831993,4.343946514399775e-06,ok
Rotenberg_fs_630nm,554.8511891130098,316227.7660168379,1.9870866000655627,-4.251484301169794,6.37603513884867e-06,ok
Rotenberg_fs_630nm,554.8511891130098,464158.8833612772,1.9870966879970757,-4.25149698195221,9.358725975962703e-06,ok
Rotenberg_fs_630nm,554.8511891130098,681292.0690579609,1.987111495233659,-4.251515594727948,1.373670154770307e-05,ok
Rotenberg_fs_630nm,554.8511891130098,1000000.0,1.987133229668361,-4.251542914401325,2.0162656727770487e-05,ok
Rotenberg_fs_630nm,554.8511891130098,1467799.2676220676,1.9871651322823225,-4.251583013884985,2.9594595433148745e-05,ok
Rotenberg_fs_630nm,554.8511891130098,2154434.6900318824,1.987211960696572,-4.251641871203449,4.3438629556588826e-05,ok
Rotenberg_fs_630nm,554.8511891130098,3162277.6601683795,1.987280699245252,-4.251728260479287,6.375855091560816e-05,ok
Rotenberg_fs_630nm,554.8511891130098,4641588.833612773,1.9873816019016792,-4.251855059463218,9.358337994560059e-05,ok
Rotenberg_fs_630nm,554.8511891130098,6812920.690579608,1.9875297245515695,-4.2520411681675245,0.00013735865412235643,ok
Rotenberg_fs_630nm,554.8511891130098,10000000.0,1.9877471772220732,-4.252314323829152,0.0002016085452021596,ok
Rotenberg_fs_630nm,554.8511891130098,14677992.676220676,1.9880664367050584,-4.252715230104242,0.00029590710139623606,ok
Rotenberg_fs_630nm,554.8511891130098,21544346.900318824,1.9885352234678932,-4.253303612254112,0.0004343025086787742,ok
Rotenberg_fs_630nm,554.8511891130098,31622776.60168379,1.9892236914919033,-4.254167092698196,0.000637404740392891,ok
Rotenberg_fs_630nm,554.8511891130098,46415888.33612773,1.99023504928043,-4.2554341918865415,0.0009354435375880714,ok
Rotenberg_fs_630nm,554.8511891130098,68129206.90579608,1.9917212949773335,-4.257293352663081,0.0013727431955221575,ok
Rotenberg_fs_630nm,554.8511891130098,100000000.0,1.9939066248191923,-4.2600207358265,0.002014260453991113,ok
Rotenberg_fs_630nm,554.8511891130098,146779926.76220676,1.99712246119433,-4.264020733114369,0.0029551136969141207,ok
Rotenberg_fs_630nm,554.8511891130098,215443469.00318778,2.0018602954667144,-4.2698847899585415,0.004334418856759539,ok
Rotenberg_fs_630nm,554.8511891130098,316227766.01683795,2.0088522863253617,-4.278476275628884,0.006355252015567805,ok
Rotenberg_fs_630nm,554.8511891130098,464158883.3612773,2.0191959628443983,-4.291051618530264,0.009313142058522517,ok
Rotenberg_fs_630nm,554.8511891130098,681292069.0579594,2.0345505876342824,-4.309429862470494,0.013635952592128952,ok
Rotenberg_fs_630nm,554.8511891130098,1000000000.0,2.0574524971549466,-4.336221187881732,0.019937633213717585,ok
Rotenberg_fs_630nm,554.8511891130098,1467799267.6220675,2.0918308777787633,-4.375110691656383,0.029084968351423164,ok
Rotenberg_fs_630nm,554.8511891130098,2154434690.031878,2.143859458692704,-4.431141159244057,0.04226408907038889,ok
Rotenberg_fs_630nm,554.8511891130098,3162277660.1683793,2.223342289443417,-4.510780665439926,0.060996373688785716,ok
Rotenberg_fs_630nm,554.8511891130098,4641588833.612773,2.3458074930260686,-4.621149328978979,0.08695657004260082,ok
Rotenberg_fs_630nm,554.8511891130098,6812920690.579595,2.534994734257853,-4.7669210262535335,0.12124403681741855,ok
Rotenberg_fs_630nm,554.8511891130098,10000000000.0,2.8235667284421875,-4.942462055693891,0.16253365151688465,ok
Rotenberg_fs_630nm,554.8511891130098,14677992676.220675,3.2462322823896406,-5.1185056887205,0.20394148535001452,questionable
Rotenberg_fs_630nm,554.8511891130098,21544346900.31878,3.8188865955561155,-5.232033440604264,0.23064474183609904,questionable
Rotenberg_fs_630nm,554.8511891130098,31622776601.683792,4.510366696892159,-5.1986750671299315,0.22279840305053303,questionable
Rotenberg_fs_630nm,554.8511891130098,46415888336.12772,5.232887110358799,-4.953983393044462,0.1652436252566095,questionable
Rotenberg_fs_630nm,554.8511891130098,68129206905.795944,5.871188198323551,-4.495488226350212,0.05739938602247002,questionable
Rotenberg_fs_630nm,554.8511891130098,100000000000.0,6.334426898946352,-3.887724724395007,0.08555477634134794,questionable
Rotenberg_fs_630nm,554.8511891130098,146779926762.20676,6.5904801907603865,-3.226442255414689,0.24109732066136913,questionable
Rotenberg_fs_630nm,554.8511891130098,215443469003.18777,6.661729264519323,-2.5950370987958804,0.38961231866019563,questionable
Rotenberg_fs_630nm,554.8511891130098,316227766016.83795,6.597804531920311,-2.0428707553978875,0.5194892804257775,questionable
Rotenberg_fs_630nm,554.8511891130098,464158883361.2773,6.450345236983962,-1.5870835710202802,0.6266965657419435,questionable
Rotenberg_fs_630nm,554.8511891130098,681292069057.9595,6.260341549698805,-1.2243490598625564,0.7120166088774447,questionable
Rotenberg_fs_630nm,554.8511891130098,1000000000000.0,6.055651474646317,-0.9419600105781191,0.7784383171098469,questionable
Ryasn2007_ns_532_phase0,554.8511891130098,10000.0,1.9863361616413913,-4.2504344505568294,0.00024056297074191488,ok
Ryasn2007_ns_532_phase0,554.8511891130098,14677.992676220705,1.9859954191074245,-4.249955979898695,0.0003531057146370213,ok
Ryasn2007_ns_532_phase0,554.8511891130098,21544.346900318822,1.985495536389045,-4.249253644193054,0.0005183045332153917,ok
Ryasn2007_ns_532_phase0,554.8511891130098,31622.776601683792,1.9847623668633911,-4.248222677655514,0.0007608017501838435,ok
Ryasn2007_ns_532_phase0,554.8511891130098,46415.88833612782,1.9836874236676685,-4.246709258163621,0.0011167784007602825,ok
Ryasn2007_ns_532_phase0,554.8511891130098,68129.20690579608,1.9821122147961936,-4.244487507453434,0.0016393640952520187,ok
Ryasn2007_ns_532_phase0,554.8511891130098,100000.0,1.9798057125110782,-4.241225679197903,0.0024065900384749738,ok
Ryasn2007_ns_532_phase0,554.8511891130098,146779.92676220674,1.9764322815394915,-4.23643642984885,0.003533085997582123,ok
Ryasn2007_ns_532_phase0,554.8511891130098,215443.46900318822,1.9715067628094058,-4.229403654126207,0.005187289580536249,ok
Ryasn2007_ns_532_phase0,554.8511891130098,316227.7660168379,1.964333216822573,-4.219074860373582,0.0076167610022076825,ok
Ryasn2007_ns_532_phase0,554.8511891130098,464158.8833612772,1.9539251290507094,-4.203903125803792,0.011185357339521827,ok
Ryasn2007_ns_532_phase0,554.8511891130098,681292.0690579609,1.9389102005100407,-4.181616306612319,0.016427517421562628,ok
Ryasn2007_ns_532_phase0,554.8511891130098,1000000.0,1.91743792184002,-4.148885014449165,0.02412635823582042,ok
Ryasn2007_ns_532_phase0,554.8511891130098,1467799.2676220676,1.887145075810291,-4.100862436570556,0.03542191542723236,ok
Ryasn2007_ns_532_phase0,554.8511891130098,2154434.6900318824,1.8453155059427044,-4.030604305492927,0.0519475742486961,ok
Ryasn2007_ns_532_phase0,554.8511891130098,3162277.6601683795,1.7895230705552505,-3.9285210288639782,0.07595893599532647,ok
Ryasn2007_ns_532_phase0,554.8511891130098,4641588.833612773,1.7192392095818203,-3.782431927709134,0.11032106043828635,ok
Ryasn2007_ns_532_phase0,554.8511891130098,6812920.690579608,1.6387766718761945,-3.57963244518393,0.15802223048048317,ok
Ryasn2007_ns_532_phase0,554.8511891130098,10000000.0,1.5604970779072567,-3.3128834328336945,0.22076519135132894,ok
Ryasn2007_ns_532_phase0,554.8511891130098,14677992.676220676,1.5040488835367132,-2.9891271199013483,0.2969170372195806,questionable
Ryasn2007_ns_532_phase0,554.8511891130098,21544346.900318824,1.487967081486386,-2.6321549182208113,0.38088170754651024,questionable
Ryasn2007_ns_532_phase0,554.8511891130098,31622776.60168379,1.5199453344079052,-2.2723589568293905,0.4655105641940851,questionable
Ryasn2007_ns_532_phase0,554.8511891130098,46415888.33612773,1.5959163562654346,-1.9333616192669114,0.5452473043551954,questionable
Ryasn2007_ns_532_phase0,554.8511891130098,68129206.90579608,1.7059934566408779,-1.6275708235245625,0.6171734185810127,questionable
Ryasn2007_ns_532_phase0,554.8511891130098,100000000.0,1.8396779343862046,-1.3589523843997313,0.6803560938108207,questionable
Ryasn2007_ns_532_phase0,554.8511891130098,146779926.76220676,1.9880275258855724,-1.1268973707799268,0.734938558844709,questionable
Ryasn2007_ns_532_phase0,554.8511891130098,215443469.00318778,2.1440145728069444,-0.9287556372803323,0.7815441635752101,questionable
Ryasn2007_ns_532_phase0,554.8511891130098,316227766.01683795,2.302282256416863,-0.7611252418906994,0.8209730905880184,questionable
Ryasn2007_ns_532_phase0,554.8511891130098,464158883.3612773,2.4588149761623517,-0.6204423200772341,0.8540636088274974,questionable
Ryasn2007_ns_532_phase0,554.8511891130098,681292069.0579594,2.610661567629636,-0.5032425460477221,0.8816305743851833,questionable
Ryasn2007_ns_532_phase0,554.8511891130098,1000000000.0,2.7557221245503487,-0.4062793044723888,0.9044376349192393,questionable
Ryasn2007_ns_532_phase0,554.8511891130098,1467799267.6220675,2.892581370153021,-0.32657913880102935,0.9231841874633677,breakdown
Ryasn2007_ns_532_phase0,554.8511891130098,2154434690.031878,3.020372824731135,-0.26146682557733,0.9384994806103236,breakdown
Ryasn2007_ns_532_phase0,554.8511891130098,3162277660.1683793,3.1386642518988372,-0.20857265426043808,0.950940902199822,breakdown
Ryasn2007_ns_532_phase0,554.8511891130098,4641588833.612773,3.2473596734696466,-0.16582730175973096,0.9609951848970002,breakdown
Ryasn2007_ns_532_phase0,554.8511891130098,6812920690.579595,3.346615851980179,-0.13144747801770165,0.9690817825446816,breakdown
Ryasn2007_ns_532_phase0,554.8511891130098,10000000000.0,3.4367721685859083,-0.10391496220906256,0.9755578011317317,breakdown
Ryasn2007_ns_532_phase0,554.8511891130098,14677992676.220675,3.5182929968385492,-0.08195144445009303,0.9807239163619084,breakdown
Ryasn2007_ns_532_phase0,554.8511891130098,21544346900.31878,3.5917215052993368,-0.06449132263606543,0.9848307722041312,breakdown
Ryasn2007_ns_532_phase0,554.8511891130098,31622776601.683792,3.657643605541477,-0.05065422170281319,0.988085444732332,breakdown
Ryasn2007_ns_532_phase0,554.8511891130098,46415888336.12772,3.7166606254117838,-0.0397185601188894,0.9906576596425639,breakdown
Ryasn2007_ns_532_phase0,554.8511891130098,68129206905.795944,3.7693692624476265,-0.03109705492528582,0.9926855537976127,breakdown
Ryasn2007_ns_532_phase0,554.8511891130098,100000000000.0,3.81634744369113,-0.02431468006034223,0.9942808597258829,breakdown
Ryasn2007_ns_532_phase0,554.8511891130098,146779926762.20676,3.8581448541876577,-0.018989295250819747,0.9955334619671514,breakdown
Ryasn2007_ns_532_phase0,554.8511891130098,215443469003.18777,3.895277065465456,-0.014814947083040948,0.9965153248855729,breakdown
Ryasn2007_ns_532_phase0,554.8511891130098,316227766016.83795,3.928222372448517,-0.011547701028834215,0.9972838251680232,breakdown
Ryasn2007_ns_532_phase0,554.8511891130098,464158883361.2773,3.9574206158602476,-0.0089937791459873,0.9978845419967411,breakdown
Ryasn2007_ns_532_phase0,554.8511891130098,681292069057.9595,3.983273417949961,-0.006999738012698446,0.9983535673314499,breakdown
Ryasn2007_ns_532_phase0,554.8511891130098,1000000000000.0,4.006145388216661,-0.005444411846431397,0.9987194009963309,breakdown
Ryasn2007_ns_532_phase90,554.8511891130098,10000.0,1.9880868021564013,-4.250728470757416,0.00017140545904921928,ok
Ryasn2007_ns_532_phase90,554.8511891130098,14677.992676220705,1.9885641464872053,-4.250387902174629,0.00025151177725205986,ok
Ryasn2007_ns_532_phase90,554.8511891130098,21544.346900318822,1.9892640583348966,-4.249888393120308,0.00036900303532180924,ok
Ryasn2007_ns_532_phase90,554.8511891130098,31622.776601683792,1.9902898114762115,-4.24915602515191,0.0005412658466417381,ok
Ryasn2007_ns_532_phase90,554.8511891130098,46415.88833612782,1.9917920263017808,-4.248082797901512,0.00079370335253522,ok
Ryasn2007_ns_532_phase90,554.8511891130098,68129.20690579608,1.9939897230632262,-4.246511251454349,0.0011633522459737402,ok
Ryasn2007_ns_532_phase90,554.8511891130098,100000.0,1.9971999979852562,-4.244212531466312,0.0017040421514083674,ok
Ryasn2007_ns_532_phase90,554.8511891130098,146779.92676220674,2.00187902200084,-4.2408555287727046,0.002493654404486861,ok
Ryasn2007_ns_532_phase90,554.8511891130098,215443.46900318822,2.008676950450283,-4.235964351835281,0.003644125105365091,ok
Ryasn2007_ns_532_phase90,554.8511891130098,316227.7660168379,2.018507906989116,-4.228861545958316,0.005314800723936796,ok
Ryasn2007_ns_532_phase90,554.8511891130098,464158.8833612772,2.032631989894306,-4.2185959488395035,0.0077294074460634524,ok
Ryasn2007_ns_532_phase90,554.8511891130098,681292.0690579609,2.0527370374172653,-4.203858208701345,0.011195922447060159,ok
Ryasn2007_ns_532_phase90,554.8511891130098,1000000.0,2.080991516563814,-4.18289555051214,0.016126622024636536,ok
Ryasn2007_ns_532_phase90,554.8511891130098,1467799.2676220676,2.1200171274627224,-4.1534515004807835,0.02305225920964336,ok
Ryasn2007_ns_532_phase90,554.8511891130098,2154434.6900318824,2.1727101510526707,-4.112773752350605,0.03262021350780169,ok
Ryasn2007_ns_532_phase90,554.8511891130098,3162277.6601683795,2.2418483070208564,-4.057744638868243,0.04556380225274458,ok
Ryasn2007_ns_532_phase90,554.8511891130098,4641588.833612773,2.329486026940692,-3.9851762940200963,0.06263285447210627,ok
Ryasn2007_ns_532_phase90,554.8511891130098,6812920.690579608,2.4362684761042757,-3.892262238486657,0.08448749190570956,ok
Ryasn2007_ns_532_phase90,554.8511891130098,10000000.0,2.5609155866372517,-3.777099790033065,0.11157525104472911,ok
Ryasn2007_ns_532_phase90,554.8511891130098,14677992.676220676,2.700127234317518,-3.639138213492484,0.14402567221892476,ok
Ryasn2007_ns_532_phase90,554.8511891130098,21544346.900318824,2.8489952978337976,-3.4794128777518254,0.18159522271945544,questionable
Ryasn2007_ns_532_phase90,554.8511891130098,31622776.60168379,3.0017811912989485,-3.3004983325881088,0.22367833375903165,questionable
Ryasn2007_ns_532_phase90,554.8511891130098,46415888.33612773,3.1527863822445568,-3.1062080017244975,0.2693780367103347,questionable
Ryasn2007_ns_532_phase90,554.8511891130098,68129206.90579608,3.29706786741968,-2.9011355172993727,0.31761384741721316,questionable
Ryasn2007_ns_532_phase90,554.8511891130098,100000000.0,3.4308692696940697,-2.690152831640954,0.36723981706583303,questionable
Ryasn2007_ns_532_phase90,554.8511891130098,146779926.76220676,3.551760050687041,-2.4779617148936404,0.4171500259843855,questionable
Ryasn2007_ns_532_phase90,554.8511891130098,215443469.00318778,3.658550343659537,-2.268757566409726,0.466357659732287,questionable
Ryasn2007_ns_532_phase90,554.8511891130098,316227766.01683795,3.7510729680611417,-2.0660252532794656,0.514043030628007,questionable
Ryasn2007_ns_532_phase90,554.8511891130098,464158883.3612773,3.8299145871545526,-1.8724567841127264,0.5595729419845749,questionable
Ryasn2007_ns_532_phase90,554.8511891130098,681292069.0579594,3.896153885621113,-1.6899638025860932,0.6024977494590098,questionable
Ryasn2007_ns_532_phase90,554.8511891130098,1000000000.0,3.9511392904865685,-1.519752790773239,0.6425336722160132,questionable
Ryasn2007_ns_532_phase90,554.8511891130098,1467799267.6220675,3.9963186808930575,-1.3624336915358246,0.6795372434784621,questionable
Ryasn2007_ns_532_phase90,554.8511891130098,2154434690.031878,4.033120486660335,-1.2181393399943712,0.7134772186366924,breakdown
Ryasn2007_ns_532_phase90,554.8511891130098,3162277660.1683793,4.062878723142402,-1.0866405752968855,0.7444074994099387,breakdown
Ryasn2007_ns_532_phase90,554.8511891130098,4641588833.612773,4.086792066353575,-0.9674484258105962,0.7724430985127807,breakdown
Ryasn2007_ns_532_phase90,554.8511891130098,6812920690.579595,4.10590726454387,-0.859899634980477,0.7977400228211678,breakdown
Ryasn2007_ns_532_phase90,554.8511891130098,10000000000.0,4.121118651021266,-0.763225005933134,0.8204791978009683,breakdown
Ryasn2007_ns_532_phase90,554.8511891130098,14677992676.220675,4.133177390472744,-0.6766018926544227,0.8408541208759263,breakdown
Ryasn2007_ns_532_phase90,554.8511891130098,21544346900.31878,4.1427058752321795,-0.5991930409366071,0.8590617255136935,breakdown
Ryasn2007_ns_532_phase90,554.8511891130098,31622776601.683792,4.150214176815594,-0.5301742325517284,0.8752958789438816,breakdown
Ryasn2007_ns_532_phase90,554.8511891130098,46415888336.12772,4.156116598824907,-0.46875307856736703,0.8897429617170433,breakdown
Ryasn2007_ns_532_phase90,554.8511891130098,68129206905.795944,4.1607471974973995,-0.4141810254278591,0.9025790437126467,breakdown
Ryasn2007_ns_532_phase90,554.8511891130098,100000000000.0,4.164373694606896,-0.36576029460582493,0.9139682518395572,breakdown
Ryasn2007_ns_532_phase90,554.8511891130098,146779926762.20676,4.167209567848029,-0.32284713755654904,0.9240620044269219,breakdown
Ryasn2007_ns_532_phase90,554.8511891130098,215443469003.18777,4.169424322613444,-0.2848524842598046,0.932998858678397,breakdown
Ryasn2007_ns_532_phase90,554.8511891130098,316227766016.83795,4.171152071159359,-0.2512408076717593,0.9409047777683555,breakdown
Ryasn2007_ns_532_phase90,554.8511891130098,464158883361.2773,4.17249860407034,-0.22152781895229978,0.9478936729554654,breakdown
Ryasn2007_ns_532_phase90,554.8511891130098,681292069057.9595,4.173547158505635,-0.1952774448692662,0.9540681145379308,breakdown
Ryasn2007_ns_532_phase90,554.8511891130098,1000000000000.0,4.174363084194287,-0.1720984127404262,0.9595201351211388,breakdown
Ryasn2007_ns_532_phase180,554.8511891130098,10000.0,1.9877945627963114,-4.252479842408897,0.00024054074472882288,ok
Ryasn2007_ns_532_phase180,554.8511891130098,14677.992676220705,1.9881360591345114,-4.252958203981061,0.0003530578301340525,ok
Ryasn2007_ns_532_phase180,554.8511891130098,21544.346900318822,1.9886375658735593,-4.253660304667953,0.0005182013691370318,ok
Ryasn2007_ns_532_phase180,554.8511891130098,31622.776601683792,1.9893742342395702,-4.254690764872256,0.0007605794897078019,ok
Ryasn2007_ns_532_phase180,554.8511891130098,46415.88833612782,1.9904567154299488,-4.256203093499063,0.0011162995541217668,ok
Ryasn2007_ns_532_phase180,554.8511891130098,68129.20690579608,1.9920481642868808,-4.258422493996816,0.0016383324469912682,ok
Ryasn2007_ns_532_phase180,554.8511891130098,100000.0,1.994389653948625,-4.261679258804246,0.002404367399014979,ok
Ryasn2007_ns_532_phase180,554.8511891130098,146779.92676220674,1.9978384601004333,-4.2664575989652365,0.0035282973701408014,ok
Ryasn2007_ns_532_phase180,554.8511891130098,215443.46900318822,2.0029263565638318,-4.273466870070566,0.00517697235049051,ok
Ryasn2007_ns_532_phase180,554.8511891130098,316227.7660168379,2.010449673660828,-4.283745017775245,0.0075945311394720535,ok
Ryasn2007_ns_532_phase180,554.8511891130098,464158.8833612772,2.021611036962961,-4.298807606820957,0.011137454979309512,ok
Ryasn2007_ns_532_phase180,554.8511891130098,681292.0690579609,2.038247534331099,-4.3208591313018125,0.016324270575943118,ok
Ryasn2007_ns_532_phase180,554.8511891130098,1000000.0,2.0632072945903377,-4.3530828138931215,0.02390371478129395,ok
Ryasn2007_ns_532_phase180,554.8511891130098,1467799.2676220676,2.100985627929138,-4.400008647712612,0.034941302996624846,ok
Ryasn2007_ns_532_phase180,554.8511891130098,2154434.6900318824,2.1588135891648967,-4.467889723362705,0.05090784636208881,ok
Ryasn2007_ns_532_phase180,554.8511891130098,3162277.6601683795,2.248492625789782,-4.5647892447882406,0.07369991905858843,ok
Ryasn2007_ns_532_phase180,554.8511891130098,4641588.833612773,2.389235827191488,-4.699450433948244,0.1053740446639506,ok
Ryasn2007_ns_532_phase180,554.8511891130098,6812920.690579608,2.610963067587076,-4.8766769915925074,0.14706011830139962,ok
Ryasn2007_ns_532_phase180,554.8511891130098,10000000.0,2.954387616556256,-5.085688275038113,0.1962223875943578,ok
Ryasn2007_ns_532_phase180,554.8511891130098,14677992.676220676,3.4588116300795,-5.281997761127939,0.2423970230533179,questionable
Ryasn2007_ns_532_phase180,554.8511891130098,21544346.900318824,4.1308648425250585,-5.379304455065632,0.2652848682093775,questionable
Ryasn2007_ns_532_phase180,554.8511891130098,31622776.60168379,4.911226610169264,-5.277612892051435,0.2413656427814028,questionable
Ryasn2007_ns_532_phase180,554.8511891130098,46415888.33612773,5.677664066064771,-4.922319074563912,0.15779575102486307,questionable
Ryasn2007_ns_532_phase180,554.8511891130098,68129206.90579608,6.297659397537027,-4.34483050311586,0.021962660126096406,questionable
Ryasn2007_ns_532_phase180,554.8511891130098,100000000.0,6.691663465418235,-3.6452449485235574,0.14258928588059344,questionable
Ryasn2007_ns_532_phase180,554.8511891130098,146779926.76220676,6.855775867927252,-2.935888240479309,0.3094395387987012,questionable
Ryasn2007_ns_532_phase180,554.8511891130098,215443469.00318778,6.838081643656932,-2.296136789384042,0.4599176976847569,questionable
Ryasn2007_ns_532_phase180,554.8511891130098,316227766.01683795,6.701859463384299,-1.7617369135261691,0.5856157469667966,questionable
Ryasn2007_ns_532_phase180,554.8511891130098,464158883.3612773,6.501795569912057,-1.3365011068116353,0.6856369367230368,questionable
Ryasn2007_ns_532_phase180,554.8511891130098,681292069.0579594,6.276381808511443,-1.0079664269946393,0.7629127188481789,questionable
Ryasn2007_ns_532_phase180,554.8511891130098,1000000000.0,6.0493255380718205,-0.7584148605824453,0.8216106087811338,questionable
Ryasn2007_ns_532_phase180,554.8511891130098,1467799267.6220675,5.833664807149809,-0.5705530881512662,0.8657982281950761,breakdown
Ryasn2007_ns_532_phase180,554.8511891130098,2154434690.031878,5.635625257781667,-0.4296972788611537,0.8989294118978939,breakdown
Ryasn2007_ns_532_phase180,554.8511891130098,3162277660.1683793,5.4574158160836435,-0.32419118198068975,0.923745867073799,breakdown
Ryasn2007_ns_532_phase180,554.8511891130098,4641588833.612773,5.299030925300326,-0.24510271818905974,0.9423485390960604,breakdown
Ryasn2007_ns_532_phase180,554.8511891130098,6812920690.579595,5.159337599098782,-0.18571353777334632,0.9563176743147588,breakdown
Ryasn2007_ns_532_phase180,554.8511891130098,10000000000.0,5.036701924279492,-0.14101694000465126,0.9668309161826576,breakdown
Ryasn2007_ns_532_phase180,554.8511891130098,14677992676.220675,4.929335869938194,-0.10729602410301098,0.9747625298306504,breakdown
Ryasn2007_ns_532_phase180,554.8511891130098,21544346900.31878,4.835480167207621,-0.08179314944039232,0.9807611494804575,breakdown
Ryasn2007_ns_532_phase180,554.8511891130098,31622776601.683792,4.753493568275109,-0.06245985605777849,0.9853086005076321,breakdown
Ryasn2007_ns_532_phase180,554.8511891130098,46415888336.12772,4.681889943209249,-0.04777103559670845,0.9887636089416193,breakdown
Ryasn2007_ns_532_phase180,554.8511891130098,68129206905.795944,4.619347206141859,-0.036588045136600356,0.9913939989351026,breakdown
Ryasn2007_ns_532_phase180,554.8511891130098,100000000000.0,4.564701751176995,-0.028058213358913946,0.9934003302678671,breakdown
Ryasn2007_ns_532_phase180,554.8511891130098,146779926762.20676,4.516936079340324,-0.021541079402470725,0.9949332479616066,breakdown
Ryasn2007_ns_532_phase180,554.8511891130098,215443469003.18777,4.475163840651627,-0.016554163168685538,0.9961062378346177,breakdown
Ryasn2007_ns_532_phase180,554.8511891130098,316227766016.83795,4.438614539378775,-0.012732986022990498,0.9970050301713562,breakdown
Ryasn2007_ns_532_phase180,554.8511891130098,464158883361.2773,4.406619031947854,-0.00980149946011455,0.9976945552986936,breakdown
Ryasn2007_ns_532_phase180,554.8511891130098,681292069057.9595,4.378596322845822,-0.007550134105320895,0.9982241067565124,breakdown
Ryasn2007_ns_532_phase180,554.8511891130098,1000000000000.0,4.354041823504841,-0.005819446388539998,0.9986311878202317,breakdown
Ryasn2007_ns_532_phase270,554.8511891130098,10000.0,1.986041407776819,-4.252186872929411,0.00017163037679236652,ok
Ryasn2007_ns_532_phase270,554.8511891130098,14677.992676220705,1.9855619144121144,-4.252528545418004,0.00025199634851059597,ok
Ryasn2007_ns_532_phase270,554.8511891130098,21544.346900318822,1.9848573725846943,-4.253030432775645,0.0003700470155575809,ok
Ryasn2007_ns_532_phase270,554.8511891130098,31622.776601683792,1.9838216443312413,-4.253767924691315,0.0005435150482965024,ok
Ryasn2007_ns_532_phase270,554.8511891130098,46415.88833612782,1.9822979382062778,-4.254852191374631,0.0007985491775158187,ok
Ryasn2007_ns_532_phase270,554.8511891130098,68129.20690579608,1.9800539371895698,-4.256447522595098,0.001173792570021356,ok
Ryasn2007_ns_532_phase270,554.8511891130098,100000.0,1.97674389045126,-4.258797490133467,0.0017265365896093504,ok
Ryasn2007_ns_532_phase270,554.8511891130098,146779.92676220674,1.9718498573530476,-4.262264924660267,0.0025421238973950804,ok
Ryasn2007_ns_532_phase270,554.8511891130098,215443.46900318822,1.9645884400349192,-4.267394123516626,0.003748580559812941,ok
Ryasn2007_ns_532_phase270,554.8511891130098,316227.7660168379,1.9537576905842697,-4.275010214482361,0.0055399877453229645,ok
Ryasn2007_ns_532_phase270,554.8511891130098,464158.8833612772,1.9374738552387862,-4.286383898604328,0.008215231456759713,ok
Ryasn2007_ns_532_phase270,554.8511891130098,681292.0690579609,1.912688755717092,-4.30351946069292,0.012245746479671445,ok
Ryasn2007_ns_532_phase270,554.8511891130098,1000000.0,1.8742234651630396,-4.3296977993034025,0.018403244348659562,ok
Ryasn2007_ns_532_phase270,554.8511891130098,1467799.2676220676,1.812578043805521,-4.370618959921116,0.028028452542704238,ok
Ryasn2007_ns_532_phase270,554.8511891130098,2154434.6900318824,1.7079571387903592,-4.437244966415253,0.043699786736638206,ok
Ryasn2007_ns_532_phase270,554.8511891130098,3162277.6601683795,1.507872183516421,-4.555269409780833,0.07146072563063895,ok
Ryasn2007_ns_532_phase270,554.8511891130098,4641588.833612773,0.929307691412379,-4.8341426261952485,0.13705546261299356,ok
Ryasn2007_ns_532_phase270,554.8511891130098,6812920.690579608,1.2129318518967351,4.708393209661112,2.107477505972713,breakdown
Ryasn2007_ns_532_phase270,554.8511891130098,10000000.0,-4.148763195563386,4.198377129009777,1.9875148537781706,breakdown
Ryasn2007_ns_532_phase270,554.8511891130098,14677992.676220676,1.2025009956511234,4.713379629940826,2.108650379190646,breakdown
Ryasn2007_ns_532_phase270,554.8511891130098,21544346.900318824,3.4117476114521548,2.721709377297942,1.6401827075460886,breakdown
Ryasn2007_ns_532_phase270,554.8511891130098,31622776.60168379,-2.036464853613494,5.126370173256523,2.2057913180491706,breakdown
Ryasn2007_ns_532_phase270,554.8511891130098,46415888.33612773,2.8133545098685797,3.5188867461870106,1.8276895628579244,breakdown
Ryasn2007_ns_532_phase270,554.8511891130098,68129206.90579608,0.60811893132475,4.95313778582825,2.165044727048847,breakdown
Ryasn2007_ns_532_phase270,554.8511891130098,100000000.0,1.4242109131367806,4.6011429147250595,2.0822507919194133,breakdown
Ryasn2007_ns_532_phase270,554.8511891130098,146779926.76220676,3.539515395112863,2.500539676455128,1.5881606147048326,breakdown
Ryasn2007_ns_532_phase270,554.8511891130098,215443469.00318778,2.702333135498684,3.63686711304982,1.8554401343647533,breakdown
Ryasn2007_ns_532_phase270,554.8511891130098,316227766.01683795,3.1777516139147064,3.072188539045129,1.7226201274180621,breakdown
Ryasn2007_ns_532_phase270,554.8511891130098,464158883.3612773,3.5864948752912973,2.412426387058448,1.5674351821339383,breakdown
Ryasn2007_ns_532_phase270,554.8511891130098,681292069.0579594,3.726072176899454,2.123113643652542,1.4993849277805307,breakdown
Ryasn2007_ns_532_phase270,554.8511891130098,1000000000.0,3.833257087471475,1.8637325742865583,1.438375006347344,breakdown
Ryasn2007_ns_532_phase270,554.8511891130098,1467799267.6220675,3.9149290233175433,1.634047044697594,1.3843498758749642,breakdown
Ryasn2007_ns_532_phase270,554.8511891130098,2154434690.031878,3.977094272230908,1.431664001365765,1.336746657940574,breakdown
Ryasn2007_ns_532_phase270,554.8511891130098,3162277660.1683793,4.024401451027678,1.2539249779591752,1.2949400454528028,breakdown
Ryasn2007_ns_532_phase270,554.8511891130098,4641588833.612773,4.060414535014565,1.0981583519743623,1.2583016368115114,breakdown
Ryasn2007_ns_532_phase270,554.8511891130098,6812920690.579595,4.087849804807983,0.9618215172314458,1.2262333767937448,breakdown
Ryasn2007_ns_532_phase270,554.8511891130098,10000000000.0,4.108770318141005,0.8425725762770666,1.198184419572615,breakdown
Ryasn2007_ns_532_phase270,554.8511891130098,14677992676.220675,4.12474025296392,0.7382987967203378,1.1736578220308294,breakdown
Ryasn2007_ns_532_phase270,554.8511891130098,21544346900.31878,4.136944857241258,0.6471197565451339,1.1522112835805098,breakdown
Ryasn2007_ns_532_phase270,554.8511891130098,31622776601.683792,4.146282440822124,0.5673765725063449,1.1334546125368954,breakdown
Ryasn2007_ns_532_phase270,554.8511891130098,46415888336.12772,4.153434345149501,0.4976142353804774,1.117045571131336,breakdown
Ryasn2007_ns_532_phase270,554.8511891130098,68129206905.795944,4.158917901492682,0.43656124379759,1.1026850851142271,breakdown
Ryasn2007_ns_532_phase270,554.8511891130098,100000000000.0,4.1631264076210615,0.38310893909017324,1.0901123830331017,breakdown
Ryasn2007_ns_532_phase270,554.8511891130098,146779926762.20676,4.166359272082519,0.3362918379331703,1.07910037020464,breakdown
Ryasn2007_ns_532_phase270,554.8511891130098,215443469003.18777,4.168844743617917,0.29526959221851184,1.069451385434156,breakdown
Ryasn2007_ns_532_phase270,554.8511891130098,316227766016.83795,4.17075706122146,0.25931081389751565,1.060993396400647,breakdown
Ryasn2007_ns_532_phase270,554.8511891130098,464158883361.2773,4.172229409169385,0.22777878143257488,1.0535766376216926,breakdown
Ryasn2007_ns_532_phase270,554.8511891130098,681292069057.9595,4.173363717123097,0.20011892718377933,1.0470706673182417,breakdown
Ryasn2007_ns_532_phase270,554.8511891130098,1000000000000.0,4.174238085386426,0.1758479495796995,1.041361806450519,breakdown
