t_nm,lr_re,lr_im,sr_re,sr_im,lr_L_um,sr_L_um,maier_vs_tmm_lr,maier_vs_tmm_sr
4.0,1.4501027781653075,3.637444304634984e-07,2.4326297777718513,0.15055023863999462,339098.1979821585,0.8192951536341935,0.0,4.577566798522237e-16
4.256014878142722,1.450116265330829,4.1991486345254775e-07,2.339709743825122,0.13831876996251005,293738.30657498847,0.8917450677854522,0.0,2.7755575615628914e-17
4.528415660743054,1.450131508950203,4.857624089970626e-07,2.254467273029183,0.12685495441366418,253920.59700725987,0.9723316008139511,0.0,5.551115123125783e-17
4.818251106634234,1.45014873401724,5.631877740872356e-07,2.176414740844524,0.1161297727573023,219012.35533055663,1.0621314239027726,0.0,0.0
5.126637099115737,1.4501681932975456,6.54512118421045e-07,2.105082562662023,0.10611552311683016,188453.4715625716,1.1623660447908217,0.0,0.0
5.454760942168752,1.450190170462195,7.625776844864234e-07,2.0400185283982677,0.09678532204533977,161747.56146882087,1.2744192847592841,0.0,9.012017851447574e-16
5.8038859316455085,1.4502149834910274,8.908732751627924e-07,1.980787456251391,0.08811265966628717,138454.12623212836,1.3998565173650297,2.2204460492626824e-16,9.71445146547012e-17
6.1753562190316265,1.4502429883432997,1.0436906207381267e-06,1.926971122234814,0.08007102825529366,118181.65119562525,1.540445821464323,0.0,4.47545209131181e-16
6.570601986507451,1.450274582883693,1.2263190429388825e-06,1.8781684098313465,0.07263363918911496,100581.55877659822,1.698181204649094,0.0,4.545902364027965e-16
6.991144953232456,1.450310211038474,1.4452874432779772e-06,1.833995615626518,0.06577323709369375,85342.94092839184,1.8753080484774416,0.0,2.2591401799415137e-16
7.4386042340524305,1.4503503671391258,1.7086645371671482e-06,1.7940868430267907,0.059462013042713015,72188.00309434455,2.0743509105152076,0.0,2.3263411494723067e-16
7.914702573185653,1.4503956003880303,2.0264304309512504e-06,1.7580944174592312,0.053671611679098806,60868.15466856073,2.2981437865830445,0.0,0.0
8.421272976888153,1.4504465193516483,2.410935080110987e-06,1.7256892624431774,0.04837322100226119,51160.681145566436,2.5498628857163173,0.0,0.0
8.960265770634312,1.4505037963499208,2.8774618193100065e-06,1.6965611857194232,0.0435377289439536,42865.93138038443,2.833061895695152,0.0,2.7755575615628914e-17
9.533756107983145,1.4505681715649958,3.4449169066165777e-06,1.6704190369430068,0.03913592812318106,35804.95095812402,3.1517096134270264,0.0,0.0
10.143951960040079,1.4506404566366529,4.136668677512328e-06,1.6469907118737397,0.03513874939329435,29817.49095999514,3.5102296759530445,0.0,6.938893903907228e-18
10.793202616273902,1.4507215374448894,4.981562140322698e-06,1.6260229911947255,0.03151750576700669,24760.321646460234,3.9135419473878414,0.0,1.3877787807814457e-17
11.48400772941767,1.450812375701385,6.015136178320786e-06,1.6072812139612638,0.02824413063081427,20505.783616465436,4.367104886621992,0.0,0.0
12.219026939276905,1.4509140088811112,7.281070250001665e-06,1.590548795481831,0.025291397350406118,16940.515152451753,4.876957931082375,0.0,0.0
13.001090112497304,1.4510275479244406,8.83288461388158e-06,1.5756266067746012,0.022633110934806664,13964.303428392159,5.449762573581117,0.0,1.3877787807814457e-17
13.833208237715697,1.4511541720318815,1.0735911326590805e-05,1.5623322375685884,0.020244265950520222,11489.018225282527,6.092840372562348,2.2204460701883223e-16,1.3877787807814457e-17
14.71858501804111,1.4512951197636024,1.3069540871433256e-05,1.5504991673209243,0.018101168047789717,9437.598620301984,6.814205612067128,0.0,1.0408340855860843e-17
15.660629205497886,1.4514516755533837,1.592972918017247e-05,1.5399758692569954,0.016181519088492847,7743.074568382802,7.622589710006472,0.0,3.469446951953614e-18
16.662967724918857,1.4516251506651134,1.943171960164694e-05,1.530624871443621,0.014464467867259054,6347.615312736642,8.52745375966549,0.0,1.5612511283791264e-17
17.729459637816664,1.4518168575784542,2.3712891495344674e-05,1.5223217968236356,0.012930629798011371,5201.6044066340055,9.53898478442159,0.0,0.0
18.86421099999465,1.4520280768141534,2.8935589259747862e-05,1.5149544013831548,0.011562079759806745,4262.7464672994765,10.66807040416754,0.0,1.734723475976807e-18
20.071590670100207,1.4522600153302103,3.528971125940197e-05,1.5084216265357255,0.010342322653743618,3495.2136612723625,11.926245682498754,0.0,8.673617379884035e-18
21.356247129984286,1.4525137558749264,4.299474758118159e-05,1.5026326786599395,0.00925624622369865,2868.840680209177,13.325604993136421,2.2204468598871655e-16,2.2215299868541707e-16
22.72312638162647,1.452790197111686,5.230085217196636e-05,1.497506145713001,0.008290060441331796,2358.3761214952583,14.878670881729242,0.0,0.0
24.177490989529925,1.45308998497107,6.34884266541868e-05,1.4929691580891449,0.007431227341305221,1942.7963078698338,16.59821120134841,6.776263578034403e-20,4.336808689942018e-18
25.724940341900233,1.4534134365662046,7.686559424147789e-05,1.4889565984704036,0.006668384690305556,1604.6851925547196,18.496995393132757,2.2204466448202742e-16,0.0
27.371432208615328,1.4537604591330524,9.276287458215586e-05,1.4854103633574784,0.005991266339779529,1329.6815288639825,20.58748082642539,2.2204460657939253e-16,0.0
29.123305678985435,1.4541304677982916,0.00011152436392080641,1.482278677269698,0.005390621587306198,1105.9922384655463,22.881420796939466,0.0,0.0
30.987305567615113,1.4545223074510032,0.00013349481592709402,1.4795154592452338,0.0048581353811606495,923.9690698070384,25.389387330484542,0.0,0.0
32.970608382331186,1.4549341854520237,0.00015900224485450383,1.477079740224724,0.004386350761567734,775.7442733534152,28.12020460765292,2.2204460657939253e-16,0.0
35.08084995415465,1.4553636231353186,0.00018833606552861896,1.474935129127855,0.00396859454669235,654.9201319992306,31.08029289588719,8.131516293641283e-20,3.469446951953614e-18
37.32615483569367,1.4558074347531451,0.0002217213559884519,1.473049324897819,0.0035989069419976338,556.3067226715101,34.27292866532251,0.0,4.7704895589362195e-18
39.71516758114278,1.4562617423693351,0.00025929055633637786,1.471393671460856,0.0032719754749651964,475.70217226192847,37.69743442148841,0.0,0.0
42.257086028318795,1.4567220339102105,0.00030105473171876076,1.4699427523999173,0.002983073428139202,409.7098231674544,41.34832208041213,4.87890977618477e-19,2.2207890710983763e-16
44.96169671087044,1.4571832689358262,0.00034687730418235584,1.4686740221506687,0.002728002756399346,355.5870603496604,45.21442678416512,0.0,0.0
47.83941253700132,1.457640032679916,0.00039645372589735856,1.4675674706768451,0.002503041324378371,311.12100313102565,49.2780841030867,0.0,5.637851296924623e-18
50.901312879771275,1.4580867337789882,0.00044930073219919854,1.466605318854982,0.002304894183777717,274.5267747338848,53.514422381879825,0.0,2.2208695253419636e-16
54.15918623332608,1.4585178354312187,0.0005047584089131172,1.4657717421799568,0.0021306485271027848,244.36458852030722,57.89086248962008,1.951563910473908e-18,0.0
57.62557559928458,1.4589281043291298,0.000562007248348414,1.46505262087223,0.001977731905805636,219.47240228430584,62.36693686042033,0.0,1.3010426069826053e-18
61.31382677802331,1.4593128575807264,0.0006201007006752061,1.4644353149959457,0.0018438732911989818,198.91137159160232,66.89455370114588,2.220848618105008e-16,4.119968255444917e-18
65.23813975078322,1.4596681859018419,0.000678011661193567,1.4639084637419275,0.0017270665914437603,181.92176913164454,71.41883324435523,0.0,3.0357660829594124e-18
69.41362335042189,1.459991132265665,0.0007346892195518236,1.4634618085332178,0.0016255363225428955,167.88742452415738,75.87962150440596,0.0,6.288372600415926e-18
73.85635343129765,1.4602798090757838,0.0007891202556959349,1.463086040000411,0.001537705267188583,156.30707741425206,80.21373375519039,1.734723475976807e-18,2.8189256484623115e-18
78.58343476224253,1.4605334433375377,0.000840389485539699,1.4627726690677116,0.001462164136843674,146.77132807891633,84.35788964327895,2.2209584450625177e-16,2.233456475320139e-17
83.61306688091555,1.4607523472575452,0.0008877315783060785,1.462513922309426,0.0013976434630005512,138.94411769330017,88.2521788721522,2.2210060791626986e-16,2.2210060791626986e-16
88.96461416307977,1.4609378198978102,0.0009305700089321565,1.462302661322826,0.001342988153432936,132.54787894761327,91.84375944115749,0.0,2.2537431330293913e-16
94.65868037657356,1.4610919926200816,0.0009685391647083336,1.4621323251030727,0.0012971353165285432,127.35167083652532,95.0903728581849,0.0,0.0
100.7171880070134,1.4612176360255396,0.0010014885161624557,1.4619968933496266,0.001259096032992209,123.1617526368226,97.96320349218519,7.37257477290143e-18,0.0
107.16346266063664,1.4613179483570078,0.0010294699439051304,1.4618908674081987,0.0012279416950023746,119.81416419825618,100.44864621685507,2.2909025143147557e-16,2.0122792321330962e-16
114.02232286924041,1.4613963448688363,0.0010527111919216858,1.461809264355555,0.0012027953123901168,117.16896509008986,102.54868773234205,6.694518846561305e-16,0.0
121.32017564297009,1.4614562649383005,0.001071579636602621,1.4617476188073637,0.00118282781004796,115.10584625075285,104.27982826276093,4.569276124658356e-16,4.822442049711568e-16
129.08511813884223,1.461501009442438,0.0010865410342429575,1.4617019866068626,0.0011672588576390683,113.52086760548256,105.67071741541567,5.102705119717673e-16,0.0
137.3470458364309,1.4615336159959973,0.0010981177067376495,1.4616689448032352,0.0011553612665194323,112.32409799005923,106.7588852686748,1.8859751857428806e-15,0.0
146.13776763720008,1.4615567747956622,0.0011068499164547626,1.4616455833009547,0.0011464675660925524,111.43794570748386,107.58706529885508,1.3418701586822375e-15,0.0
155.4911283306219,1.4615727836086865,0.0011132631766120355,1.4616294851521734,0.0011399771340394737,110.79597662754976,108.19960963528226,0.0,3.776358892696761e-15
165.44313889858145,1.461583537221437,0.0011178431392677465,1.4616186944296032,0.0011353622689258807,110.34202972075063,108.63940459542535,0.0,7.181948681361415e-15
176.03211515974888,1.4615905445624298,0.0011210186525702518,1.46161167262326,0.0011321718699762227,110.02946348253478,108.94554454776315,4.019716042881665e-15,8.125581431370536e-15
187.29882528770608,1.461594965715204,0.001123152683634007,1.4616072462053291,0.0011300318751862736,109.82040348880331,109.15185987641877,0.0,1.2392645977848161e-14
199.28664677078285,1.4615976610117571,0.0011245401201664964,1.46160454912904,0.0011286422034012546,109.6849091324165,109.2862561088966,0.0,1.755549093896858e-14
212.0417334179063,1.4615992451533526,0.0011254110169175654,1.4616029644322788,0.0011277705263466188,109.60002971541347,109.3707257058684,2.757649228519722e-14,0.0
225.6131930534455,1.4616001406083934,0.0011259376418439487,1.461602068818534,0.001127243648843277,109.54876745591041,109.4218459538802,1.570525352291228e-13,5.808937461927509e-14
240.0532765851876,1.4616006261375178,0.0011262436841687894,1.461601583248396,0.0011269375311179371,109.51899897867328,109.45156895596413,1.5660923610633922e-13,1.8033206741432304e-13
255.4175791733671,1.461600877948113,0.0011264141722084056,1.4616013314279248,0.0011267670225859738,109.50242276727849,109.46813176439719,2.5393077293008705e-13,0.0
271.7652542752618,1.461601002481029,0.0011265049627281227,1.4616012068935267,0.0011266762265670013,109.49359743387807,109.47695352732623,7.436912589426699e-13,7.762291929155439e-13
289.15924138943836,1.461601061013108,0.0011265510480725047,1.4616011483608262,0.001126630141637586,109.4891182314895,109.48143169410827,1.0450438195409789e-12,1.7397636790183404e-12
307.6665083764782,1.4616010870629814,0.0011265732743773844,1.4616011223077665,0.0011266079134794734,109.48695810699678,109.48359178063434,3.153512341973191e-12,0.0
327.3583092891284,1.4616010980025338,0.0011265834275289949,1.461601111373108,0.0011265977706847404,109.48597137342885,109.48457746481282,1.401070330492286e-12,9.050093737066149e-12
348.3104587045444,1.4616011023207827,0.0011265878147745422,1.461601107062053,0.001126593377452823,109.48554500467701,109.48500440779844,1.4787080573925205e-11,9.781522362050555e-12
370.60362361481424,1.4616011039232062,0.0011265895206704782,1.4616011054868026,0.0011265916500159093,109.48537922029607,109.48517228445378,5.6643070927921116e-11,3.9291931109825375e-11
394.3236339995637,1.4616011044541863,0.0011265902756632305,1.4616011049346715,0.0011265909166412473,109.4853058478646,109.48524355579995,3.033253078718319e-11,2.67458407694936e-11
419.56181327636216,1.461601104619829,0.0011265904837334333,1.4616011047506472,0.0011265906837290207,109.48528562700342,109.48526619086363,0.0,2.089006970507175e-11
446.41532990118384,1.4616011046641366,0.0011265905690590915,1.4616011047024595,0.0011265906255755154,109.48527733481251,109.48527184238588,9.289919865431e-12,1.7977631922749241e-12
474.9875714726077,1.4616011046821316,0.001126590594597854,1.461601104690878,0.0011265906027544178,109.48527485288295,109.48527406020492,9.320810677331485e-12,0.0
505.38854278007426,1.4616011046935156,0.0011265906004565003,1.461601104687744,0.001126590596186544,109.48527428352307,109.48527469848955,1.1306744711840364e-11,0.0
537.7352893287167,1.4616011046899666,0.0011265906074367908,1.461601104686627,0.0011265906010504837,109.48527360515862,109.48527422579807,1.4239040834834675e-11,6.547952451885628e-12
572.1523479713496,1.4616011046868482,0.0011265905990441103,1.4616011046734083,0.0011265905817997436,109.48527442078313,109.4852760966397,5.105967550151322e-12,1.8326408361287357e-11
608.7722263825888,1.46160110468694,0.0011265905940185776,1.4616011046636281,0.001126590667843439,109.48527490917868,109.48526773466936,0.0,7.738553162955882e-11
647.7359132210921,1.4616011046869422,0.0011265905940334485,1.4616011046869424,0.0011265905940391829,109.48527490773348,109.4852749071762,0.0,0.0
689.1934209440824,1.4616011046887132,0.0011265905857132756,1.4616011046869422,0.001126590594036724,109.48527571631153,109.48527490741517,8.508978930608371e-12,0.0
733.3043633640242,1.461601104686995,0.001126590596822889,1.4616011046850106,0.001126590611548992,109.48527463664772,109.48527320552323,2.787125720331068e-12,1.761882596309317e-11
780.2385701710656,1.4616011046869422,0.0011265905940363102,1.4616011046883821,0.0011265905891994837,109.48527490745539,109.48527537751193,0.0,5.046629930515115e-12
830.1767407872153,1.4616011046843393,0.0011265906071294533,1.4616011046869422,0.0011265905940363158,109.48527363502654,109.48527490745482,1.3349339659472285e-11,0.0
883.3111400696051,1.4616011046771504,0.001126590629970108,1.461601104690521,0.0011265905926114133,109.48527141530693,109.4852750459309,3.7243996291127785e-11,3.852139418684327e-12
939.8463385413619,1.4616011046916388,0.0011265906016362179,1.4616011046896344,0.001126590593024299,109.48527416887477,109.4852750058055,8.934057739811482e-12,2.876214036580503e-12
1000.0,1.4616011046896924,0.0011265906057769445,1.4616011046912434,0.001126590610279196,109.4852737664672,109.48527332892562,1.2058449560999827e-11,1.6802729334849466e-11
