x_um,P_plasmonic,P_dielectric,P_total
0.0000,0.019121,0.980879,1.000000
3.5221,0.019333,0.980548,0.999881
7.0442,0.019779,0.979984,0.999763
10.5663,0.020458,0.979188,0.999645
14.0884,0.021368,0.978160,0.999529
17.6105,0.022510,0.976902,0.999413
21.1326,0.023883,0.975414,0.999297
24.6547,0.025484,0.973697,0.999181
28.1768,0.027314,0.971751,0.999065
31.6989,0.029370,0.969579,0.998949
35.2210,0.031652,0.967180,0.998832
38.7431,0.034157,0.964557,0.998714
42.2652,0.036884,0.961711,0.998595
45.7873,0.039832,0.958643,0.998475
49.3094,0.042998,0.955355,0.998353
52.8315,0.046381,0.951849,0.998230
56.3536,0.049978,0.948126,0.998104
59.8757,0.053787,0.944189,0.997976
63.3978,0.057806,0.940040,0.997846
66.9199,0.062033,0.935681,0.997714
70.4420,0.066465,0.931114,0.997578
73.9641,0.071099,0.926341,0.997440
77.4862,0.075933,0.921366,0.997298
81.0083,0.080964,0.916190,0.997153
84.5304,0.086189,0.910816,0.997005
88.0525,0.091605,0.905247,0.996852
91.5746,0.097209,0.899487,0.996696
95.0967,0.102998,0.893537,0.996535
98.6188,0.108969,0.887401,0.996370
102.1409,0.115117,0.881083,0.996200
105.6630,0.121441,0.874585,0.996026
109.1851,0.127936,0.867910,0.995846
112.7072,0.134599,0.861063,0.995662
116.2293,0.141425,0.854047,0.995472
119.7514,0.148412,0.846864,0.995277
123.2735,0.155556,0.839520,0.995076
126.7956,0.162852,0.832017,0.994869
130.3177,0.170296,0.824359,0.994656
133.8398,0.177886,0.816551,0.994437
137.3619,0.185615,0.808596,0.994211
140.8840,0.193481,0.800499,0.993979
144.4061,0.201479,0.792262,0.993741
147.9282,0.209604,0.783892,0.993495
151.4503,0.217853,0.775391,0.993243
154.9724,0.226220,0.766764,0.992984
158.4945,0.234702,0.758015,0.992717
162.0166,0.243294,0.749150,0.992444
165.5388,0.251991,0.740171,0.992162
169.0609,0.260789,0.731085,0.991873
172.5830,0.269683,0.721894,0.991577
176.1051,0.278668,0.712605,0.991272
179.6272,0.287739,0.703221,0.990960
183.1493,0.296892,0.693747,0.990639
186.6714,0.306123,0.684188,0.990311
190.1935,0.315425,0.674549,0.989974
193.7156,0.324794,0.664835,0.989629
197.2377,0.334225,0.655050,0.989275
200.7598,0.343714,0.645199,0.988913
204.2819,0.353255,0.635287,0.988542
207.8040,0.362843,0.625320,0.988163
211.3261,0.372473,0.615301,0.987775
214.8482,0.382141,0.605236,0.987378
218.3703,0.391841,0.595131,0.986972
221.8924,0.401568,0.584989,0.986557
225.4145,0.411317,0.574816,0.986133
228.9366,0.421083,0.564617,0.985700
232.4587,0.430861,0.554397,0.985258
235.9808,0.440646,0.544161,0.984807
239.5029,0.450433,0.533914,0.984347
243.0250,0.460216,0.523661,0.983877
246.5471,0.469991,0.513407,0.983399
250.0692,0.479753,0.503158,0.982911
253.5913,0.489497,0.492917,0.982414
257.1134,0.499217,0.482691,0.981907
260.6355,0.508908,0.472483,0.981391
264.1576,0.518566,0.462300,0.980866
267.6797,0.528186,0.452146,0.980332
271.2018,0.537763,0.442026,0.979789
274.7239,0.547291,0.431945,0.979236
278.2460,0.556767,0.421907,0.978674
281.7681,0.566184,0.411918,0.978103
285.2902,0.575539,0.401983,0.977523
288.8123,0.584827,0.392106,0.976933
292.3344,0.594042,0.382293,0.976334
295.8565,0.603180,0.372547,0.975727
299.3786,0.612237,0.362873,0.975110
302.9007,0.621207,0.353277,0.974485
306.4228,0.630087,0.343763,0.973850
309.9449,0.638872,0.334335,0.973207
313.4670,0.647557,0.324997,0.972555
316.9891,0.656138,0.315755,0.971894
320.5112,0.664611,0.306613,0.971224
324.0333,0.672971,0.297575,0.970546
327.5554,0.681214,0.288645,0.969860
331.0775,0.689337,0.279828,0.969165
334.5996,0.697334,0.271128,0.968462
338.1217,0.705202,0.262548,0.967750
341.6438,0.712937,0.254094,0.967031
345.1659,0.720535,0.245768,0.966303
348.6880,0.727993,0.237575,0.965568
352.2101,0.735306,0.229519,0.964825
355.7322,0.742470,0.221603,0.964074
359.2543,0.749484,0.213832,0.963316
362.7764,0.756342,0.206208,0.962550
366.2985,0.763041,0.198735,0.961777
369.8206,0.769579,0.191418,0.960997
373.3427,0.775951,0.184258,0.960209
376.8648,0.782156,0.177260,0.959415
380.3869,0.788188,0.170426,0.958614
383.9090,0.794047,0.163760,0.957807
387.4311,0.799728,0.157265,0.956993
390.9532,0.805230,0.150943,0.956173
394.4753,0.810548,0.144798,0.955346
397.9974,0.815682,0.138833,0.954514
401.5195,0.820627,0.133049,0.953676
405.0416,0.825383,0.127450,0.952832
408.5637,0.829945,0.122038,0.951983
412.0858,0.834313,0.116815,0.951128
415.6079,0.838485,0.111784,0.950269
419.1300,0.842457,0.106947,0.949404
422.6521,0.846229,0.102306,0.948534
426.1742,0.849798,0.097862,0.947660
429.6963,0.853163,0.093619,0.946782
433.2184,0.856322,0.089577,0.945899
436.7405,0.859273,0.085738,0.945012
440.2626,0.862016,0.082105,0.944121
443.7847,0.864549,0.078677,0.943227
447.3068,0.866871,0.075457,0.942329
450.8289,0.868981,0.072447,0.941427
454.3510,0.870877,0.069646,0.940523
457.8731,0.872560,0.067056,0.939616
461.3952,0.874027,0.064678,0.938706
464.9173,0.875280,0.062513,0.937793
468.4394,0.876316,0.060562,0.936878
471.9615,0.877136,0.058825,0.935961
475.4836,0.877740,0.057303,0.935042
479.0057,0.878126,0.055995,0.934122
482.5278,0.878296,0.054903,0.933200
486.0499,0.878249,0.054027,0.932276
489.5721,0.877986,0.053366,0.931352
493.0942,0.877506,0.052921,0.930426
496.6163,0.876809,0.052691,0.929500
500.1384,0.875898,0.052676,0.928574
503.6605,0.874771,0.052876,0.927647
507.1826,0.873430,0.053290,0.926720
510.7047,0.871875,0.053918,0.925793
514.2268,0.870107,0.054759,0.924867
517.7489,0.868128,0.055813,0.923941
521.2710,0.865939,0.057077,0.923016
524.7931,0.863540,0.058552,0.922092
528.3152,0.860933,0.060236,0.921169
531.8373,0.858119,0.062128,0.920247
535.3594,0.855100,0.064227,0.919327
538.8815,0.851878,0.066531,0.918409
542.4036,0.848454,0.069039,0.917493
545.9257,0.844830,0.071749,0.916579
549.4478,0.841008,0.074659,0.915667
552.9699,0.836990,0.077768,0.914758
556.4920,0.832778,0.081073,0.913852
560.0141,0.828375,0.084573,0.912948
563.5362,0.823782,0.088266,0.912048
567.0583,0.819003,0.092149,0.911151
570.5804,0.814039,0.096220,0.910258
574.1025,0.808893,0.100476,0.909369
577.6246,0.803567,0.104915,0.908483
581.1467,0.798066,0.109536,0.907601
584.6688,0.792391,0.114334,0.906724
588.1909,0.786545,0.119307,0.905851
591.7130,0.780531,0.124452,0.904983
595.2351,0.774353,0.129767,0.904120
598.7572,0.768014,0.135248,0.903262
602.2793,0.761516,0.140892,0.902408
605.8014,0.754864,0.146697,0.901561
609.3235,0.748060,0.152658,0.900718
612.8456,0.741108,0.158774,0.899881
616.3677,0.734012,0.165039,0.899051
619.8898,0.726775,0.171451,0.898226
623.4119,0.719401,0.178006,0.897407
626.9340,0.711893,0.184701,0.896594
630.4561,0.704256,0.191532,0.895788
633.9782,0.696493,0.198496,0.894989
637.5003,0.688609,0.205587,0.894196
641.0224,0.680606,0.212804,0.893410
644.5445,0.672490,0.220141,0.892631
648.0666,0.664265,0.227595,0.891859
651.5887,0.655933,0.235161,0.891094
655.1108,0.647501,0.242836,0.890337
658.6329,0.638971,0.250616,0.889587
662.1550,0.630349,0.258496,0.888845
665.6771,0.621638,0.266473,0.888110
669.1992,0.612843,0.274541,0.887384
672.7213,0.603968,0.282697,0.886665
676.2434,0.595018,0.290936,0.885954
679.7655,0.585997,0.299255,0.885251
683.2876,0.576909,0.307647,0.884557
686.8097,0.567760,0.316110,0.883870
690.3318,0.558554,0.324638,0.883192
693.8539,0.549295,0.333228,0.882523
697.3760,0.539988,0.341874,0.881862
700.8981,0.530638,0.350572,0.881210
704.4202,0.521249,0.359317,0.880566
707.9423,0.511825,0.368106,0.879931
711.4644,0.502372,0.376933,0.879305
714.9865,0.492895,0.385793,0.878688
718.5086,0.483397,0.394682,0.878079
722.0307,0.473883,0.403596,0.877480
725.5528,0.464359,0.412530,0.876889
729.0749,0.454829,0.421478,0.876307
732.5970,0.445298,0.430437,0.875735
736.1191,0.435769,0.439402,0.875171
739.6412,0.426249,0.448368,0.874617
743.1633,0.416741,0.457330,0.874072
746.6854,0.407251,0.466285,0.873535
750.2075,0.397782,0.475226,0.873008
753.7296,0.388340,0.484150,0.872490
757.2517,0.378929,0.493052,0.871982
760.7738,0.369554,0.501928,0.871482
764.2959,0.360219,0.510772,0.870991
767.8180,0.350929,0.519581,0.870510
771.3401,0.341689,0.528349,0.870037
774.8622,0.332502,0.537073,0.869574
778.3843,0.323373,0.545747,0.869120
781.9064,0.314307,0.554368,0.868675
785.4285,0.305308,0.562930,0.868238
788.9506,0.296380,0.571431,0.867811
792.4727,0.287528,0.579864,0.867392
795.9948,0.278756,0.588227,0.866983
799.5169,0.270068,0.596514,0.866582
803.0390,0.261469,0.604721,0.866190
806.5611,0.252961,0.612845,0.865806
810.0832,0.244551,0.620881,0.865432
813.6054,0.236240,0.628825,0.865065
817.1275,0.228034,0.636673,0.864707
820.6496,0.219937,0.644421,0.864358
824.1717,0.211951,0.652066,0.864017
827.6938,0.204082,0.659602,0.863684
831.2159,0.196332,0.667027,0.863359
834.7380,0.188705,0.674337,0.863042
838.2601,0.181206,0.681528,0.862734
841.7822,0.173836,0.688596,0.862433
845.3043,0.166601,0.695539,0.862139
848.8264,0.159503,0.702351,0.861854
852.3485,0.152545,0.709031,0.861576
855.8706,0.145731,0.715574,0.861305
859.3927,0.139064,0.721978,0.861042
862.9148,0.132547,0.728239,0.860786
866.4369,0.126183,0.734354,0.860536
869.9590,0.119974,0.740320,0.860294
873.4811,0.113925,0.746134,0.860059
877.0032,0.108037,0.751793,0.859830
880.5253,0.102313,0.757295,0.859607
884.0474,0.096756,0.762636,0.859391
887.5695,0.091367,0.767814,0.859182
891.0916,0.086151,0.772827,0.858978
894.6137,0.081109,0.777672,0.858780
898.1358,0.076242,0.782346,0.858588
901.6579,0.071554,0.786848,0.858402
905.1800,0.067047,0.791175,0.858221
908.7021,0.062721,0.795325,0.858046
912.2242,0.058580,0.799295,0.857875
915.7463,0.054624,0.803085,0.857710
919.2684,0.050857,0.806693,0.857549
922.7905,0.047278,0.810115,0.857393
926.3126,0.043890,0.813352,0.857242
929.8347,0.040694,0.816401,0.857095
933.3568,0.037691,0.819260,0.856952
936.8789,0.034883,0.821930,0.856812
940.4010,0.032270,0.824407,0.856677
943.9231,0.029854,0.826692,0.856545
947.4452,0.027635,0.828782,0.856417
950.9673,0.025614,0.830678,0.856292
954.4894,0.023792,0.832378,0.856170
958.0115,0.022170,0.833881,0.856051
961.5336,0.020747,0.835187,0.855934
965.0557,0.019525,0.836295,0.855820
968.5778,0.018503,0.837206,0.855709
972.0999,0.017682,0.837917,0.855599
975.6220,0.017062,0.838430,0.855492
979.1441,0.016643,0.838743,0.855386
982.6662,0.016424,0.838858,0.855281
986.1883,0.016405,0.838773,0.855178
