tag,scheme,state,box,scale,elements,N,dir,variant,T_guided,R_guided,P_trans,P_refl,balance,t_re,t_im,r_re,r_im,eta_conj,eta_unconj,n1_re,n1_im,n2_re,n2_im,rho1,rho2,biorth1,biorth2
sync405_a_A_N300_s1.00_g1.60,sync405,a,A,1.00,17837,5,12,1,0.986630,0.000824,0.995188,0.008829,-4.02e-03,5.208428e-01,-9.032237e-01,-2.817922e-02,5.506526e-03,0.956257,0.959498,1.8898484,4.7323e-06,1.8880955,2.45895e-02,0.999999,9.967e-01,1.067726,6.559e-01
sync405_a_A_N300_s1.00_g1.60,sync405,a,A,1.00,17837,5,12,2,0.998830,0.000392,1.002422,0.001075,-3.50e-03,5.221958e-01,-9.098589e-01,1.640158e-02,-1.110155e-02,0.956257,0.959498,1.8898484,4.7323e-06,1.8880955,2.45895e-02,0.999999,9.967e-01,1.067726,6.559e-01
sync405_a_A_N300_s1.00_g1.60,sync405,a,A,1.00,17837,5,21,1,0.992230,0.000439,0.996341,0.000999,2.66e-03,4.710352e-01,8.238092e-01,-1.801379e-02,1.072003e-02,0.956257,0.959498,1.8898484,4.7323e-06,1.8880955,2.45895e-02,0.999999,9.967e-01,1.067726,6.559e-01
sync405_a_A_N300_s1.00_g1.60,sync405,a,A,1.00,17837,5,21,2,0.980131,0.000167,0.992523,0.005183,2.29e-03,4.664844e-01,8.197241e-01,1.289444e-02,-5.192226e-04,0.956257,0.959498,1.8898484,4.7323e-06,1.8880955,2.45895e-02,0.999999,9.967e-01,1.067726,6.559e-01
sync405_a_A_N300_s1.00_g1.60,sync405,a,A,1.00,17837,10,12,1,0.971151,0.001278,0.975195,0.033948,-9.14e-03,5.257545e-01,-8.908520e-01,-3.268875e-02,1.445653e-02,0.956257,0.959498,1.8898484,4.7323e-06,1.8880955,2.45895e-02,0.999999,9.967e-01,1.067726,6.559e-01
sync405_a_A_N300_s1.00_g1.60,sync405,a,A,1.00,17837,10,12,2,0.998636,0.000319,1.000037,0.003457,-3.49e-03,5.240576e-01,-9.086708e-01,1.414545e-02,-1.090607e-02,0.956257,0.959498,1.8898484,4.7323e-06,1.8880955,2.45895e-02,0.999999,9.967e-01,1.067726,6.559e-01
sync405_a_A_N300_s1.00_g1.60,sync405,a,A,1.00,17837,10,21,1,0.992007,0.000438,0.998257,0.000982,7.61e-04,4.692454e-01,8.247077e-01,-1.897336e-02,8.857743e-03,0.956257,0.959498,1.8898484,4.7323e-06,1.8880955,2.45895e-02,0.999999,9.967e-01,1.067726,6.559e-01
sync405_a_A_N300_s1.00_g1.60,sync405,a,A,1.00,17837,10,21,2,0.964696,0.000026,1.000686,0.002946,-3.63e-03,4.545720e-01,8.178697e-01,5.046573e-04,5.035158e-03,0.956257,0.959498,1.8898484,4.7323e-06,1.8880955,2.45895e-02,0.999999,9.967e-01,1.067726,6.559e-01
sync405_a_A_N300_s1.00_g1.60,sync405,a,A,1.00,17837,15,12,1,0.981697,0.001201,0.986011,0.031645,-1.77e-02,5.351751e-01,-8.917635e-01,-2.743613e-02,2.117527e-02,0.956257,0.959498,1.8898484,4.7323e-06,1.8880955,2.45895e-02,0.999999,9.967e-01,1.067726,6.559e-01
sync405_a_A_N300_s1.00_g1.60,sync405,a,A,1.00,17837,15,12,2,0.998010,0.000261,0.999189,0.003689,-2.88e-03,5.240996e-01,-9.082670e-01,1.261185e-02,-1.009134e-02,0.956257,0.959498,1.8898484,4.7323e-06,1.8880955,2.45895e-02,0.999999,9.967e-01,1.067726,6.559e-01
sync405_a_A_N300_s1.00_g1.60,sync405,a,A,1.00,17837,15,21,1,0.991406,0.000397,0.997822,0.000946,1.23e-03,4.689265e-01,8.245581e-01,-1.808568e-02,8.338248e-03,0.956257,0.959498,1.8898484,4.7323e-06,1.8880955,2.45895e-02,0.999999,9.967e-01,1.067726,6.559e-01
sync405_a_A_N300_s1.00_g1.60,sync405,a,A,1.00,17837,15,21,2,0.975101,0.000189,1.008880,0.003706,-1.26e-02,4.509624e-01,8.256044e-01,5.499992e-03,1.261478e-02,0.956257,0.959498,1.8898484,4.7323e-06,1.8880955,2.45895e-02,0.999999,9.967e-01,1.067726,6.559e-01
sync405_a_A_N300_s1.00_g1.60,sync405,a,A,1.00,17837,20,12,1,0.988134,0.000927,0.989667,0.022543,-1.22e-02,5.350820e-01,-8.957869e-01,-2.451054e-02,1.807538e-02,0.956257,0.959498,1.8898484,4.7323e-06,1.8880955,2.45895e-02,0.999999,9.967e-01,1.067726,6.559e-01
sync405_a_A_N300_s1.00_g1.60,sync405,a,A,1.00,17837,20,12,2,0.997762,0.000243,0.998228,0.004463,-2.69e-03,5.251733e-01,-9.074959e-01,1.249842e-02,-9.310075e-03,0.956257,0.959498,1.8898484,4.7323e-06,1.8880955,2.45895e-02,0.999999,9.967e-01,1.067726,6.559e-01
sync405_a_A_N300_s1.00_g1.60,sync405,a,A,1.00,17837,20,21,1,0.991143,0.000413,0.998660,0.001064,2.76e-04,4.678282e-01,8.250374e-01,-1.838076e-02,8.674117e-03,0.956257,0.959498,1.8898484,4.7323e-06,1.8880955,2.45895e-02,0.999999,9.967e-01,1.067726,6.559e-01
sync405_a_A_N300_s1.00_g1.60,sync405,a,A,1.00,17837,20,21,2,0.981552,0.000193,1.006208,0.003318,-9.53e-03,4.541547e-01,8.273984e-01,8.907559e-03,1.067436e-02,0.956257,0.959498,1.8898484,4.7323e-06,1.8880955,2.45895e-02,0.999999,9.967e-01,1.067726,6.559e-01
sync405_a_A_N300_s1.00_g1.60,sync405,a,A,1.00,17837,30,12,1,0.987788,0.000862,0.989444,0.021938,-1.14e-02,5.342786e-01,-8.960535e-01,-2.393991e-02,1.700814e-02,0.956257,0.959498,1.8898484,4.7323e-06,1.8880955,2.45895e-02,0.999999,9.967e-01,1.067726,6.559e-01
sync405_a_A_N300_s1.00_g1.60,sync405,a,A,1.00,17837,30,12,2,0.997607,0.000230,0.998130,0.004507,-2.64e-03,5.248009e-01,-9.076169e-01,1.196910e-02,-9.301929e-03,0.956257,0.959498,1.8898484,4.7323e-06,1.8880955,2.45895e-02,0.999999,9.967e-01,1.067726,6.559e-01
sync405_a_A_N300_s1.00_g1.60,sync405,a,A,1.00,17837,30,21,1,0.990973,0.000384,0.998623,0.001041,3.36e-04,4.680872e-01,8.247966e-01,-1.785801e-02,8.057328e-03,0.956257,0.959498,1.8898484,4.7323e-06,1.8880955,2.45895e-02,0.999999,9.967e-01,1.067726,6.559e-01
sync405_a_A_N300_s1.00_g1.60,sync405,a,A,1.00,17837,30,21,2,0.981193,0.000157,1.005251,0.003268,-8.52e-03,4.547265e-01,8.268875e-01,7.937208e-03,9.683217e-03,0.956257,0.959498,1.8898484,4.7323e-06,1.8880955,2.45895e-02,0.999999,9.967e-01,1.067726,6.559e-01
sync405_a_A_N300_s1.00_g1.60,sync405,a,A,1.00,17837,40,12,1,0.987301,0.001187,0.989190,0.020040,-9.23e-03,5.383577e-01,-8.933088e-01,-2.714405e-02,2.121931e-02,0.956257,0.959498,1.8898484,4.7323e-06,1.8880955,2.45895e-02,0.999999,9.967e-01,1.067726,6.559e-01
sync405_a_A_N300_s1.00_g1.60,sync405,a,A,1.00,17837,40,12,2,0.996300,0.000189,0.996770,0.004404,-1.17e-03,5.237885e-01,-9.074088e-01,1.155460e-02,-7.472409e-03,0.956257,0.959498,1.8898484,4.7323e-06,1.8880955,2.45895e-02,0.999999,9.967e-01,1.067726,6.559e-01
sync405_a_A_N300_s1.00_g1.60,sync405,a,A,1.00,17837,40,21,1,0.989755,0.000418,0.997931,0.001157,9.13e-04,4.684202e-01,8.239368e-01,-1.875578e-02,8.133109e-03,0.956257,0.959498,1.8898484,4.7323e-06,1.8880955,2.45895e-02,0.999999,9.967e-01,1.067726,6.559e-01
sync405_a_A_N300_s1.00_g1.60,sync405,a,A,1.00,17837,40,21,2,0.980769,0.000415,1.003707,0.003610,-7.32e-03,4.507633e-01,8.288226e-01,9.471275e-03,1.804459e-02,0.956257,0.959498,1.8898484,4.7323e-06,1.8880955,2.45895e-02,0.999999,9.967e-01,1.067726,6.559e-01
sync405_a_A_N300_s1.00_g1.60,sync405,a,A,1.00,17837,50,12,1,0.991580,0.001197,0.993728,0.020133,-1.39e-02,5.373751e-01,-8.965333e-01,-2.628691e-02,2.249550e-02,0.956257,0.959498,1.8898484,4.7323e-06,1.8880955,2.45895e-02,0.999999,9.967e-01,1.067726,6.559e-01
sync405_a_A_N300_s1.00_g1.60,sync405,a,A,1.00,17837,50,12,2,0.997391,0.000212,0.997550,0.004510,-2.06e-03,5.230642e-01,-9.084879e-01,1.332509e-02,-5.900578e-03,0.956257,0.959498,1.8898484,4.7323e-06,1.8880955,2.45895e-02,0.999999,9.967e-01,1.067726,6.559e-01
sync405_a_A_N300_s1.00_g1.60,sync405,a,A,1.00,17837,50,21,1,0.990886,0.000476,0.998901,0.001242,-1.43e-04,4.696134e-01,8.238805e-01,-1.955363e-02,9.661286e-03,0.956257,0.959498,1.8898484,4.7323e-06,1.8880955,2.45895e-02,0.999999,9.967e-01,1.067726,6.559e-01
sync405_a_A_N300_s1.00_g1.60,sync405,a,A,1.00,17837,50,21,2,0.985143,0.000435,1.007423,0.003561,-1.10e-02,4.537583e-01,8.295825e-01,1.404205e-02,1.542759e-02,0.956257,0.959498,1.8898484,4.7323e-06,1.8880955,2.45895e-02,0.999999,9.967e-01,1.067726,6.559e-01
sync405_a_A_N300_s1.00_g1.60,sync405,a,A,1.00,17837,60,12,1,0.964170,0.000324,0.994786,0.006701,-1.49e-03,5.282339e-01,-8.850490e-01,-1.746215e-02,4.386245e-03,0.956257,0.959498,1.8898484,4.7323e-06,1.8880955,2.45895e-02,0.999999,9.967e-01,1.067726,6.559e-01
sync405_a_A_N300_s1.00_g1.60,sync405,a,A,1.00,17837,60,12,2,0.959388,0.000016,0.995343,0.003626,1.03e-03,5.177795e-01,-8.882448e-01,-3.118514e-03,2.419522e-03,0.956257,0.959498,1.8898484,4.7323e-06,1.8880955,2.45895e-02,0.999999,9.967e-01,1.067726,6.559e-01
sync405_a_A_N300_s1.00_g1.60,sync405,a,A,1.00,17837,60,21,1,0.953415,0.001606,0.962712,0.039896,-2.61e-03,4.563151e-01,8.106075e-01,-3.741598e-02,1.435331e-02,0.956257,0.959498,1.8898484,4.7323e-06,1.8880955,2.45895e-02,0.999999,9.967e-01,1.067726,6.559e-01
sync405_a_A_N300_s1.00_g1.60,sync405,a,A,1.00,17837,60,21,2,0.958172,0.000937,0.987069,0.021504,-8.57e-03,4.490454e-01,8.173029e-01,6.046220e-03,3.000191e-02,0.956257,0.959498,1.8898484,4.7323e-06,1.8880955,2.45895e-02,0.999999,9.967e-01,1.067726,6.559e-01
sync405_a_A_N300_s1.00_g1.60,sync405,a,A,1.00,17837,80,12,1,0.966196,0.000270,0.993479,0.007045,-5.25e-04,5.274099e-01,-8.868001e-01,-1.607801e-02,3.336001e-03,0.956257,0.959498,1.8898484,4.7323e-06,1.8880955,2.45895e-02,0.999999,9.967e-01,1.067726,6.559e-01
sync405_a_A_N300_s1.00_g1.60,sync405,a,A,1.00,17837,80,12,2,0.962925,0.000006,0.998684,0.003967,-2.65e-03,5.166718e-01,-8.910789e-01,-7.854484e-04,2.356384e-03,0.956257,0.959498,1.8898484,4.7323e-06,1.8880955,2.45895e-02,0.999999,9.967e-01,1.067726,6.559e-01
sync405_a_A_N300_s1.00_g1.60,sync405,a,A,1.00,17837,80,21,1,0.957015,0.001317,0.968869,0.041704,-1.06e-02,4.590163e-01,8.110978e-01,-3.219895e-02,1.674225e-02,0.956257,0.959498,1.8898484,4.7323e-06,1.8880955,2.45895e-02,0.999999,9.967e-01,1.067726,6.559e-01
sync405_a_A_N300_s1.00_g1.60,sync405,a,A,1.00,17837,80,21,2,0.960107,0.000781,0.987646,0.020366,-8.01e-03,4.507349e-01,8.174469e-01,6.381260e-03,2.720980e-02,0.956257,0.959498,1.8898484,4.7323e-06,1.8880955,2.45895e-02,0.999999,9.967e-01,1.067726,6.559e-01
sync405_a_A_N300_s1.00_g1.60,sync405,a,A,1.00,17837,100,12,1,0.955273,0.000012,0.998060,0.002263,-3.23e-04,5.209229e-01,-8.838435e-01,-3.415224e-03,-3.337756e-05,0.956257,0.959498,1.8898484,4.7323e-06,1.8880955,2.45895e-02,0.999999,9.967e-01,1.067726,6.559e-01
sync405_a_A_N300_s1.00_g1.60,sync405,a,A,1.00,17837,100,12,2,0.956850,0.000025,0.996822,0.003375,-1.96e-04,5.144882e-01,-8.885831e-01,-4.673984e-03,-1.709127e-03,0.956257,0.959498,1.8898484,4.7323e-06,1.8880955,2.45895e-02,0.999999,9.967e-01,1.067726,6.559e-01
sync405_a_A_N300_s1.00_g1.60,sync405,a,A,1.00,17837,100,21,1,0.951079,0.001311,0.963160,0.040683,-3.84e-03,4.581473e-01,8.082629e-01,-3.345424e-02,1.383944e-02,0.956257,0.959498,1.8898484,4.7323e-06,1.8880955,2.45895e-02,0.999999,9.967e-01,1.067726,6.559e-01
sync405_a_A_N300_s1.00_g1.60,sync405,a,A,1.00,17837,100,21,2,0.949430,0.000990,0.981199,0.026898,-8.10e-03,4.514307e-01,8.111114e-01,5.721215e-03,3.093200e-02,0.956257,0.959498,1.8898484,4.7323e-06,1.8880955,2.45895e-02,0.999999,9.967e-01,1.067726,6.559e-01
sync405_a_A_N300_s1.00_g1.60,sync405,a,A,1.00,17837,120,12,1,0.941247,0.000094,1.001731,0.001571,-3.30e-03,5.240054e-01,-8.732151e-01,-9.007854e-03,3.615927e-03,0.956257,0.959498,1.8898484,4.7323e-06,1.8880955,2.45895e-02,0.999999,9.967e-01,1.067726,6.559e-01
sync405_a_A_N300_s1.00_g1.60,sync405,a,A,1.00,17837,120,12,2,0.957829,0.000032,0.996422,0.003648,-7.04e-05,5.146966e-01,-8.890688e-01,-5.317372e-03,-1.824845e-03,0.956257,0.959498,1.8898484,4.7323e-06,1.8880955,2.45895e-02,0.999999,9.967e-01,1.067726,6.559e-01
sync405_a_A_N300_s1.00_g1.60,sync405,a,A,1.00,17837,120,21,1,0.952024,0.001312,0.963715,0.040461,-4.18e-03,4.584350e-01,8.086301e-01,-3.363744e-02,1.342349e-02,0.956257,0.959498,1.8898484,4.7323e-06,1.8880955,2.45895e-02,0.999999,9.967e-01,1.067726,6.559e-01
sync405_a_A_N300_s1.00_g1.60,sync405,a,A,1.00,17837,120,21,2,0.935371,0.001650,0.962612,0.048616,-1.12e-02,4.417575e-01,8.085677e-01,-2.407615e-03,4.054785e-02,0.956257,0.959498,1.8898484,4.7323e-06,1.8880955,2.45895e-02,0.999999,9.967e-01,1.067726,6.559e-01
sync405_a_A_N300_s1.00_g1.60,sync405,a,A,1.00,17837,150,12,1,0.947283,0.000048,0.997874,0.001872,2.54e-04,5.236716e-01,-8.772145e-01,-6.744046e-03,1.648967e-03,0.956257,0.959498,1.8898484,4.7323e-06,1.8880955,2.45895e-02,0.999999,9.967e-01,1.067726,6.559e-01
sync405_a_A_N300_s1.00_g1.60,sync405,a,A,1.00,17837,150,12,2,0.957994,0.000032,0.996571,0.003613,-1.84e-04,5.149006e-01,-8.890530e-01,-5.270395e-03,-2.072746e-03,0.956257,0.959498,1.8898484,4.7323e-06,1.8880955,2.45895e-02,0.999999,9.967e-01,1.067726,6.559e-01
sync405_a_A_N300_s1.00_g1.60,sync405,a,A,1.00,17837,150,21,1,0.952156,0.001301,0.964172,0.039350,-3.52e-03,4.582834e-01,8.087901e-01,-3.315272e-02,1.422523e-02,0.956257,0.959498,1.8898484,4.7323e-06,1.8880955,2.45895e-02,0.999999,9.967e-01,1.067726,6.559e-01
sync405_a_A_N300_s1.00_g1.60,sync405,a,A,1.00,17837,150,21,2,0.941437,0.001510,0.969325,0.038780,-8.10e-03,4.450073e-01,8.101886e-01,2.006827e-03,3.880393e-02,0.956257,0.959498,1.8898484,4.7323e-06,1.8880955,2.45895e-02,0.999999,9.967e-01,1.067726,6.559e-01
sync405_a_A_N300_s1.00_g1.60,sync405,a,A,1.00,17837,200,12,1,0.953519,0.000030,0.997984,0.002157,-1.41e-04,5.227460e-01,-8.816712e-01,-5.008948e-03,2.272802e-03,0.956257,0.959498,1.8898484,4.7323e-06,1.8880955,2.45895e-02,0.999999,9.967e-01,1.067726,6.559e-01
sync405_a_A_N300_s1.00_g1.60,sync405,a,A,1.00,17837,200,12,2,0.954634,0.000018,0.996768,0.003248,-1.62e-05,5.120825e-01,-8.885984e-01,-3.949625e-03,-1.662748e-03,0.956257,0.959498,1.8898484,4.7323e-06,1.8880955,2.45895e-02,0.999999,9.967e-01,1.067726,6.559e-01
sync405_a_A_N300_s1.00_g1.60,sync405,a,A,1.00,17837,200,21,1,0.948653,0.001175,0.963973,0.039287,-3.26e-03,4.591679e-01,8.063194e-01,-2.892752e-02,1.838482e-02,0.956257,0.959498,1.8898484,4.7323e-06,1.8880955,2.45895e-02,0.999999,9.967e-01,1.067726,6.559e-01
sync405_a_A_N300_s1.00_g1.60,sync405,a,A,1.00,17837,200,21,2,0.947597,0.001239,0.974889,0.028658,-3.55e-03,4.488990e-01,8.114907e-01,2.646351e-03,3.510563e-02,0.956257,0.959498,1.8898484,4.7323e-06,1.8880955,2.45895e-02,0.999999,9.967e-01,1.067726,6.559e-01
sync405_a_A_N300_s1.00_g1.60,sync405,a,A,1.00,17837,250,12,1,0.953331,0.000049,0.998563,0.002179,-7.42e-04,5.235475e-01,-8.810782e-01,-6.276063e-03,3.075534e-03,0.956257,0.959498,1.8898484,4.7323e-06,1.8880955,2.45895e-02,0.999999,9.967e-01,1.067726,6.559e-01
sync405_a_A_N300_s1.00_g1.60,sync405,a,A,1.00,17837,250,12,2,0.952366,0.000015,0.997061,0.002946,-6.79e-06,5.117537e-01,-8.873813e-01,-3.600349e-03,-1.553125e-03,0.956257,0.959498,1.8898484,4.7323e-06,1.8880955,2.45895e-02,0.999999,9.967e-01,1.067726,6.559e-01
sync405_a_A_N300_s1.00_g1.60,sync405,a,A,1.00,17837,250,21,1,0.946370,0.001138,0.964101,0.039522,-3.62e-03,4.582970e-01,8.055299e-01,-2.568893e-02,2.186410e-02,0.956257,0.959498,1.8898484,4.7323e-06,1.8880955,2.45895e-02,0.999999,9.967e-01,1.067726,6.559e-01
sync405_a_A_N300_s1.00_g1.60,sync405,a,A,1.00,17837,250,21,2,0.947363,0.001336,0.972864,0.030047,-2.91e-03,4.480529e-01,8.118274e-01,-1.071731e-03,3.653408e-02,0.956257,0.959498,1.8898484,4.7323e-06,1.8880955,2.45895e-02,0.999999,9.967e-01,1.067726,6.559e-01
sync405_a_A_N300_s1.00_g1.60,sync405,a,A,1.00,17837,300,12,1,0.937230,0.000151,0.999701,0.001958,-1.66e-03,5.216123e-01,-8.721126e-01,-1.209650e-02,2.088945e-03,0.956257,0.959498,1.8898484,4.7323e-06,1.8880955,2.45895e-02,0.999999,9.967e-01,1.067726,6.559e-01
sync405_a_A_N300_s1.00_g1.60,sync405,a,A,1.00,17837,300,12,2,0.953404,0.000020,0.997221,0.003163,-3.84e-04,5.123963e-01,-8.876546e-01,-4.158168e-03,-1.640678e-03,0.956257,0.959498,1.8898484,4.7323e-06,1.8880955,2.45895e-02,0.999999,9.967e-01,1.067726,6.559e-01
sync405_a_A_N300_s1.00_g1.60,sync405,a,A,1.00,17837,300,21,1,0.947263,0.001178,0.964840,0.038878,-3.72e-03,4.581684e-01,8.061058e-01,-2.581661e-02,2.262160e-02,0.956257,0.959498,1.8898484,4.7323e-06,1.8880955,2.45895e-02,0.999999,9.967e-01,1.067726,6.559e-01
sync405_a_A_N300_s1.00_g1.60,sync405,a,A,1.00,17837,300,21,2,0.932026,0.001915,0.955386,0.048714,-4.10e-03,4.421690e-01,8.064629e-01,-9.775308e-03,4.265874e-02,0.956257,0.959498,1.8898484,4.7323e-06,1.8880955,2.45895e-02,0.999999,9.967e-01,1.067726,6.559e-01
sync405_a_B_N200_s1.00_g1.60,sync405,a,B,1.00,18623,5,12,1,0.991089,0.000768,0.996807,0.007091,-3.90e-03,-7.439673e-01,-7.335187e-01,-2.723588e-02,5.086981e-03,0.956281,0.959551,1.8900972,4.7234e-06,1.8883690,2.45374e-02,1.000000,9.966e-01,0.600562,1.604e-01
sync405_a_B_N200_s1.00_g1.60,sync405,a,B,1.00,18623,5,12,2,1.001010,0.000441,1.002895,0.000626,-3.52e-03,-7.488622e-01,-7.359819e-01,1.770941e-02,-1.127284e-02,0.956281,0.959551,1.8900972,4.7234e-06,1.8883690,2.45374e-02,1.000000,9.966e-01,0.600562,1.604e-01
sync405_a_B_N200_s1.00_g1.60,sync405,a,B,1.00,18623,5,21,1,0.994283,0.000455,0.996485,0.000677,2.84e-03,-6.783137e-01,6.653382e-01,-1.828416e-02,1.099519e-02,0.956281,0.959551,1.8900972,4.7234e-06,1.8883690,2.45374e-02,1.000000,9.966e-01,0.600562,1.604e-01
sync405_a_B_N200_s1.00_g1.60,sync405,a,B,1.00,18623,5,21,2,0.984461,0.000251,0.992726,0.004689,2.59e-03,-6.760107e-01,6.609660e-01,1.576982e-02,-1.413854e-03,0.956281,0.959551,1.8900972,4.7234e-06,1.8883690,2.45374e-02,1.000000,9.966e-01,0.600562,1.604e-01
sync405_a_B_N200_s1.00_g1.60,sync405,a,B,1.00,18623,10,12,1,0.986599,0.000837,0.995094,0.009016,-4.11e-03,-7.417500e-01,-7.323927e-01,-2.838172e-02,5.647340e-03,0.956281,0.959551,1.8900972,4.7234e-06,1.8883690,2.45374e-02,1.000000,9.966e-01,0.600562,1.604e-01
sync405_a_B_N200_s1.00_g1.60,sync405,a,B,1.00,18623,10,12,2,0.999323,0.000396,1.002566,0.000984,-3.55e-03,-7.481194e-01,-7.354749e-01,1.649063e-02,-1.114958e-02,0.956281,0.959551,1.8900972,4.7234e-06,1.8883690,2.45374e-02,1.000000,9.966e-01,0.600562,1.604e-01
sync405_a_B_N200_s1.00_g1.60,sync405,a,B,1.00,18623,10,21,1,0.992637,0.000453,0.996280,0.000940,2.78e-03,-6.778517e-01,6.646857e-01,-1.824674e-02,1.093574e-02,0.956281,0.959551,1.8900972,4.7234e-06,1.8883690,2.45374e-02,1.000000,9.966e-01,0.600562,1.604e-01
sync405_a_B_N200_s1.00_g1.60,sync405,a,B,1.00,18623,10,21,2,0.980040,0.000164,0.992358,0.005303,2.34e-03,-6.749675e-01,6.589929e-01,1.280347e-02,-5.430202e-04,0.956281,0.959551,1.8900972,4.7234e-06,1.8883690,2.45374e-02,1.000000,9.966e-01,0.600562,1.604e-01
sync405_a_B_N200_s1.00_g1.60,sync405,a,B,1.00,18623,15,12,1,0.983676,0.000831,0.993006,0.011094,-4.10e-03,-7.395894e-01,-7.323798e-01,-2.839753e-02,4.927887e-03,0.956281,0.959551,1.8900972,4.7234e-06,1.8883690,2.45374e-02,1.000000,9.966e-01,0.600562,1.604e-01
sync405_a_B_N200_s1.00_g1.60,sync405,a,B,1.00,18623,15,12,2,0.998986,0.000381,1.002462,0.001254,-3.72e-03,-7.470046e-01,-7.363546e-01,1.545511e-02,-1.192010e-02,0.956281,0.959551,1.8900972,4.7234e-06,1.8883690,2.45374e-02,1.000000,9.966e-01,0.600562,1.604e-01
sync405_a_B_N200_s1.00_g1.60,sync405,a,B,1.00,18623,15,21,1,0.992326,0.000401,0.997136,0.001087,1.78e-03,-6.786327e-01,6.636758e-01,-1.776736e-02,9.244640e-03,0.956281,0.959551,1.8900972,4.7234e-06,1.8883690,2.45374e-02,1.000000,9.966e-01,0.600562,1.604e-01
sync405_a_B_N200_s1.00_g1.60,sync405,a,B,1.00,18623,15,21,2,0.977108,0.000103,0.992601,0.005494,1.91e-03,-6.749087e-01,6.570300e-01,1.004879e-02,-1.545025e-03,0.956281,0.959551,1.8900972,4.7234e-06,1.8883690,2.45374e-02,1.000000,9.966e-01,0.600562,1.604e-01
sync405_a_B_N200_s1.00_g1.60,sync405,a,B,1.00,18623,20,12,1,0.987918,0.000789,0.996709,0.010061,-6.77e-03,-7.361801e-01,-7.389747e-01,-2.522120e-02,1.238467e-02,0.956281,0.959551,1.8900972,4.7234e-06,1.8883690,2.45374e-02,1.000000,9.966e-01,0.600562,1.604e-01
sync405_a_B_N200_s1.00_g1.60,sync405,a,B,1.00,18623,20,12,2,0.999012,0.000399,1.002371,0.001340,-3.71e-03,-7.466426e-01,-7.367414e-01,1.599846e-02,-1.195410e-02,0.956281,0.959551,1.8900972,4.7234e-06,1.8883690,2.45374e-02,1.000000,9.966e-01,0.600562,1.604e-01
sync405_a_B_N200_s1.00_g1.60,sync405,a,B,1.00,18623,20,21,1,0.992346,0.000404,0.997431,0.001153,1.42e-03,-6.789544e-01,6.633605e-01,-1.773963e-02,9.423862e-03,0.956281,0.959551,1.8900972,4.7234e-06,1.8883690,2.45374e-02,1.000000,9.966e-01,0.600562,1.604e-01
sync405_a_B_N200_s1.00_g1.60,sync405,a,B,1.00,18623,20,21,2,0.981348,0.000145,0.995161,0.005109,-2.70e-04,-6.808319e-01,6.538406e-01,1.143501e-02,3.832203e-03,0.956281,0.959551,1.8900972,4.7234e-06,1.8883690,2.45374e-02,1.000000,9.966e-01,0.600562,1.604e-01
sync405_a_B_N200_s1.00_g1.60,sync405,a,B,1.00,18623,30,12,1,1.000498,0.000498,1.008537,0.008479,-1.70e-02,-7.390135e-01,-7.454923e-01,-1.779687e-02,1.346630e-02,0.956281,0.959551,1.8900972,4.7234e-06,1.8883690,2.45374e-02,1.000000,9.966e-01,0.600562,1.604e-01
sync405_a_B_N200_s1.00_g1.60,sync405,a,B,1.00,18623,30,12,2,0.998707,0.000330,1.001652,0.001501,-3.15e-03,-7.463524e-01,-7.368077e-01,1.437226e-02,-1.111955e-02,0.956281,0.959551,1.8900972,4.7234e-06,1.8883690,2.45374e-02,1.000000,9.966e-01,0.600562,1.604e-01
sync405_a_B_N200_s1.00_g1.60,sync405,a,B,1.00,18623,30,21,1,0.992039,0.000368,0.997094,0.001066,1.84e-03,-6.790318e-01,6.630707e-01,-1.709649e-02,8.702779e-03,0.956281,0.959551,1.8900972,4.7234e-06,1.8883690,2.45374e-02,1.000000,9.966e-01,0.600562,1.604e-01
sync405_a_B_N200_s1.00_g1.60,sync405,a,B,1.00,18623,30,21,2,0.993771,0.000311,1.006085,0.005801,-1.19e-02,-6.867641e-01,6.562585e-01,1.608147e-02,7.213677e-03,0.956281,0.959551,1.8900972,4.7234e-06,1.8883690,2.45374e-02,1.000000,9.966e-01,0.600562,1.604e-01
sync405_a_B_N200_s1.00_g1.60,sync405,a,B,1.00,18623,40,12,1,0.996711,0.000530,1.002270,0.007409,-9.68e-03,-7.380128e-01,-7.436839e-01,-1.953850e-02,1.219490e-02,0.956281,0.959551,1.8900972,4.7234e-06,1.8883690,2.45374e-02,1.000000,9.966e-01,0.600562,1.604e-01
sync405_a_B_N200_s1.00_g1.60,sync405,a,B,1.00,18623,40,12,2,0.998916,0.000302,1.001590,0.001563,-3.15e-03,-7.460863e-01,-7.372328e-01,1.348148e-02,-1.095554e-02,0.956281,0.959551,1.8900972,4.7234e-06,1.8883690,2.45374e-02,1.000000,9.966e-01,0.600562,1.604e-01
sync405_a_B_N200_s1.00_g1.60,sync405,a,B,1.00,18623,40,21,1,0.992225,0.000349,0.997651,0.001165,1.18e-03,-6.794006e-01,6.628205e-01,-1.672703e-02,8.320812e-03,0.956281,0.959551,1.8900972,4.7234e-06,1.8883690,2.45374e-02,1.000000,9.966e-01,0.600562,1.604e-01
sync405_a_B_N200_s1.00_g1.60,sync405,a,B,1.00,18623,40,21,2,0.989997,0.000227,1.000948,0.004891,-5.84e-03,-6.850888e-01,6.553980e-01,1.378366e-02,6.074682e-03,0.956281,0.959551,1.8900972,4.7234e-06,1.8883690,2.45374e-02,1.000000,9.966e-01,0.600562,1.604e-01
sync405_a_B_N200_s1.00_g1.60,sync405,a,B,1.00,18623,50,12,1,0.997571,0.000553,1.002520,0.007103,-9.62e-03,-7.380314e-01,-7.443022e-01,-1.975616e-02,1.276494e-02,0.956281,0.959551,1.8900972,4.7234e-06,1.8883690,2.45374e-02,1.000000,9.966e-01,0.600562,1.604e-01
sync405_a_B_N200_s1.00_g1.60,sync405,a,B,1.00,18623,50,12,2,0.998724,0.000295,1.001255,0.001599,-2.85e-03,-7.460155e-01,-7.371611e-01,1.353216e-02,-1.058523e-02,0.956281,0.959551,1.8900972,4.7234e-06,1.8883690,2.45374e-02,1.000000,9.966e-01,0.600562,1.604e-01
sync405_a_B_N200_s1.00_g1.60,sync405,a,B,1.00,18623,50,21,1,0.992063,0.000351,0.997581,0.001200,1.22e-03,-6.793424e-01,6.627689e-01,-1.667042e-02,8.528261e-03,0.956281,0.959551,1.8900972,4.7234e-06,1.8883690,2.45374e-02,1.000000,9.966e-01,0.600562,1.604e-01
sync405_a_B_N200_s1.00_g1.60,sync405,a,B,1.00,18623,50,21,2,0.990903,0.000264,1.001449,0.004766,-6.22e-03,-6.856625e-01,6.554254e-01,1.486402e-02,6.580062e-03,0.956281,0.959551,1.8900972,4.7234e-06,1.8883690,2.45374e-02,1.000000,9.966e-01,0.600562,1.604e-01
sync405_a_B_N200_s1.00_g1.60,sync405,a,B,1.00,18623,60,12,1,1.001033,0.000433,1.006681,0.007056,-1.37e-02,-7.384921e-01,-7.464035e-01,-1.658943e-02,1.254291e-02,0.956281,0.959551,1.8900972,4.7234e-06,1.8883690,2.45374e-02,1.000000,9.966e-01,0.600562,1.604e-01
sync405_a_B_N200_s1.00_g1.60,sync405,a,B,1.00,18623,60,12,2,0.998589,0.000281,1.001223,0.001549,-2.77e-03,-7.459812e-01,-7.370951e-01,1.271752e-02,-1.091540e-02,0.956281,0.959551,1.8900972,4.7234e-06,1.8883690,2.45374e-02,1.000000,9.966e-01,0.600562,1.604e-01
sync405_a_B_N200_s1.00_g1.60,sync405,a,B,1.00,18623,60,21,1,0.991909,0.000323,0.997507,0.001188,1.31e-03,-6.792757e-01,6.627321e-01,-1.615317e-02,7.885483e-03,0.956281,0.959551,1.8900972,4.7234e-06,1.8883690,2.45374e-02,1.000000,9.966e-01,0.600562,1.604e-01
sync405_a_B_N200_s1.00_g1.60,sync405,a,B,1.00,18623,60,21,2,0.994321,0.000286,1.004817,0.005000,-9.82e-03,-6.875730e-01,6.557915e-01,1.493943e-02,7.915913e-03,0.956281,0.959551,1.8900972,4.7234e-06,1.8883690,2.45374e-02,1.000000,9.966e-01,0.600562,1.604e-01
sync405_a_B_N200_s1.00_g1.60,sync405,a,B,1.00,18623,80,12,1,0.998178,0.000437,1.002646,0.006754,-9.40e-03,-7.383345e-01,-7.444505e-01,-1.773177e-02,1.107884e-02,0.956281,0.959551,1.8900972,4.7234e-06,1.8883690,2.45374e-02,1.000000,9.966e-01,0.600562,1.604e-01
sync405_a_B_N200_s1.00_g1.60,sync405,a,B,1.00,18623,80,12,2,0.998535,0.000263,1.001253,0.001645,-2.90e-03,-7.455652e-01,-7.374754e-01,1.201299e-02,-1.087899e-02,0.956281,0.959551,1.8900972,4.7234e-06,1.8883690,2.45374e-02,1.000000,9.966e-01,0.600562,1.604e-01
sync405_a_B_N200_s1.00_g1.60,sync405,a,B,1.00,18623,80,21,1,0.991853,0.000293,0.997642,0.001199,1.16e-03,-6.796118e-01,6.623487e-01,-1.540503e-02,7.472302e-03,0.956281,0.959551,1.8900972,4.7234e-06,1.8883690,2.45374e-02,1.000000,9.966e-01,0.600562,1.604e-01
sync405_a_B_N200_s1.00_g1.60,sync405,a,B,1.00,18623,80,21,2,0.991453,0.000207,1.001390,0.004723,-6.11e-03,-6.857848e-01,6.556782e-01,1.313589e-02,5.846900e-03,0.956281,0.959551,1.8900972,4.7234e-06,1.8883690,2.45374e-02,1.000000,9.966e-01,0.600562,1.604e-01
sync405_a_B_N200_s1.00_g1.60,sync405,a,B,1.00,18623,100,12,1,1.001526,0.000859,1.006574,0.006619,-1.32e-02,-7.363811e-01,-7.488493e-01,-2.144027e-02,1.999404e-02,0.956281,0.959551,1.8900972,4.7234e-06,1.8883690,2.45374e-02,1.000000,9.966e-01,0.600562,1.604e-01
sync405_a_B_N200_s1.00_g1.60,sync405,a,B,1.00,18623,100,12,2,0.998127,0.000259,1.000356,0.001684,-2.04e-03,-7.469463e-01,-7.357716e-01,1.406548e-02,-7.808057e-03,0.956281,0.959551,1.8900972,4.7234e-06,1.8883690,2.45374e-02,1.000000,9.966e-01,0.600562,1.604e-01
sync405_a_B_N200_s1.00_g1.60,sync405,a,B,1.00,18623,100,21,1,0.991588,0.000383,0.997222,0.001394,1.38e-03,-6.781362e-01,6.636786e-01,-1.707682e-02,9.546583e-03,0.956281,0.959551,1.8900972,4.7234e-06,1.8883690,2.45374e-02,1.000000,9.966e-01,0.600562,1.604e-01
sync405_a_B_N200_s1.00_g1.60,sync405,a,B,1.00,18623,100,21,2,0.994986,0.000596,1.005213,0.004760,-9.97e-03,-6.897958e-01,6.539147e-01,2.026136e-02,1.361857e-02,0.956281,0.959551,1.8900972,4.7234e-06,1.8883690,2.45374e-02,1.000000,9.966e-01,0.600562,1.604e-01
sync405_a_B_N200_s1.00_g1.60,sync405,a,B,1.00,18623,120,12,1,0.973422,0.000240,0.997923,0.002628,-5.51e-04,-7.281148e-01,-7.361576e-01,-1.525759e-02,2.770408e-03,0.956281,0.959551,1.8900972,4.7234e-06,1.8883690,2.45374e-02,1.000000,9.966e-01,0.600562,1.604e-01
sync405_a_B_N200_s1.00_g1.60,sync405,a,B,1.00,18623,120,12,2,0.962615,0.000012,0.998614,0.001039,3.48e-04,-7.288079e-01,-7.273353e-01,-3.355435e-03,8.480403e-04,0.956281,0.959551,1.8900972,4.7234e-06,1.8883690,2.45374e-02,1.000000,9.966e-01,0.600562,1.604e-01
sync405_a_B_N200_s1.00_g1.60,sync405,a,B,1.00,18623,120,21,1,0.956573,0.001405,0.962989,0.038950,-1.94e-03,-6.702727e-01,6.475180e-01,-3.477705e-02,1.397993e-02,0.956281,0.959551,1.8900972,4.7234e-06,1.8883690,2.45374e-02,1.000000,9.966e-01,0.600562,1.604e-01
sync405_a_B_N200_s1.00_g1.60,sync405,a,B,1.00,18623,120,21,2,0.967288,0.000853,0.980399,0.023051,-3.45e-03,-6.782385e-01,6.467355e-01,1.835721e-02,2.272462e-02,0.956281,0.959551,1.8900972,4.7234e-06,1.8883690,2.45374e-02,1.000000,9.966e-01,0.600562,1.604e-01
sync405_a_B_N200_s1.00_g1.60,sync405,a,B,1.00,18623,150,12,1,0.972434,0.000226,0.998445,0.002667,-1.11e-03,-7.258959e-01,-7.376089e-01,-1.467493e-02,3.238369e-03,0.956281,0.959551,1.8900972,4.7234e-06,1.8883690,2.45374e-02,1.000000,9.966e-01,0.600562,1.604e-01
sync405_a_B_N200_s1.00_g1.60,sync405,a,B,1.00,18623,150,12,2,0.960605,0.000011,0.998137,0.001017,8.46e-04,-7.294358e-01,-7.251803e-01,-3.352558e-03,4.780431e-04,0.956281,0.959551,1.8900972,4.7234e-06,1.8883690,2.45374e-02,1.000000,9.966e-01,0.600562,1.604e-01
sync405_a_B_N200_s1.00_g1.60,sync405,a,B,1.00,18623,150,21,1,0.954629,0.001414,0.961897,0.039415,-1.31e-03,-6.683687e-01,6.481228e-01,-3.368370e-02,1.672707e-02,0.956281,0.959551,1.8900972,4.7234e-06,1.8883690,2.45374e-02,1.000000,9.966e-01,0.600562,1.604e-01
sync405_a_B_N200_s1.00_g1.60,sync405,a,B,1.00,18623,150,21,2,0.966285,0.001048,0.979424,0.029532,-8.96e-03,-6.795154e-01,6.446877e-01,1.059480e-02,3.059102e-02,0.956281,0.959551,1.8900972,4.7234e-06,1.8883690,2.45374e-02,1.000000,9.966e-01,0.600562,1.604e-01
sync405_a_B_N200_s1.00_g1.60,sync405,a,B,1.00,18623,200,12,1,0.961966,0.000008,0.999362,0.000781,-1.43e-04,-7.269529e-01,-7.286986e-01,-2.338871e-03,-1.579151e-03,0.956281,0.959551,1.8900972,4.7234e-06,1.8883690,2.45374e-02,1.000000,9.966e-01,0.600562,1.604e-01
sync405_a_B_N200_s1.00_g1.60,sync405,a,B,1.00,18623,200,12,2,0.959586,0.000021,0.999758,0.001142,-9.00e-04,-7.309494e-01,-7.228794e-01,-3.539512e-03,-2.869804e-03,0.956281,0.959551,1.8900972,4.7234e-06,1.8883690,2.45374e-02,1.000000,9.966e-01,0.600562,1.604e-01
sync405_a_B_N200_s1.00_g1.60,sync405,a,B,1.00,18623,200,21,1,0.953702,0.001163,0.961915,0.041001,-2.92e-03,-6.663251e-01,6.495760e-01,-3.024608e-02,1.575200e-02,0.956281,0.959551,1.8900972,4.7234e-06,1.8883690,2.45374e-02,1.000000,9.966e-01,0.600562,1.604e-01
sync405_a_B_N200_s1.00_g1.60,sync405,a,B,1.00,18623,200,21,2,0.956020,0.001180,0.972166,0.034032,-6.20e-03,-6.715305e-01,6.458250e-01,1.430969e-02,3.123645e-02,0.956281,0.959551,1.8900972,4.7234e-06,1.8883690,2.45374e-02,1.000000,9.966e-01,0.600562,1.604e-01
sync405_a_A_N200_s0.70_g1.60,sync405,a,A,0.70,32805,5,12,1,0.986636,0.000821,0.995154,0.008833,-3.99e-03,-9.575761e-01,-4.119791e-01,-2.812373e-02,5.526928e-03,0.956360,0.959601,1.8896726,4.7338e-06,1.8876829,2.44184e-02,1.000001,9.966e-01,0.122182,1.080e-01
sync405_a_A_N200_s0.70_g1.60,sync405,a,A,0.70,32805,5,12,2,0.998849,0.000391,1.002421,0.001073,-3.49e-03,-9.643305e-01,-4.125491e-01,1.639273e-02,-1.106078e-02,0.956360,0.959601,1.8896726,4.7338e-06,1.8876829,2.44184e-02,1.000001,9.966e-01,0.122182,1.080e-01
sync405_a_A_N200_s0.70_g1.60,sync405,a,A,0.70,32805,5,21,1,0.992208,0.000438,0.996332,0.000998,2.67e-03,-8.732398e-01,3.719072e-01,-1.800689e-02,1.068493e-02,0.956360,0.959601,1.8896726,4.7338e-06,1.8876829,2.44184e-02,1.000001,9.966e-01,0.122182,1.080e-01
sync405_a_A_N200_s0.70_g1.60,sync405,a,A,0.70,32805,5,21,2,0.980085,0.000165,0.992517,0.005192,2.29e-03,-8.686426e-01,3.678533e-01,1.281649e-02,-5.345780e-04,0.956360,0.959601,1.8896726,4.7338e-06,1.8876829,2.44184e-02,1.000001,9.966e-01,0.122182,1.080e-01
sync405_a_A_N200_s0.70_g1.60,sync405,a,A,0.70,32805,10,12,1,0.969799,0.001288,0.973920,0.034525,-8.44e-03,-9.455634e-01,-4.171855e-01,-3.317497e-02,1.368495e-02,0.956360,0.959601,1.8896726,4.7338e-06,1.8876829,2.44184e-02,1.000001,9.966e-01,0.122182,1.080e-01
sync405_a_A_N200_s0.70_g1.60,sync405,a,A,0.70,32805,10,12,2,0.998565,0.000317,1.000006,0.003491,-3.50e-03,-9.633527e-01,-4.144493e-01,1.411199e-02,-1.084498e-02,0.956360,0.959601,1.8896726,4.7338e-06,1.8876829,2.44184e-02,1.000001,9.966e-01,0.122182,1.080e-01
sync405_a_A_N200_s0.70_g1.60,sync405,a,A,0.70,32805,10,21,1,0.991905,0.000436,0.998250,0.000978,7.72e-04,-8.738608e-01,3.700740e-01,-1.895528e-02,8.755382e-03,0.956360,0.959601,1.8896726,4.7338e-06,1.8876829,2.44184e-02,1.000001,9.966e-01,0.122182,1.080e-01
sync405_a_A_N200_s0.70_g1.60,sync405,a,A,0.70,32805,10,21,2,0.963320,0.000018,1.000002,0.002923,-2.92e-03,-8.645061e-01,3.567396e-01,-3.446329e-04,4.213956e-03,0.956360,0.959601,1.8896726,4.7338e-06,1.8876829,2.44184e-02,1.000001,9.966e-01,0.122182,1.080e-01
sync405_a_A_N200_s0.70_g1.60,sync405,a,A,0.70,32805,15,12,1,0.980699,0.001179,0.984527,0.030191,-1.47e-02,-9.480748e-01,-4.257857e-01,-2.810781e-02,1.971026e-02,0.956360,0.959601,1.8896726,4.7338e-06,1.8876829,2.44184e-02,1.000001,9.966e-01,0.122182,1.080e-01
sync405_a_A_N200_s0.70_g1.60,sync405,a,A,0.70,32805,15,12,2,0.997929,0.000258,0.999063,0.003894,-2.96e-03,-9.628878e-01,-4.146845e-01,1.266752e-02,-9.891072e-03,0.956360,0.959601,1.8896726,4.7338e-06,1.8876829,2.44184e-02,1.000001,9.966e-01,0.122182,1.080e-01
sync405_a_A_N200_s0.70_g1.60,sync405,a,A,0.70,32805,15,21,1,0.991307,0.000400,0.997982,0.000964,1.05e-03,-8.737351e-01,3.696370e-01,-1.812797e-02,8.456410e-03,0.956360,0.959601,1.8896726,4.7338e-06,1.8876829,2.44184e-02,1.000001,9.966e-01,0.122182,1.080e-01
sync405_a_A_N200_s0.70_g1.60,sync405,a,A,0.70,32805,15,21,2,0.974139,0.000149,1.006547,0.003474,-1.00e-02,-8.716931e-01,3.529995e-01,5.275115e-03,1.101766e-02,0.956360,0.959601,1.8896726,4.7338e-06,1.8876829,2.44184e-02,1.000001,9.966e-01,0.122182,1.080e-01
sync405_a_A_N200_s0.70_g1.60,sync405,a,A,0.70,32805,20,12,1,0.987514,0.000935,0.989179,0.023033,-1.22e-02,-9.516134e-01,-4.267051e-01,-2.470998e-02,1.800843e-02,0.956360,0.959601,1.8896726,4.7338e-06,1.8876829,2.44184e-02,1.000001,9.966e-01,0.122182,1.080e-01
sync405_a_A_N200_s0.70_g1.60,sync405,a,A,0.70,32805,20,12,2,0.997671,0.000241,0.998206,0.004506,-2.71e-03,-9.623209e-01,-4.156567e-01,1.245833e-02,-9.287822e-03,0.956360,0.959601,1.8896726,4.7338e-06,1.8876829,2.44184e-02,1.000001,9.966e-01,0.122182,1.080e-01
sync405_a_A_N200_s0.70_g1.60,sync405,a,A,0.70,32805,20,21,1,0.991045,0.000412,0.998646,0.001055,2.99e-04,-8.740137e-01,3.686558e-01,-1.837741e-02,8.597818e-03,0.956360,0.959601,1.8896726,4.7338e-06,1.8876829,2.44184e-02,1.000001,9.966e-01,0.122182,1.080e-01
sync405_a_A_N200_s0.70_g1.60,sync405,a,A,0.70,32805,20,21,2,0.980961,0.000183,1.006156,0.003301,-9.46e-03,-8.745324e-01,3.547450e-01,8.525096e-03,1.051153e-02,0.956360,0.959601,1.8896726,4.7338e-06,1.8876829,2.44184e-02,1.000001,9.966e-01,0.122182,1.080e-01
sync405_a_A_N200_s0.70_g1.60,sync405,a,A,0.70,32805,30,12,1,0.987220,0.000868,0.988971,0.022284,-1.13e-02,-9.518484e-01,-4.258010e-01,-2.416404e-02,1.684205e-02,0.956360,0.959601,1.8896726,4.7338e-06,1.8876829,2.44184e-02,1.000001,9.966e-01,0.122182,1.080e-01
sync405_a_A_N200_s0.70_g1.60,sync405,a,A,0.70,32805,30,12,2,0.997502,0.000228,0.998091,0.004566,-2.66e-03,-9.623778e-01,-4.153012e-01,1.191719e-02,-9.258811e-03,0.956360,0.959601,1.8896726,4.7338e-06,1.8876829,2.44184e-02,1.000001,9.966e-01,0.122182,1.080e-01
sync405_a_A_N200_s0.70_g1.60,sync405,a,A,0.70,32805,30,21,1,0.990884,0.000383,0.998633,0.001036,3.30e-04,-8.738201e-01,3.689163e-01,-1.786450e-02,7.999132e-03,0.956360,0.959601,1.8896726,4.7338e-06,1.8876829,2.44184e-02,1.000001,9.966e-01,0.122182,1.080e-01
sync405_a_A_N200_s0.70_g1.60,sync405,a,A,0.70,32805,30,21,2,0.980685,0.000148,1.005134,0.003250,-8.38e-03,-8.740953e-01,3.554693e-01,7.649472e-03,9.443669e-03,0.956360,0.959601,1.8896726,4.7338e-06,1.8876829,2.44184e-02,1.000001,9.966e-01,0.122182,1.080e-01
sync405_a_A_N200_s0.70_g1.60,sync405,a,A,0.70,32805,40,12,1,0.990724,0.000853,0.992039,0.020667,-1.27e-02,-9.535894e-01,-4.264367e-01,-2.259366e-02,1.851548e-02,0.956360,0.959601,1.8896726,4.7338e-06,1.8876829,2.44184e-02,1.000001,9.966e-01,0.122182,1.080e-01
sync405_a_A_N200_s0.70_g1.60,sync405,a,A,0.70,32805,40,12,2,0.995518,0.000188,0.996350,0.004661,-1.01e-03,-9.611627e-01,-4.154837e-01,1.027749e-02,-9.100736e-03,0.956360,0.959601,1.8896726,4.7338e-06,1.8876829,2.44184e-02,1.000001,9.966e-01,0.122182,1.080e-01
sync405_a_A_N200_s0.70_g1.60,sync405,a,A,0.70,32805,40,21,1,0.988911,0.000378,0.997077,0.001072,1.85e-03,-8.731746e-01,3.680160e-01,-1.783999e-02,7.729561e-03,0.956360,0.959601,1.8896726,4.7338e-06,1.8876829,2.44184e-02,1.000001,9.966e-01,0.122182,1.080e-01
sync405_a_A_N200_s0.70_g1.60,sync405,a,A,0.70,32805,40,21,2,0.984117,0.000232,1.007895,0.003467,-1.14e-02,-8.755785e-01,3.562007e-01,7.957168e-03,1.300024e-02,0.956360,0.959601,1.8896726,4.7338e-06,1.8876829,2.44184e-02,1.000001,9.966e-01,0.122182,1.080e-01
sync405_a_A_N200_s0.70_g1.60,sync405,a,A,0.70,32805,50,12,1,0.992071,0.001258,0.994231,0.020679,-1.49e-02,-9.525663e-01,-4.304433e-01,-2.628587e-02,2.381664e-02,0.956360,0.959601,1.8896726,4.7338e-06,1.8876829,2.44184e-02,1.000001,9.966e-01,0.122182,1.080e-01
sync405_a_A_N200_s0.70_g1.60,sync405,a,A,0.70,32805,50,12,2,0.996699,0.000218,0.996946,0.004701,-1.65e-03,-9.626495e-01,-4.136036e-01,1.328390e-02,-6.449799e-03,0.956360,0.959601,1.8896726,4.7338e-06,1.8876829,2.44184e-02,1.000001,9.966e-01,0.122182,1.080e-01
sync405_a_A_N200_s0.70_g1.60,sync405,a,A,0.70,32805,50,21,1,0.990127,0.000453,0.998193,0.001207,6.00e-04,-8.728987e-01,3.701638e-01,-1.903055e-02,9.539033e-03,0.956360,0.959601,1.8896726,4.7338e-06,1.8876829,2.44184e-02,1.000001,9.966e-01,0.122182,1.080e-01
sync405_a_A_N200_s0.70_g1.60,sync405,a,A,0.70,32805,50,21,2,0.985537,0.000483,1.008576,0.003541,-1.21e-02,-8.775924e-01,3.530407e-01,1.450133e-02,1.650345e-02,0.956360,0.959601,1.8896726,4.7338e-06,1.8876829,2.44184e-02,1.000001,9.966e-01,0.122182,1.080e-01
sync405_a_A_N200_s0.70_g1.60,sync405,a,A,0.70,32805,60,12,1,0.963037,0.000339,0.993350,0.006538,1.12e-04,-9.408217e-01,-4.189760e-01,-1.803531e-02,3.656700e-03,0.956360,0.959601,1.8896726,4.7338e-06,1.8876829,2.44184e-02,1.000001,9.966e-01,0.122182,1.080e-01
sync405_a_A_N200_s0.70_g1.60,sync405,a,A,0.70,32805,60,12,2,0.960250,0.000019,0.995509,0.004081,4.11e-04,-9.425907e-01,-4.112659e-01,-3.441563e-03,2.615436e-03,0.956360,0.959601,1.8896726,4.7338e-06,1.8876829,2.44184e-02,1.000001,9.966e-01,0.122182,1.080e-01
sync405_a_A_N200_s0.70_g1.60,sync405,a,A,0.70,32805,60,21,1,0.954031,0.001543,0.963544,0.039180,-2.72e-03,-8.588605e-01,3.585520e-01,-3.662162e-02,1.419843e-02,0.956360,0.959601,1.8896726,4.7338e-06,1.8876829,2.44184e-02,1.000001,9.966e-01,0.122182,1.080e-01
sync405_a_A_N200_s0.70_g1.60,sync405,a,A,0.70,32805,60,21,2,0.956789,0.000571,0.983551,0.014155,2.29e-03,-8.627803e-01,3.525829e-01,4.757794e-03,2.340669e-02,0.956360,0.959601,1.8896726,4.7338e-06,1.8876829,2.44184e-02,1.000001,9.966e-01,0.122182,1.080e-01
sync405_a_A_N200_s0.70_g1.60,sync405,a,A,0.70,32805,80,12,1,0.968604,0.000283,0.994073,0.007320,-1.39e-03,-9.432422e-01,-4.208461e-01,-1.635238e-02,3.916601e-03,0.956360,0.959601,1.8896726,4.7338e-06,1.8876829,2.44184e-02,1.000001,9.966e-01,0.122182,1.080e-01
sync405_a_A_N200_s0.70_g1.60,sync405,a,A,0.70,32805,80,12,2,0.958768,0.000013,0.994627,0.003886,1.49e-03,-9.430138e-01,-4.083002e-01,-1.969912e-03,2.999311e-03,0.956360,0.959601,1.8896726,4.7338e-06,1.8876829,2.44184e-02,1.000001,9.966e-01,0.122182,1.080e-01
sync405_a_A_N200_s0.70_g1.60,sync405,a,A,0.70,32805,80,21,1,0.952556,0.001536,0.963426,0.039004,-2.43e-03,-8.571895e-01,3.606762e-01,-3.567357e-02,1.622027e-02,0.956360,0.959601,1.8896726,4.7338e-06,1.8876829,2.44184e-02,1.000001,9.966e-01,0.122182,1.080e-01
sync405_a_A_N200_s0.70_g1.60,sync405,a,A,0.70,32805,80,21,2,0.962349,0.000640,0.990474,0.017904,-8.38e-03,-8.655374e-01,3.529839e-01,7.801133e-03,2.406963e-02,0.956360,0.959601,1.8896726,4.7338e-06,1.8876829,2.44184e-02,1.000001,9.966e-01,0.122182,1.080e-01
sync405_a_A_N200_s0.70_g1.60,sync405,a,A,0.70,32805,100,12,1,0.956583,0.000011,0.997510,0.002435,5.48e-05,-9.396875e-01,-4.129951e-01,-3.190956e-03,-7.792646e-04,0.956360,0.959601,1.8896726,4.7338e-06,1.8876829,2.44184e-02,1.000001,9.966e-01,0.122182,1.080e-01
sync405_a_A_N200_s0.70_g1.60,sync405,a,A,0.70,32805,100,12,2,0.957677,0.000020,0.997272,0.003349,-6.21e-04,-9.428356e-01,-4.072395e-01,-4.027095e-03,-1.915409e-03,0.956360,0.959601,1.8896726,4.7338e-06,1.8876829,2.44184e-02,1.000001,9.966e-01,0.122182,1.080e-01
sync405_a_A_N200_s0.70_g1.60,sync405,a,A,0.70,32805,100,21,1,0.951595,0.001298,0.963997,0.040170,-4.17e-03,-8.564349e-01,3.612590e-01,-3.311008e-02,1.421082e-02,0.956360,0.959601,1.8896726,4.7338e-06,1.8876829,2.44184e-02,1.000001,9.966e-01,0.122182,1.080e-01
sync405_a_A_N200_s0.70_g1.60,sync405,a,A,0.70,32805,100,21,2,0.950464,0.000876,0.982594,0.023948,-6.54e-03,-8.582005e-01,3.556039e-01,4.103706e-03,2.931133e-02,0.956360,0.959601,1.8896726,4.7338e-06,1.8876829,2.44184e-02,1.000001,9.966e-01,0.122182,1.080e-01
sync405_a_A_N200_s0.70_g1.60,sync405,a,A,0.70,32805,120,12,1,0.945325,0.000054,0.998793,0.001817,-6.10e-04,-9.315709e-01,-4.163582e-01,-7.123900e-03,1.884594e-03,0.956360,0.959601,1.8896726,4.7338e-06,1.8876829,2.44184e-02,1.000001,9.966e-01,0.122182,1.080e-01
sync405_a_A_N200_s0.70_g1.60,sync405,a,A,0.70,32805,120,12,2,0.958017,0.000031,0.996227,0.003747,2.58e-05,-9.430216e-01,-4.072690e-01,-5.322759e-03,-1.585286e-03,0.956360,0.959601,1.8896726,4.7338e-06,1.8876829,2.44184e-02,1.000001,9.966e-01,0.122182,1.080e-01
sync405_a_A_N200_s0.70_g1.60,sync405,a,A,0.70,32805,120,21,1,0.951923,0.001296,0.963787,0.040926,-4.71e-03,-8.565641e-01,3.613653e-01,-3.348211e-02,1.323764e-02,0.956360,0.959601,1.8896726,4.7338e-06,1.8876829,2.44184e-02,1.000001,9.966e-01,0.122182,1.080e-01
sync405_a_A_N200_s0.70_g1.60,sync405,a,A,0.70,32805,120,21,2,0.939279,0.001231,0.967240,0.035690,-2.93e-03,-8.553191e-01,3.481899e-01,2.412912e-04,3.509121e-02,0.956360,0.959601,1.8896726,4.7338e-06,1.8876829,2.44184e-02,1.000001,9.966e-01,0.122182,1.080e-01
sync405_a_A_N200_s0.70_g1.60,sync405,a,A,0.70,32805,150,12,1,0.934769,0.000108,1.002086,0.001391,-3.48e-03,-9.249325e-01,-4.171948e-01,-9.822702e-03,3.338131e-03,0.956360,0.959601,1.8896726,4.7338e-06,1.8876829,2.44184e-02,1.000001,9.966e-01,0.122182,1.080e-01
sync405_a_A_N200_s0.70_g1.60,sync405,a,A,0.70,32805,150,12,2,0.957826,0.000032,0.996420,0.003577,3.06e-06,-9.427305e-01,-4.076842e-01,-5.331111e-03,-1.888461e-03,0.956360,0.959601,1.8896726,4.7338e-06,1.8876829,2.44184e-02,1.000001,9.966e-01,0.122182,1.080e-01
sync405_a_A_N200_s0.70_g1.60,sync405,a,A,0.70,32805,150,21,1,0.951731,0.001319,0.964046,0.039211,-3.26e-03,-8.566523e-01,3.609150e-01,-3.321795e-02,1.468865e-02,0.956360,0.959601,1.8896726,4.7338e-06,1.8876829,2.44184e-02,1.000001,9.966e-01,0.122182,1.080e-01
sync405_a_A_N200_s0.70_g1.60,sync405,a,A,0.70,32805,150,21,2,0.928867,0.001854,0.953942,0.056986,-1.09e-02,-8.517497e-01,3.433303e-01,-1.216709e-02,4.130857e-02,0.956360,0.959601,1.8896726,4.7338e-06,1.8876829,2.44184e-02,1.000001,9.966e-01,0.122182,1.080e-01
sync405_a_A_N200_s0.70_g1.60,sync405,a,A,0.70,32805,200,12,1,0.953180,0.000030,0.998064,0.002153,-2.17e-04,-9.362291e-01,-4.162992e-01,-5.033105e-03,2.268009e-03,0.956360,0.959601,1.8896726,4.7338e-06,1.8876829,2.44184e-02,1.000001,9.966e-01,0.122182,1.080e-01
sync405_a_A_N200_s0.70_g1.60,sync405,a,A,0.70,32805,200,12,2,0.956032,0.000021,0.996589,0.003440,-2.93e-05,-9.425659e-01,-4.056364e-01,-4.236377e-03,-1.641501e-03,0.956360,0.959601,1.8896726,4.7338e-06,1.8876829,2.44184e-02,1.000001,9.966e-01,0.122182,1.080e-01
sync405_a_A_N200_s0.70_g1.60,sync405,a,A,0.70,32805,200,21,1,0.949914,0.001186,0.964613,0.038611,-3.22e-03,-8.552012e-01,3.620686e-01,-2.973525e-02,1.737839e-02,0.956360,0.959601,1.8896726,4.7338e-06,1.8876829,2.44184e-02,1.000001,9.966e-01,0.122182,1.080e-01
sync405_a_A_N200_s0.70_g1.60,sync405,a,A,0.70,32805,200,21,2,0.947063,0.001197,0.974912,0.028829,-3.74e-03,-8.581934e-01,3.512516e-01,3.552487e-03,3.441384e-02,0.956360,0.959601,1.8896726,4.7338e-06,1.8876829,2.44184e-02,1.000001,9.966e-01,0.122182,1.080e-01
sync405_c_A_N200_s1.00_g1.60,sync405,c,A,1.00,17837,10,12,1,0.997718,0.000148,0.999594,0.003715,-3.31e-03,5.362210e-01,8.630228e-01,-1.203435e-02,-1.902524e-03,0.986456,0.988398,2.1729974,4.6988e-06,2.2782214,1.57660e-02,1.000000,9.980e-01,0.258023,2.711e-01
sync405_c_A_N200_s1.00_g1.60,sync405,c,A,1.00,17837,10,12,2,0.999107,0.000019,1.001156,0.001014,-2.17e-03,5.375419e-01,8.630335e-01,-2.124907e-04,-4.381551e-03,0.986456,0.988398,2.1729974,4.6988e-06,2.2782214,1.57660e-02,1.000000,9.980e-01,0.258023,2.711e-01
sync405_c_A_N200_s1.00_g1.60,sync405,c,A,1.00,17837,10,21,1,0.994911,0.000015,0.997400,0.001176,1.42e-03,5.194732e-01,-8.316796e-01,2.237482e-03,3.104871e-03,0.986456,0.988398,2.1729974,4.6988e-06,2.2782214,1.57660e-02,1.000000,9.980e-01,0.258023,2.711e-01
sync405_c_A_N200_s1.00_g1.60,sync405,c,A,1.00,17837,10,21,2,0.993589,0.000164,0.996289,0.002556,1.16e-03,5.200319e-01,-8.305618e-01,1.261153e-02,2.148532e-03,0.986456,0.988398,2.1729974,4.6988e-06,2.2782214,1.57660e-02,1.000000,9.980e-01,0.258023,2.711e-01
sync405_c_A_N200_s1.00_g1.60,sync405,c,A,1.00,17837,15,12,1,0.997947,0.000150,0.999105,0.003413,-2.52e-03,5.366180e-01,8.629132e-01,-1.215225e-02,-1.528401e-03,0.986456,0.988398,2.1729974,4.6988e-06,2.2782214,1.57660e-02,1.000000,9.980e-01,0.258023,2.711e-01
sync405_c_A_N200_s1.00_g1.60,sync405,c,A,1.00,17837,15,12,2,0.999076,0.000021,1.001065,0.000987,-2.05e-03,5.374665e-01,8.630619e-01,-4.658511e-04,-4.582186e-03,0.986456,0.988398,2.1729974,4.6988e-06,2.2782214,1.57660e-02,1.000000,9.980e-01,0.258023,2.711e-01
sync405_c_A_N200_s1.00_g1.60,sync405,c,A,1.00,17837,15,21,1,0.994813,0.000015,0.997307,0.001175,1.52e-03,5.195033e-01,-8.316037e-01,2.452328e-03,3.056528e-03,0.986456,0.988398,2.1729974,4.6988e-06,2.2782214,1.57660e-02,1.000000,9.980e-01,0.258023,2.711e-01
sync405_c_A_N200_s1.00_g1.60,sync405,c,A,1.00,17837,15,21,2,0.993711,0.000173,0.996311,0.002718,9.72e-04,5.197377e-01,-8.308164e-01,1.304359e-02,1.674588e-03,0.986456,0.988398,2.1729974,4.6988e-06,2.2782214,1.57660e-02,1.000000,9.980e-01,0.258023,2.711e-01
sync405_c_A_N200_s1.00_g1.60,sync405,c,A,1.00,17837,20,12,1,0.998261,0.000150,0.999254,0.003200,-2.45e-03,5.365354e-01,8.631528e-01,-1.217498e-02,-1.325324e-03,0.986456,0.988398,2.1729974,4.6988e-06,2.2782214,1.57660e-02,1.000000,9.980e-01,0.258023,2.711e-01
sync405_c_A_N200_s1.00_g1.60,sync405,c,A,1.00,17837,20,12,2,0.999222,0.000022,1.000960,0.000991,-1.95e-03,5.374784e-01,8.631422e-01,-4.574129e-04,-4.644315e-03,0.986456,0.988398,2.1729974,4.6988e-06,2.2782214,1.57660e-02,1.000000,9.980e-01,0.258023,2.711e-01
sync405_c_A_N200_s1.00_g1.60,sync405,c,A,1.00,17837,20,21,1,0.994914,0.000016,0.997367,0.001216,1.42e-03,5.195536e-01,-8.316313e-01,2.496651e-03,3.052851e-03,0.986456,0.988398,2.1729974,4.6988e-06,2.2782214,1.57660e-02,1.000000,9.980e-01,0.258023,2.711e-01
sync405_c_A_N200_s1.00_g1.60,sync405,c,A,1.00,17837,20,21,2,0.993978,0.000186,0.996537,0.002679,7.84e-04,5.199656e-01,-8.308291e-01,1.349394e-02,1.877012e-03,0.986456,0.988398,2.1729974,4.6988e-06,2.2782214,1.57660e-02,1.000000,9.980e-01,0.258023,2.711e-01
sync405_c_A_N200_s1.00_g1.60,sync405,c,A,1.00,17837,30,12,1,0.998115,0.000142,0.999260,0.003334,-2.59e-03,5.364030e-01,8.631474e-01,-1.178570e-02,-1.772299e-03,0.986456,0.988398,2.1729974,4.6988e-06,2.2782214,1.57660e-02,1.000000,9.980e-01,0.258023,2.711e-01
sync405_c_A_N200_s1.00_g1.60,sync405,c,A,1.00,17837,30,12,2,0.999314,0.000025,1.000889,0.000961,-1.85e-03,5.375951e-01,8.631243e-01,-7.012518e-04,-4.924131e-03,0.986456,0.988398,2.1729974,4.6988e-06,2.2782214,1.57660e-02,1.000000,9.980e-01,0.258023,2.711e-01
sync405_c_A_N200_s1.00_g1.60,sync405,c,A,1.00,17837,30,21,1,0.994990,0.000015,0.997449,0.001201,1.35e-03,5.194821e-01,-8.317200e-01,2.784769e-03,2.656132e-03,0.986456,0.988398,2.1729974,4.6988e-06,2.2782214,1.57660e-02,1.000000,9.980e-01,0.258023,2.711e-01
sync405_c_A_N200_s1.00_g1.60,sync405,c,A,1.00,17837,30,21,2,0.993838,0.000169,0.996433,0.002725,8.42e-04,5.200167e-01,-8.307158e-01,1.290150e-02,1.480179e-03,0.986456,0.988398,2.1729974,4.6988e-06,2.2782214,1.57660e-02,1.000000,9.980e-01,0.258023,2.711e-01
sync405_c_A_N200_s1.00_g1.60,sync405,c,A,1.00,17837,40,12,1,1.000666,0.000198,1.003342,0.002855,-6.20e-03,5.324900e-01,8.670904e-01,-1.357074e-02,3.684901e-03,0.986456,0.988398,2.1729974,4.6988e-06,2.2782214,1.57660e-02,1.000000,9.980e-01,0.258023,2.711e-01
sync405_c_A_N200_s1.00_g1.60,sync405,c,A,1.00,17837,40,12,2,0.998731,0.000007,1.000475,0.000969,-1.44e-03,5.391023e-01,8.618338e-01,-1.060505e-03,-2.479961e-03,0.986456,0.988398,2.1729974,4.6988e-06,2.2782214,1.57660e-02,1.000000,9.980e-01,0.258023,2.711e-01
sync405_c_A_N200_s1.00_g1.60,sync405,c,A,1.00,17837,40,21,1,0.994510,0.000019,0.996982,0.001303,1.72e-03,5.177493e-01,-8.325213e-01,2.568380e-03,3.471664e-03,0.986456,0.988398,2.1729974,4.6988e-06,2.2782214,1.57660e-02,1.000000,9.980e-01,0.258023,2.711e-01
sync405_c_A_N200_s1.00_g1.60,sync405,c,A,1.00,17837,40,21,2,0.996401,0.000317,0.999042,0.003348,-2.39e-03,5.250710e-01,-8.290256e-01,1.512493e-02,9.397389e-03,0.986456,0.988398,2.1729974,4.6988e-06,2.2782214,1.57660e-02,1.000000,9.980e-01,0.258023,2.711e-01
sync405_c_A_N200_s1.00_g1.60,sync405,c,A,1.00,17837,50,12,1,0.994783,0.000265,0.999499,0.002745,-2.24e-03,5.333328e-01,8.630529e-01,-1.626264e-02,2.999982e-04,0.986456,0.988398,2.1729974,4.6988e-06,2.2782214,1.57660e-02,1.000000,9.980e-01,0.258023,2.711e-01
sync405_c_A_N200_s1.00_g1.60,sync405,c,A,1.00,17837,50,12,2,1.003084,0.000066,1.001469,0.001314,-2.78e-03,5.425693e-01,8.622712e-01,9.171635e-04,-8.051268e-03,0.986456,0.988398,2.1729974,4.6988e-06,2.2782214,1.57660e-02,1.000000,9.980e-01,0.258023,2.711e-01
sync405_c_A_N200_s1.00_g1.60,sync405,c,A,1.00,17837,50,21,1,0.998899,0.000016,1.001075,0.004038,-5.11e-03,5.167054e-01,-8.357112e-01,4.031020e-03,3.129306e-04,0.986456,0.988398,2.1729974,4.6988e-06,2.2782214,1.57660e-02,1.000000,9.980e-01,0.258023,2.711e-01
sync405_c_A_N200_s1.00_g1.60,sync405,c,A,1.00,17837,50,21,2,0.990612,0.000376,0.993059,0.004931,2.01e-03,5.212821e-01,-8.280418e-01,1.850515e-02,5.753685e-03,0.986456,0.988398,2.1729974,4.6988e-06,2.2782214,1.57660e-02,1.000000,9.980e-01,0.258023,2.711e-01
sync405_c_A_N200_s1.00_g1.60,sync405,c,A,1.00,17837,60,12,1,0.996624,0.000224,1.000801,0.002812,-3.61e-03,5.330937e-01,8.643035e-01,-1.493062e-02,8.964176e-04,0.986456,0.988398,2.1729974,4.6988e-06,2.2782214,1.57660e-02,1.000000,9.980e-01,0.258023,2.711e-01
sync405_c_A_N200_s1.00_g1.60,sync405,c,A,1.00,17837,60,12,2,1.002073,0.000062,1.000577,0.001195,-1.77e-03,5.423323e-01,8.618139e-01,4.989920e-04,-7.847988e-03,0.986456,0.988398,2.1729974,4.6988e-06,2.2782214,1.57660e-02,1.000000,9.980e-01,0.258023,2.711e-01
sync405_c_A_N200_s1.00_g1.60,sync405,c,A,1.00,17837,60,21,1,0.997929,0.000017,1.000084,0.003911,-3.99e-03,5.164146e-01,-8.353297e-01,4.068084e-03,1.240113e-04,0.986456,0.988398,2.1729974,4.6988e-06,2.2782214,1.57660e-02,1.000000,9.980e-01,0.258023,2.711e-01
sync405_c_A_N200_s1.00_g1.60,sync405,c,A,1.00,17837,60,21,2,0.992489,0.000361,0.994918,0.004684,3.98e-04,5.224834e-01,-8.283803e-01,1.803683e-02,5.932914e-03,0.986456,0.988398,2.1729974,4.6988e-06,2.2782214,1.57660e-02,1.000000,9.980e-01,0.258023,2.711e-01
sync405_c_A_N200_s1.00_g1.60,sync405,c,A,1.00,17837,80,12,1,0.997191,0.000177,1.000593,0.002825,-3.42e-03,5.347187e-01,8.636385e-01,-1.330764e-02,-5.034556e-04,0.986456,0.988398,2.1729974,4.6988e-06,2.2782214,1.57660e-02,1.000000,9.980e-01,0.258023,2.711e-01
sync405_c_A_N200_s1.00_g1.60,sync405,c,A,1.00,17837,80,12,2,1.001465,0.000060,1.000032,0.001221,-1.25e-03,5.423597e-01,8.614313e-01,1.469866e-04,-7.739043e-03,0.986456,0.988398,2.1729974,4.6988e-06,2.2782214,1.57660e-02,1.000000,9.980e-01,0.258023,2.711e-01
sync405_c_A_N200_s1.00_g1.60,sync405,c,A,1.00,17837,80,21,1,0.997325,0.000020,0.999333,0.004013,-3.35e-03,5.160694e-01,-8.351938e-01,4.429153e-03,-6.136126e-05,0.986456,0.988398,2.1729974,4.6988e-06,2.2782214,1.57660e-02,1.000000,9.980e-01,0.258023,2.711e-01
sync405_c_A_N200_s1.00_g1.60,sync405,c,A,1.00,17837,80,21,2,0.993067,0.000309,0.995476,0.004073,4.51e-04,5.212059e-01,-8.295212e-01,1.701284e-02,4.405038e-03,0.986456,0.988398,2.1729974,4.6988e-06,2.2782214,1.57660e-02,1.000000,9.980e-01,0.258023,2.711e-01
sync405_c_A_N200_s1.00_g1.60,sync405,c,A,1.00,17837,100,12,1,0.989046,0.000138,0.999601,0.000905,-5.06e-04,5.324788e-01,8.601365e-01,-1.097739e-02,-4.136400e-03,0.986456,0.988398,2.1729974,4.6988e-06,2.2782214,1.57660e-02,1.000000,9.980e-01,0.258023,2.711e-01
sync405_c_A_N200_s1.00_g1.60,sync405,c,A,1.00,17837,100,12,2,0.988747,0.000064,0.999321,0.000837,-1.58e-04,5.362324e-01,8.576206e-01,-6.647775e-03,-4.470565e-03,0.986456,0.988398,2.1729974,4.6988e-06,2.2782214,1.57660e-02,1.000000,9.980e-01,0.258023,2.711e-01
sync405_c_A_N200_s1.00_g1.60,sync405,c,A,1.00,17837,100,21,1,0.984833,0.000010,0.987348,0.016523,-3.87e-03,5.153782e-01,-8.283652e-01,-1.458365e-03,2.765879e-03,0.986456,0.988398,2.1729974,4.6988e-06,2.2782214,1.57660e-02,1.000000,9.980e-01,0.258023,2.711e-01
sync405_c_A_N200_s1.00_g1.60,sync405,c,A,1.00,17837,100,21,2,0.984996,0.000375,0.988266,0.009898,1.84e-03,5.191253e-01,-8.261170e-01,1.728061e-02,8.751559e-03,0.986456,0.988398,2.1729974,4.6988e-06,2.2782214,1.57660e-02,1.000000,9.980e-01,0.258023,2.711e-01
sync405_c_A_N200_s1.00_g1.60,sync405,c,A,1.00,17837,120,12,1,0.980987,0.000204,0.998700,0.000727,5.72e-04,5.289276e-01,8.574758e-01,-1.342688e-02,-4.867080e-03,0.986456,0.988398,2.1729974,4.6988e-06,2.2782214,1.57660e-02,1.000000,9.980e-01,0.258023,2.711e-01
sync405_c_A_N200_s1.00_g1.60,sync405,c,A,1.00,17837,120,12,2,0.988748,0.000064,0.999439,0.000798,-2.37e-04,5.361531e-01,8.576711e-01,-6.666919e-03,-4.460563e-03,0.986456,0.988398,2.1729974,4.6988e-06,2.2782214,1.57660e-02,1.000000,9.980e-01,0.258023,2.711e-01
sync405_c_A_N200_s1.00_g1.60,sync405,c,A,1.00,17837,120,21,1,0.984819,0.000012,0.987452,0.016492,-3.94e-03,5.154507e-01,-8.283115e-01,-1.623832e-03,3.075024e-03,0.986456,0.988398,2.1729974,4.6988e-06,2.2782214,1.57660e-02,1.000000,9.980e-01,0.258023,2.711e-01
sync405_c_A_N200_s1.00_g1.60,sync405,c,A,1.00,17837,120,21,2,0.976921,0.000396,0.980291,0.012215,7.49e-03,5.182784e-01,-8.219149e-01,1.390884e-02,1.421453e-02,0.986456,0.988398,2.1729974,4.6988e-06,2.2782214,1.57660e-02,1.000000,9.980e-01,0.258023,2.711e-01
sync405_c_A_N200_s1.00_g1.60,sync405,c,A,1.00,17837,150,12,1,0.973596,0.000250,0.998757,0.000634,6.08e-04,5.262277e-01,8.546734e-01,-1.479382e-02,-5.617181e-03,0.986456,0.988398,2.1729974,4.6988e-06,2.2782214,1.57660e-02,1.000000,9.980e-01,0.258023,2.711e-01
sync405_c_A_N200_s1.00_g1.60,sync405,c,A,1.00,17837,150,12,2,0.988816,0.000064,0.999532,0.000763,-2.95e-04,5.361093e-01,8.577393e-01,-6.701840e-03,-4.393318e-03,0.986456,0.988398,2.1729974,4.6988e-06,2.2782214,1.57660e-02,1.000000,9.980e-01,0.258023,2.711e-01
sync405_c_A_N200_s1.00_g1.60,sync405,c,A,1.00,17837,150,21,1,0.984859,0.000012,0.987461,0.016016,-3.48e-03,5.155289e-01,-8.282865e-01,-1.056352e-03,3.316973e-03,0.986456,0.988398,2.1729974,4.6988e-06,2.2782214,1.57660e-02,1.000000,9.980e-01,0.258023,2.711e-01
sync405_c_A_N200_s1.00_g1.60,sync405,c,A,1.00,17837,150,21,2,0.969651,0.000469,0.973218,0.023952,2.83e-03,5.171224e-01,-8.183610e-01,1.073748e-02,1.880305e-02,0.986456,0.988398,2.1729974,4.6988e-06,2.2782214,1.57660e-02,1.000000,9.980e-01,0.258023,2.711e-01
sync405_c_A_N200_s1.00_g1.60,sync405,c,A,1.00,17837,200,12,1,0.984357,0.000143,0.998942,0.000624,4.34e-04,5.303377e-01,8.586374e-01,-1.155417e-02,-3.155808e-03,0.986456,0.988398,2.1729974,4.6988e-06,2.2782214,1.57660e-02,1.000000,9.980e-01,0.258023,2.711e-01
sync405_c_A_N200_s1.00_g1.60,sync405,c,A,1.00,17837,200,12,2,0.988907,0.000062,0.999333,0.000802,-1.35e-04,5.370469e-01,8.572076e-01,-6.617796e-03,-4.211044e-03,0.986456,0.988398,2.1729974,4.6988e-06,2.2782214,1.57660e-02,1.000000,9.980e-01,0.258023,2.711e-01
sync405_c_A_N200_s1.00_g1.60,sync405,c,A,1.00,17837,200,21,1,0.984898,0.000018,0.987346,0.015643,-2.99e-03,5.146698e-01,-8.288430e-01,9.510670e-04,4.160920e-03,0.986456,0.988398,2.1729974,4.6988e-06,2.2782214,1.57660e-02,1.000000,9.980e-01,0.258023,2.711e-01
sync405_c_A_N200_s1.00_g1.60,sync405,c,A,1.00,17837,200,21,2,0.980247,0.000392,0.983368,0.013308,3.32e-03,5.186991e-01,-8.236032e-01,1.427565e-02,1.371801e-02,0.986456,0.988398,2.1729974,4.6988e-06,2.2782214,1.57660e-02,1.000000,9.980e-01,0.258023,2.711e-01
shared450_a_A_N200_s1.00_g1.60,shared450,a,A,1.00,17537,5,12,1,0.980007,0.000821,0.991513,0.012765,-4.28e-03,-5.402473e-01,9.049597e-01,-2.796245e-02,6.274569e-03,0.955559,0.958803,1.9303586,4.8171e-06,1.8881120,2.45901e-02,1.000000,9.966e-01,0.771840,2.831e-01
shared450_a_A_N200_s1.00_g1.60,shared450,a,A,1.00,17537,5,12,2,0.996822,0.000492,1.002217,0.001311,-3.53e-03,-5.423797e-01,9.141677e-01,1.915523e-02,-1.119468e-02,0.955559,0.958803,1.9303586,4.8171e-06,1.8881120,2.45901e-02,1.000000,9.966e-01,0.771840,2.831e-01
shared450_a_A_N200_s1.00_g1.60,shared450,a,A,1.00,17537,5,21,1,0.990214,0.000554,0.996074,0.001267,2.66e-03,-4.752533e-01,-8.048222e-01,-2.098793e-02,1.066469e-02,0.955559,0.958803,1.9303586,4.8171e-06,1.8881120,2.45901e-02,1.000000,9.966e-01,0.771840,2.831e-01
shared450_a_A_N200_s1.00_g1.60,shared450,a,A,1.00,17537,5,21,2,0.973524,0.000044,0.990476,0.007401,2.12e-03,-4.690631e-01,-7.992872e-01,6.665769e-03,1.332839e-04,0.955559,0.958803,1.9303586,4.8171e-06,1.8881120,2.45901e-02,1.000000,9.966e-01,0.771840,2.831e-01
shared450_a_A_N200_s1.00_g1.60,shared450,a,A,1.00,17537,10,12,1,0.949238,0.001690,0.954330,0.043887,1.78e-03,-5.296762e-01,8.918442e-01,-4.089463e-02,4.236835e-03,0.955559,0.958803,1.9303586,4.8171e-06,1.8881120,2.45901e-02,1.000000,9.966e-01,0.771840,2.831e-01
shared450_a_A_N200_s1.00_g1.60,shared450,a,A,1.00,17537,10,12,2,0.996372,0.000393,0.999349,0.004160,-3.51e-03,-5.443583e-01,9.127119e-01,1.678600e-02,-1.052329e-02,0.955559,0.958803,1.9303586,4.8171e-06,1.8881120,2.45901e-02,1.000000,9.966e-01,0.771840,2.831e-01
shared450_a_A_N200_s1.00_g1.60,shared450,a,A,1.00,17537,10,21,1,0.989715,0.000574,0.998712,0.001311,-2.31e-05,-4.732810e-01,-8.057105e-01,-2.250773e-02,8.206348e-03,0.955559,0.958803,1.9303586,4.8171e-06,1.8881120,2.45901e-02,1.000000,9.966e-01,0.771840,2.831e-01
shared450_a_A_N200_s1.00_g1.60,shared450,a,A,1.00,17537,10,21,2,0.942789,0.000201,0.988957,0.004439,6.60e-03,-4.633880e-01,-7.855162e-01,-1.293386e-02,-5.844540e-03,0.955559,0.958803,1.9303586,4.8171e-06,1.8881120,2.45901e-02,1.000000,9.966e-01,0.771840,2.831e-01
shared450_a_A_N200_s1.00_g1.60,shared450,a,A,1.00,17537,15,12,1,0.975830,0.001640,0.981772,0.041570,-2.33e-02,-5.602771e-01,8.900419e-01,-2.772612e-02,2.952449e-02,0.955559,0.958803,1.9303586,4.8171e-06,1.8881120,2.45901e-02,1.000000,9.966e-01,0.771840,2.831e-01
shared450_a_A_N200_s1.00_g1.60,shared450,a,A,1.00,17537,15,12,2,0.995782,0.000321,0.998300,0.004297,-2.60e-03,-5.443503e-01,9.123502e-01,1.547132e-02,-9.014560e-03,0.955559,0.958803,1.9303586,4.8171e-06,1.8881120,2.45901e-02,1.000000,9.966e-01,0.771840,2.831e-01
shared450_a_A_N200_s1.00_g1.60,shared450,a,A,1.00,17537,15,21,1,0.989241,0.000551,0.997678,0.001256,1.07e-03,-4.730412e-01,-8.055916e-01,-2.162338e-02,9.115910e-03,0.955559,0.958803,1.9303586,4.8171e-06,1.8881120,2.45901e-02,1.000000,9.966e-01,0.771840,2.831e-01
shared450_a_A_N200_s1.00_g1.60,shared450,a,A,1.00,17537,15,21,2,0.969299,0.000405,1.012835,0.005220,-1.81e-02,-4.490780e-01,-8.083820e-01,3.553580e-04,2.012148e-02,0.955559,0.958803,1.9303586,4.8171e-06,1.8881120,2.45901e-02,1.000000,9.966e-01,0.771840,2.831e-01
shared450_a_A_N200_s1.00_g1.60,shared450,a,A,1.00,17537,20,12,1,0.986017,0.001148,0.988688,0.027786,-1.65e-02,-5.603931e-01,8.964325e-01,-2.215859e-02,2.562795e-02,0.955559,0.958803,1.9303586,4.8171e-06,1.8881120,2.45901e-02,1.000000,9.966e-01,0.771840,2.831e-01
shared450_a_A_N200_s1.00_g1.60,shared450,a,A,1.00,17537,20,12,2,0.995300,0.000293,0.997057,0.005325,-2.38e-03,-5.456144e-01,9.112948e-01,1.531376e-02,-7.634656e-03,0.955559,0.958803,1.9303586,4.8171e-06,1.8881120,2.45901e-02,1.000000,9.966e-01,0.771840,2.831e-01
shared450_a_A_N200_s1.00_g1.60,shared450,a,A,1.00,17537,20,21,1,0.988794,0.000586,0.998546,0.001439,1.52e-05,-4.716990e-01,-8.061341e-01,-2.207221e-02,9.952612e-03,0.955559,0.958803,1.9303586,4.8171e-06,1.8881120,2.45901e-02,1.000000,9.966e-01,0.771840,2.831e-01
shared450_a_A_N200_s1.00_g1.60,shared450,a,A,1.00,17537,20,21,2,0.979574,0.000334,1.009567,0.004418,-1.40e-02,-4.539901e-01,-8.112404e-01,5.141260e-03,1.752775e-02,0.955559,0.958803,1.9303586,4.8171e-06,1.8881120,2.45901e-02,1.000000,9.966e-01,0.771840,2.831e-01
shared450_a_A_N200_s1.00_g1.60,shared450,a,A,1.00,17537,30,12,1,0.985253,0.001067,0.987852,0.026506,-1.44e-02,-5.586499e-01,8.970369e-01,-2.226086e-02,2.391099e-02,0.955559,0.958803,1.9303586,4.8171e-06,1.8881120,2.45901e-02,1.000000,9.966e-01,0.771840,2.831e-01
shared450_a_A_N200_s1.00_g1.60,shared450,a,A,1.00,17537,30,12,2,0.994977,0.000276,0.996736,0.005466,-2.20e-03,-5.451550e-01,9.113688e-01,1.501760e-02,-7.078361e-03,0.955559,0.958803,1.9303586,4.8171e-06,1.8881120,2.45901e-02,1.000000,9.966e-01,0.771840,2.831e-01
shared450_a_A_N200_s1.00_g1.60,shared450,a,A,1.00,17537,30,21,1,0.988497,0.000569,0.998469,0.001437,9.33e-05,-4.719582e-01,-8.058198e-01,-2.173665e-02,9.821994e-03,0.955559,0.958803,1.9303586,4.8171e-06,1.8881120,2.45901e-02,1.000000,9.966e-01,0.771840,2.831e-01
shared450_a_A_N200_s1.00_g1.60,shared450,a,A,1.00,17537,30,21,2,0.978838,0.000267,1.007660,0.004253,-1.19e-02,-4.552033e-01,-8.101591e-01,4.525952e-03,1.570936e-02,0.955559,0.958803,1.9303586,4.8171e-06,1.8881120,2.45901e-02,1.000000,9.966e-01,0.771840,2.831e-01
shared450_a_A_N200_s1.00_g1.60,shared450,a,A,1.00,17537,40,12,1,0.988793,0.001175,0.991726,0.023918,-1.56e-02,-5.606333e-01,8.980356e-01,-2.263725e-02,2.574963e-02,0.955559,0.958803,1.9303586,4.8171e-06,1.8881120,2.45901e-02,1.000000,9.966e-01,0.771840,2.831e-01
shared450_a_A_N200_s1.00_g1.60,shared450,a,A,1.00,17537,40,12,2,0.994277,0.000269,0.995749,0.005680,-1.43e-03,-5.446344e-01,9.112450e-01,1.561164e-02,-5.062134e-03,0.955559,0.958803,1.9303586,4.8171e-06,1.8881120,2.45901e-02,1.000000,9.966e-01,0.771840,2.831e-01
shared450_a_A_N200_s1.00_g1.60,shared450,a,A,1.00,17537,40,21,1,0.987942,0.000618,0.998243,0.001599,1.58e-04,-4.721222e-01,-8.054198e-01,-2.247553e-02,1.060326e-02,0.955559,0.958803,1.9303586,4.8171e-06,1.8881120,2.45901e-02,1.000000,9.966e-01,0.771840,2.831e-01
shared450_a_A_N200_s1.00_g1.60,shared450,a,A,1.00,17537,40,21,2,0.982446,0.000406,1.009031,0.004151,-1.32e-02,-4.551608e-01,-8.121455e-01,8.286249e-03,1.836175e-02,0.955559,0.958803,1.9303586,4.8171e-06,1.8881120,2.45901e-02,1.000000,9.966e-01,0.771840,2.831e-01
shared450_a_A_N200_s1.00_g1.60,shared450,a,A,1.00,17537,50,12,1,0.988267,0.001081,0.991424,0.024049,-1.55e-02,-5.592859e-01,8.985438e-01,-2.233241e-02,2.412500e-02,0.955559,0.958803,1.9303586,4.8171e-06,1.8881120,2.45901e-02,1.000000,9.966e-01,0.771840,2.831e-01
shared450_a_A_N200_s1.00_g1.60,shared450,a,A,1.00,17537,50,12,2,0.994302,0.000264,0.995867,0.005643,-1.51e-03,-5.442442e-01,9.114933e-01,1.556489e-02,-4.618621e-03,0.955559,0.958803,1.9303586,4.8171e-06,1.8881120,2.45901e-02,1.000000,9.966e-01,0.771840,2.831e-01
shared450_a_A_N200_s1.00_g1.60,shared450,a,A,1.00,17537,50,21,1,0.987957,0.000623,0.998398,0.001605,-2.85e-06,-4.724867e-01,-8.052138e-01,-2.257680e-02,1.063399e-02,0.955559,0.958803,1.9303586,4.8171e-06,1.8881120,2.45901e-02,1.000000,9.966e-01,0.771840,2.831e-01
shared450_a_A_N200_s1.00_g1.60,shared450,a,A,1.00,17537,50,21,2,0.981923,0.000344,1.008621,0.004149,-1.28e-02,-4.561201e-01,-8.113227e-01,7.441156e-03,1.698413e-02,0.955559,0.958803,1.9303586,4.8171e-06,1.8881120,2.45901e-02,1.000000,9.966e-01,0.771840,2.831e-01
shared450_a_A_N200_s1.00_g1.60,shared450,a,A,1.00,17537,60,12,1,0.963014,0.000278,0.993088,0.008811,-1.90e-03,-5.502955e-01,8.881061e-01,-1.537055e-02,6.452995e-03,0.955559,0.958803,1.9303586,4.8171e-06,1.8881120,2.45901e-02,1.000000,9.966e-01,0.771840,2.831e-01
shared450_a_A_N200_s1.00_g1.60,shared450,a,A,1.00,17537,60,12,2,0.952829,0.000026,0.994205,0.004431,1.36e-03,-5.373849e-01,8.895117e-01,-2.372293e-03,4.486869e-03,0.955559,0.958803,1.9303586,4.8171e-06,1.8881120,2.45901e-02,1.000000,9.966e-01,0.771840,2.831e-01
shared450_a_A_N200_s1.00_g1.60,shared450,a,A,1.00,17537,60,21,1,0.947042,0.002068,0.958998,0.044008,-3.01e-03,-4.585224e-01,-7.907425e-01,-4.248801e-02,1.621365e-02,0.955559,0.958803,1.9303586,4.8171e-06,1.8881120,2.45901e-02,1.000000,9.966e-01,0.771840,2.831e-01
shared450_a_A_N200_s1.00_g1.60,shared450,a,A,1.00,17537,60,21,2,0.957045,0.000839,0.989522,0.019536,-9.06e-03,-4.519576e-01,-8.000473e-01,-6.844869e-04,2.896298e-02,0.955559,0.958803,1.9303586,4.8171e-06,1.8881120,2.45901e-02,1.000000,9.966e-01,0.771840,2.831e-01
shared450_a_A_N200_s1.00_g1.60,shared450,a,A,1.00,17537,80,12,1,0.963356,0.000246,0.992156,0.008815,-9.71e-04,-5.495480e-01,8.887873e-01,-1.452959e-02,5.903479e-03,0.955559,0.958803,1.9303586,4.8171e-06,1.8881120,2.45901e-02,1.000000,9.966e-01,0.771840,2.831e-01
shared450_a_A_N200_s1.00_g1.60,shared450,a,A,1.00,17537,80,12,2,0.954735,0.000042,0.996343,0.004685,-1.03e-03,-5.359480e-01,8.915907e-01,6.165667e-04,6.486962e-03,0.955559,0.958803,1.9303586,4.8171e-06,1.8881120,2.45901e-02,1.000000,9.966e-01,0.771840,2.831e-01
shared450_a_A_N200_s1.00_g1.60,shared450,a,A,1.00,17537,80,21,1,0.948953,0.001908,0.963291,0.045952,-9.24e-03,-4.607172e-01,-7.905330e-01,-3.913572e-02,1.940703e-02,0.955559,0.958803,1.9303586,4.8171e-06,1.8881120,2.45901e-02,1.000000,9.966e-01,0.771840,2.831e-01
shared450_a_A_N200_s1.00_g1.60,shared450,a,A,1.00,17537,80,21,2,0.957369,0.000850,0.988277,0.020790,-9.07e-03,-4.527638e-01,-7.997704e-01,-6.576784e-04,2.914588e-02,0.955559,0.958803,1.9303586,4.8171e-06,1.8881120,2.45901e-02,1.000000,9.966e-01,0.771840,2.831e-01
shared450_a_A_N200_s1.00_g1.60,shared450,a,A,1.00,17537,100,12,1,0.946645,0.000008,0.997599,0.002592,-1.91e-04,-5.417411e-01,8.829045e-01,6.820854e-04,2.747633e-03,0.955559,0.958803,1.9303586,4.8171e-06,1.8881120,2.45901e-02,1.000000,9.966e-01,0.771840,2.831e-01
shared450_a_A_N200_s1.00_g1.60,shared450,a,A,1.00,17537,100,12,2,0.950687,0.000010,0.995948,0.003847,2.05e-04,-5.345141e-01,8.898765e-01,-2.403273e-03,2.119420e-03,0.955559,0.958803,1.9303586,4.8171e-06,1.8881120,2.45901e-02,1.000000,9.966e-01,0.771840,2.831e-01
shared450_a_A_N200_s1.00_g1.60,shared450,a,A,1.00,17537,100,21,1,0.944988,0.001793,0.959832,0.044306,-4.14e-03,-4.600370e-01,-7.887146e-01,-3.900565e-02,1.646965e-02,0.955559,0.958803,1.9303586,4.8171e-06,1.8881120,2.45901e-02,1.000000,9.966e-01,0.771840,2.831e-01
shared450_a_A_N200_s1.00_g1.60,shared450,a,A,1.00,17537,100,21,2,0.940901,0.001255,0.976896,0.032264,-9.16e-03,-4.515831e-01,-7.913098e-01,-2.934002e-03,3.530799e-02,0.955559,0.958803,1.9303586,4.8171e-06,1.8881120,2.45901e-02,1.000000,9.966e-01,0.771840,2.831e-01
shared450_a_A_N200_s1.00_g1.60,shared450,a,A,1.00,17537,120,12,1,0.938067,0.000022,0.998992,0.002046,-1.04e-03,-5.422822e-01,8.770468e-01,-2.674294e-03,3.830560e-03,0.955559,0.958803,1.9303586,4.8171e-06,1.8881120,2.45901e-02,1.000000,9.966e-01,0.771840,2.831e-01
shared450_a_A_N200_s1.00_g1.60,shared450,a,A,1.00,17537,120,12,2,0.952247,0.000017,0.995771,0.004279,-4.91e-05,-5.352822e-01,8.904081e-01,-3.246528e-03,2.520784e-03,0.955559,0.958803,1.9303586,4.8171e-06,1.8881120,2.45901e-02,1.000000,9.966e-01,0.771840,2.831e-01
shared450_a_A_N200_s1.00_g1.60,shared450,a,A,1.00,17537,120,21,1,0.946447,0.001738,0.961248,0.042999,-4.25e-03,-4.600955e-01,-7.894958e-01,-3.839725e-02,1.623457e-02,0.955559,0.958803,1.9303586,4.8171e-06,1.8881120,2.45901e-02,1.000000,9.966e-01,0.771840,2.831e-01
shared450_a_A_N200_s1.00_g1.60,shared450,a,A,1.00,17537,120,21,2,0.932341,0.001473,0.964094,0.043471,-7.56e-03,-4.468280e-01,-7.892350e-01,-7.698853e-03,3.759679e-02,0.955559,0.958803,1.9303586,4.8171e-06,1.8881120,2.45901e-02,1.000000,9.966e-01,0.771840,2.831e-01
shared450_a_A_N200_s1.00_g1.60,shared450,a,A,1.00,17537,150,12,1,0.941121,0.000017,0.997715,0.002210,7.49e-05,-5.423885e-01,8.789526e-01,-3.150241e-03,2.746884e-03,0.955559,0.958803,1.9303586,4.8171e-06,1.8881120,2.45901e-02,1.000000,9.966e-01,0.771840,2.831e-01
shared450_a_A_N200_s1.00_g1.60,shared450,a,A,1.00,17537,150,12,2,0.952375,0.000013,0.995915,0.004237,-1.52e-04,-5.350873e-01,8.906066e-01,-3.050578e-03,1.897347e-03,0.955559,0.958803,1.9303586,4.8171e-06,1.8881120,2.45901e-02,1.000000,9.966e-01,0.771840,2.831e-01
shared450_a_A_N200_s1.00_g1.60,shared450,a,A,1.00,17537,150,21,1,0.946622,0.001711,0.961749,0.041854,-3.60e-03,-4.603353e-01,-7.894539e-01,-3.786202e-02,1.664858e-02,0.955559,0.958803,1.9303586,4.8171e-06,1.8881120,2.45901e-02,1.000000,9.966e-01,0.771840,2.831e-01
shared450_a_A_N200_s1.00_g1.60,shared450,a,A,1.00,17537,150,21,2,0.935516,0.001444,0.968041,0.037009,-5.05e-03,-4.482386e-01,-7.902090e-01,-2.796234e-03,3.790270e-02,0.955559,0.958803,1.9303586,4.8171e-06,1.8881120,2.45901e-02,1.000000,9.966e-01,0.771840,2.831e-01
shared450_a_A_N200_s1.00_g1.60,shared450,a,A,1.00,17537,200,12,1,0.947814,0.000010,0.997525,0.002674,-1.99e-04,-5.424704e-01,8.832071e-01,-1.208242e-03,2.946129e-03,0.955559,0.958803,1.9303586,4.8171e-06,1.8881120,2.45901e-02,1.000000,9.966e-01,0.771840,2.831e-01
shared450_a_A_N200_s1.00_g1.60,shared450,a,A,1.00,17537,200,12,2,0.947703,0.000007,0.996259,0.003640,1.01e-04,-5.319508e-01,8.895118e-01,-1.427961e-03,2.262710e-03,0.955559,0.958803,1.9303586,4.8171e-06,1.8881120,2.45901e-02,1.000000,9.966e-01,0.771840,2.831e-01
shared450_a_A_N200_s1.00_g1.60,shared450,a,A,1.00,17537,200,21,1,0.941783,0.001621,0.960423,0.043065,-3.49e-03,-4.607538e-01,-7.865003e-01,-3.413746e-02,2.135603e-02,0.955559,0.958803,1.9303586,4.8171e-06,1.8881120,2.45901e-02,1.000000,9.966e-01,0.771840,2.831e-01
shared450_a_A_N200_s1.00_g1.60,shared450,a,A,1.00,17537,200,21,2,0.942044,0.001349,0.974369,0.029749,-4.12e-03,-4.514749e-01,-7.920088e-01,-1.673153e-03,3.668668e-02,0.955559,0.958803,1.9303586,4.8171e-06,1.8881120,2.45901e-02,1.000000,9.966e-01,0.771840,2.831e-01
abrupt_a_A_N200_s1.00_g1.60,abrupt,a,A,1.00,8167,5,12,1,0.671778,0.015187,0.892802,0.110978,-3.78e-03,-7.377789e-01,-3.563237e-01,-1.219206e-01,1.796192e-02,0.800474,0.802556,1.8859720,-2.4953e-16,1.8877161,2.45329e-02,1.000000,9.967e-01,0.350788,2.054e-01
abrupt_a_A_N200_s1.00_g1.60,abrupt,a,A,1.00,8167,5,12,2,0.807757,0.003779,0.988571,0.014283,-2.85e-03,-8.150989e-01,-3.778587e-01,6.114408e-02,-6.344823e-03,0.800474,0.802556,1.8859720,-2.4953e-16,1.8877161,2.45329e-02,1.000000,9.967e-01,0.350788,2.054e-01
abrupt_a_A_N200_s1.00_g1.60,abrupt,a,A,1.00,8167,5,21,1,0.802881,0.006775,0.975326,0.022263,2.41e-03,-8.092547e-01,3.854582e-01,-8.191057e-02,8.081078e-03,0.800474,0.802556,1.8859720,-2.4953e-16,1.8877161,2.45329e-02,1.000000,9.967e-01,0.350788,2.054e-01
abrupt_a_A_N200_s1.00_g1.60,abrupt,a,A,1.00,8167,5,21,2,0.667705,0.019453,0.964854,0.033143,2.00e-03,-7.434677e-01,3.397824e-01,-1.393687e-01,5.436570e-03,0.800474,0.802556,1.8859720,-2.4953e-16,1.8877161,2.45329e-02,1.000000,9.967e-01,0.350788,2.054e-01
abrupt_a_A_N200_s1.00_g1.60,abrupt,a,A,1.00,8167,10,12,1,0.650524,0.023601,0.750294,0.260382,-1.07e-02,-7.228855e-01,-3.570475e-01,-1.523298e-01,1.990425e-02,0.800474,0.802556,1.8859720,-2.4953e-16,1.8877161,2.45329e-02,1.000000,9.967e-01,0.350788,2.054e-01
abrupt_a_A_N200_s1.00_g1.60,abrupt,a,A,1.00,8167,10,12,2,0.798535,0.008869,0.910495,0.081740,7.77e-03,-8.020462e-01,-3.932823e-01,6.802855e-02,6.512361e-02,0.800474,0.802556,1.8859720,-2.4953e-16,1.8877161,2.45329e-02,1.000000,9.967e-01,0.350788,2.054e-01
abrupt_a_A_N200_s1.00_g1.60,abrupt,a,A,1.00,8167,10,21,1,0.793984,0.008124,0.977942,0.019699,2.36e-03,-8.129509e-01,3.656201e-01,-8.828941e-02,1.813117e-02,0.800474,0.802556,1.8859720,-2.4953e-16,1.8877161,2.45329e-02,1.000000,9.967e-01,0.350788,2.054e-01
abrupt_a_A_N200_s1.00_g1.60,abrupt,a,A,1.00,8167,10,21,2,0.646511,0.021370,0.975342,0.027086,-2.43e-03,-7.345215e-01,3.278181e-01,-1.455247e-01,1.389137e-02,0.800474,0.802556,1.8859720,-2.4953e-16,1.8877161,2.45329e-02,1.000000,9.967e-01,0.350788,2.054e-01
abrupt_a_A_N200_s1.00_g1.60,abrupt,a,A,1.00,8167,15,12,1,0.657692,0.024923,0.786608,0.262210,-4.88e-02,-7.200898e-01,-3.723969e-01,-1.218651e-01,1.003602e-01,0.800474,0.802556,1.8859720,-2.4953e-16,1.8877161,2.45329e-02,1.000000,9.967e-01,0.350788,2.054e-01
abrupt_a_A_N200_s1.00_g1.60,abrupt,a,A,1.00,8167,15,12,2,0.785746,0.009161,0.894462,0.090510,1.50e-02,-7.912898e-01,-3.987847e-01,3.285541e-02,8.989887e-02,0.800474,0.802556,1.8859720,-2.4953e-16,1.8877161,2.45329e-02,1.000000,9.967e-01,0.350788,2.054e-01
abrupt_a_A_N200_s1.00_g1.60,abrupt,a,A,1.00,8167,15,21,1,0.781075,0.008341,0.977885,0.019301,2.81e-03,-8.102165e-01,3.538338e-01,-8.878129e-02,2.142457e-02,0.800474,0.802556,1.8859720,-2.4953e-16,1.8877161,2.45329e-02,1.000000,9.967e-01,0.350788,2.054e-01
abrupt_a_A_N200_s1.00_g1.60,abrupt,a,A,1.00,8167,15,21,2,0.653672,0.021752,0.980268,0.029417,-9.69e-03,-7.445716e-01,3.158574e-01,-1.464845e-01,1.714321e-02,0.800474,0.802556,1.8859720,-2.4953e-16,1.8877161,2.45329e-02,1.000000,9.967e-01,0.350788,2.054e-01
abrupt_a_A_N200_s1.00_g1.60,abrupt,a,A,1.00,8167,20,12,1,0.694555,0.022606,0.833778,0.192054,-2.58e-02,-7.317842e-01,-3.981667e-01,-5.086500e-02,1.414872e-01,0.800474,0.802556,1.8859720,-2.4953e-16,1.8877161,2.45329e-02,1.000000,9.967e-01,0.350788,2.054e-01
abrupt_a_A_N200_s1.00_g1.60,abrupt,a,A,1.00,8167,20,12,2,0.781168,0.010022,0.885611,0.102059,1.23e-02,-7.881469e-01,-3.992723e-01,2.345325e-02,9.732531e-02,0.800474,0.802556,1.8859720,-2.4953e-16,1.8877161,2.45329e-02,1.000000,9.967e-01,0.350788,2.054e-01
abrupt_a_A_N200_s1.00_g1.60,abrupt,a,A,1.00,8167,20,21,1,0.776813,0.008868,0.979859,0.019467,6.74e-04,-8.087377e-01,3.511794e-01,-9.103894e-02,2.408099e-02,0.800474,0.802556,1.8859720,-2.4953e-16,1.8877161,2.45329e-02,1.000000,9.967e-01,0.350788,2.054e-01
abrupt_a_A_N200_s1.00_g1.60,abrupt,a,A,1.00,8167,20,21,2,0.690785,0.020693,0.978514,0.030145,-8.66e-03,-7.721042e-01,3.084607e-01,-1.415933e-01,2.538025e-02,0.800474,0.802556,1.8859720,-2.4953e-16,1.8877161,2.45329e-02,1.000000,9.967e-01,0.350788,2.054e-01
abrupt_a_A_N200_s1.00_g1.60,abrupt,a,A,1.00,8167,30,12,1,0.707668,0.021553,0.850185,0.170017,-2.02e-02,-7.380430e-01,-4.030398e-01,-2.888473e-02,1.439395e-01,0.800474,0.802556,1.8859720,-2.4953e-16,1.8877161,2.45329e-02,1.000000,9.967e-01,0.350788,2.054e-01
abrupt_a_A_N200_s1.00_g1.60,abrupt,a,A,1.00,8167,30,12,2,0.769993,0.013714,0.881877,0.111047,7.08e-03,-7.887496e-01,-3.837994e-01,2.460095e-02,1.144949e-01,0.800474,0.802556,1.8859720,-2.4953e-16,1.8877161,2.45329e-02,1.000000,9.967e-01,0.350788,2.054e-01
abrupt_a_A_N200_s1.00_g1.60,abrupt,a,A,1.00,8167,30,21,1,0.766080,0.011449,0.981532,0.020705,-2.24e-03,-7.974032e-01,3.616502e-01,-1.000983e-01,3.781227e-02,0.800474,0.802556,1.8859720,-2.4953e-16,1.8877161,2.45329e-02,1.000000,9.967e-01,0.350788,2.054e-01
abrupt_a_A_N200_s1.00_g1.60,abrupt,a,A,1.00,8167,30,21,2,0.704034,0.020402,0.977296,0.031177,-8.47e-03,-7.799417e-01,3.102300e-01,-1.400381e-01,2.812984e-02,0.800474,0.802556,1.8859720,-2.4953e-16,1.8877161,2.45329e-02,1.000000,9.967e-01,0.350788,2.054e-01
abrupt_a_A_N200_s1.00_g1.60,abrupt,a,A,1.00,8167,40,12,1,0.689510,0.024297,0.837886,0.186708,-2.46e-02,-7.295728e-01,-3.958876e-01,-3.673326e-02,1.514864e-01,0.800474,0.802556,1.8859720,-2.4953e-16,1.8877161,2.45329e-02,1.000000,9.967e-01,0.350788,2.054e-01
abrupt_a_A_N200_s1.00_g1.60,abrupt,a,A,1.00,8167,40,12,2,0.764337,0.014815,0.873520,0.111537,1.49e-02,-7.895636e-01,-3.746525e-01,2.313659e-02,1.194975e-01,0.800474,0.802556,1.8859720,-2.4953e-16,1.8877161,2.45329e-02,1.000000,9.967e-01,0.350788,2.054e-01
abrupt_a_A_N200_s1.00_g1.60,abrupt,a,A,1.00,8167,40,21,1,0.760594,0.011188,0.980108,0.020342,-4.50e-04,-7.909251e-01,3.682263e-01,-9.335207e-02,4.973647e-02,0.800474,0.802556,1.8859720,-2.4953e-16,1.8877161,2.45329e-02,1.000000,9.967e-01,0.350788,2.054e-01
abrupt_a_A_N200_s1.00_g1.60,abrupt,a,A,1.00,8167,40,21,2,0.685928,0.021602,0.974950,0.032129,-7.08e-03,-7.690133e-01,3.083037e-01,-1.433880e-01,3.227540e-02,0.800474,0.802556,1.8859720,-2.4953e-16,1.8877161,2.45329e-02,1.000000,9.967e-01,0.350788,2.054e-01
abrupt_a_A_N200_s1.00_g1.60,abrupt,a,A,1.00,8167,50,12,1,0.691409,0.027873,0.850833,0.182739,-3.36e-02,-7.235806e-01,-4.090629e-01,-2.109453e-02,1.656145e-01,0.800474,0.802556,1.8859720,-2.4953e-16,1.8877161,2.45329e-02,1.000000,9.967e-01,0.350788,2.054e-01
abrupt_a_A_N200_s1.00_g1.60,abrupt,a,A,1.00,8167,50,12,2,0.756499,0.017828,0.866615,0.120358,1.30e-02,-7.889227e-01,-3.654366e-01,1.826716e-02,1.322642e-01,0.800474,0.802556,1.8859720,-2.4953e-16,1.8877161,2.45329e-02,1.000000,9.967e-01,0.350788,2.054e-01
abrupt_a_A_N200_s1.00_g1.60,abrupt,a,A,1.00,8167,50,21,1,0.752689,0.011155,0.976723,0.020058,3.22e-03,-7.833256e-01,3.736893e-01,-8.852178e-02,5.760856e-02,0.800474,0.802556,1.8859720,-2.4953e-16,1.8877161,2.45329e-02,1.000000,9.967e-01,0.350788,2.054e-01
abrupt_a_A_N200_s1.00_g1.60,abrupt,a,A,1.00,8167,50,21,2,0.688201,0.027733,0.981631,0.041072,-2.27e-02,-7.755115e-01,2.954462e-01,-1.597028e-01,4.720560e-02,0.800474,0.802556,1.8859720,-2.4953e-16,1.8877161,2.45329e-02,1.000000,9.967e-01,0.350788,2.054e-01
abrupt_a_A_N200_s1.00_g1.60,abrupt,a,A,1.00,8167,60,12,1,0.708537,0.007889,0.931736,0.073897,-5.63e-03,-7.496179e-01,-3.822166e-01,7.903698e-03,8.846502e-02,0.800474,0.802556,1.8859720,-2.4953e-16,1.8877161,2.45329e-02,1.000000,9.967e-01,0.350788,2.054e-01
abrupt_a_A_N200_s1.00_g1.60,abrupt,a,A,1.00,8167,60,12,2,0.744507,0.018212,0.879632,0.119152,1.22e-03,-7.856340e-01,-3.560048e-01,4.877985e-03,1.348639e-01,0.800474,0.802556,1.8859720,-2.4953e-16,1.8877161,2.45329e-02,1.000000,9.967e-01,0.350788,2.054e-01
abrupt_a_A_N200_s1.00_g1.60,abrupt,a,A,1.00,8167,60,21,1,0.741136,0.016769,0.947076,0.057273,-4.35e-03,-7.742320e-01,3.771549e-01,-1.071930e-01,7.265652e-02,0.800474,0.802556,1.8859720,-2.4953e-16,1.8877161,2.45329e-02,1.000000,9.967e-01,0.350788,2.054e-01
abrupt_a_A_N200_s1.00_g1.60,abrupt,a,A,1.00,8167,60,21,2,0.705330,0.021445,0.964901,0.041489,-6.39e-03,-7.714853e-01,3.326551e-01,-1.435511e-01,2.895217e-02,0.800474,0.802556,1.8859720,-2.4953e-16,1.8877161,2.45329e-02,1.000000,9.967e-01,0.350788,2.054e-01
abrupt_a_A_N200_s1.00_g1.60,abrupt,a,A,1.00,8167,80,12,1,0.706409,0.013062,0.925432,0.095737,-2.12e-02,-7.491908e-01,-3.802674e-01,-2.295162e-03,1.142643e-01,0.800474,0.802556,1.8859720,-2.4953e-16,1.8877161,2.45329e-02,1.000000,9.967e-01,0.350788,2.054e-01
abrupt_a_A_N200_s1.00_g1.60,abrupt,a,A,1.00,8167,80,12,2,0.745861,0.016631,0.880234,0.113396,6.37e-03,-7.862655e-01,-3.565100e-01,1.210200e-02,1.283913e-01,0.800474,0.802556,1.8859720,-2.4953e-16,1.8877161,2.45329e-02,1.000000,9.967e-01,0.350788,2.054e-01
abrupt_a_A_N200_s1.00_g1.60,abrupt,a,A,1.00,8167,80,21,1,0.742481,0.017057,0.948742,0.057616,-6.36e-03,-7.751173e-01,3.771202e-01,-1.118868e-01,6.736853e-02,0.800474,0.802556,1.8859720,-2.4953e-16,1.8877161,2.45329e-02,1.000000,9.967e-01,0.350788,2.054e-01
abrupt_a_A_N200_s1.00_g1.60,abrupt,a,A,1.00,8167,80,21,2,0.703147,0.020239,0.968927,0.038604,-7.53e-03,-7.697315e-01,3.334326e-01,-1.375897e-01,3.616170e-02,0.800474,0.802556,1.8859720,-2.4953e-16,1.8877161,2.45329e-02,1.000000,9.967e-01,0.350788,2.054e-01
abrupt_a_A_N200_s1.00_g1.60,abrupt,a,A,1.00,8167,100,12,1,0.711403,0.007894,0.936820,0.064029,-8.49e-04,-7.561760e-01,-3.729316e-01,8.408195e-03,8.845166e-02,0.800474,0.802556,1.8859720,-2.4953e-16,1.8877161,2.45329e-02,1.000000,9.967e-01,0.350788,2.054e-01
abrupt_a_A_N200_s1.00_g1.60,abrupt,a,A,1.00,8167,100,12,2,0.715056,0.024341,0.871584,0.121247,7.17e-03,-7.734585e-01,-3.410178e-01,3.334792e-02,1.524107e-01,0.800474,0.802556,1.8859720,-2.4953e-16,1.8877161,2.45329e-02,1.000000,9.967e-01,0.350788,2.054e-01
abrupt_a_A_N200_s1.00_g1.60,abrupt,a,A,1.00,8167,100,21,1,0.711833,0.017101,0.930505,0.062043,7.45e-03,-7.549588e-01,3.773506e-01,-1.152551e-01,6.178156e-02,0.800474,0.802556,1.8859720,-2.4953e-16,1.8877161,2.45329e-02,1.000000,9.967e-01,0.350788,2.054e-01
abrupt_a_A_N200_s1.00_g1.60,abrupt,a,A,1.00,8167,100,21,2,0.707941,0.021214,0.981132,0.048096,-2.92e-02,-7.682525e-01,3.438748e-01,-1.355940e-01,5.318099e-02,0.800474,0.802556,1.8859720,-2.4953e-16,1.8877161,2.45329e-02,1.000000,9.967e-01,0.350788,2.054e-01
abrupt_a_A_N200_s1.00_g1.60,abrupt,a,A,1.00,8167,120,12,1,0.708005,0.011839,0.931042,0.070165,-1.21e-03,-7.636418e-01,-3.526140e-01,8.810631e-03,1.084503e-01,0.800474,0.802556,1.8859720,-2.4953e-16,1.8877161,2.45329e-02,1.000000,9.967e-01,0.350788,2.054e-01
abrupt_a_A_N200_s1.00_g1.60,abrupt,a,A,1.00,8167,120,12,2,0.735652,0.019054,0.895361,0.102975,1.66e-03,-7.810706e-01,-3.536103e-01,2.670213e-02,1.354290e-01,0.800474,0.802556,1.8859720,-2.4953e-16,1.8877161,2.45329e-02,1.000000,9.967e-01,0.350788,2.054e-01
abrupt_a_A_N200_s1.00_g1.60,abrupt,a,A,1.00,8167,120,21,1,0.732281,0.020563,0.943258,0.066558,-9.82e-03,-7.694562e-01,3.751747e-01,-1.281806e-01,6.428615e-02,0.800474,0.802556,1.8859720,-2.4953e-16,1.8877161,2.45329e-02,1.000000,9.967e-01,0.350788,2.054e-01
abrupt_a_A_N200_s1.00_g1.60,abrupt,a,A,1.00,8167,120,21,2,0.704832,0.020794,0.965122,0.044333,-9.45e-03,-7.577087e-01,3.622530e-01,-1.217229e-01,7.731488e-02,0.800474,0.802556,1.8859720,-2.4953e-16,1.8877161,2.45329e-02,1.000000,9.967e-01,0.350788,2.054e-01
abrupt_a_A_N200_s1.00_g1.60,abrupt,a,A,1.00,8167,150,12,1,0.695610,0.014960,0.927073,0.071454,1.47e-03,-7.615235e-01,-3.393841e-01,3.031498e-02,1.184948e-01,0.800474,0.802556,1.8859720,-2.4953e-16,1.8877161,2.45329e-02,1.000000,9.967e-01,0.350788,2.054e-01
abrupt_a_A_N200_s1.00_g1.60,abrupt,a,A,1.00,8167,150,12,2,0.734820,0.018278,0.902411,0.094624,2.96e-03,-7.822948e-01,-3.497077e-01,2.009121e-02,1.336953e-01,0.800474,0.802556,1.8859720,-2.4953e-16,1.8877161,2.45329e-02,1.000000,9.967e-01,0.350788,2.054e-01
abrupt_a_A_N200_s1.00_g1.60,abrupt,a,A,1.00,8167,150,21,1,0.731399,0.020424,0.937054,0.072439,-9.49e-03,-7.672406e-01,3.785211e-01,-1.271563e-01,6.523615e-02,0.800474,0.802556,1.8859720,-2.4953e-16,1.8877161,2.45329e-02,1.000000,9.967e-01,0.350788,2.054e-01
abrupt_a_A_N200_s1.00_g1.60,abrupt,a,A,1.00,8167,150,21,2,0.692086,0.024566,0.950209,0.066601,-1.68e-02,-7.458653e-01,3.691612e-01,-1.162628e-01,1.051140e-01,0.800474,0.802556,1.8859720,-2.4953e-16,1.8877161,2.45329e-02,1.000000,9.967e-01,0.350788,2.054e-01
abrupt_a_A_N200_s1.00_g1.60,abrupt,a,A,1.00,8167,200,12,1,0.712319,0.017213,0.918862,0.080442,6.95e-04,-7.709399e-01,-3.427056e-01,2.643438e-02,1.285094e-01,0.800474,0.802556,1.8859720,-2.4953e-16,1.8877161,2.45329e-02,1.000000,9.967e-01,0.350788,2.054e-01
abrupt_a_A_N200_s1.00_g1.60,abrupt,a,A,1.00,8167,200,12,2,0.726538,0.018594,0.908609,0.089967,1.42e-03,-7.804513e-01,-3.419066e-01,2.875038e-02,1.332950e-01,0.800474,0.802556,1.8859720,-2.4953e-16,1.8877161,2.45329e-02,1.000000,9.967e-01,0.350788,2.054e-01
abrupt_a_A_N200_s1.00_g1.60,abrupt,a,A,1.00,8167,200,21,1,0.723292,0.021720,0.939001,0.070426,-9.43e-03,-7.600907e-01,3.822112e-01,-1.279230e-01,7.318093e-02,0.800474,0.802556,1.8859720,-2.4953e-16,1.8877161,2.45329e-02,1.000000,9.967e-01,0.350788,2.054e-01
abrupt_a_A_N200_s1.00_g1.60,abrupt,a,A,1.00,8167,200,21,2,0.709067,0.022727,0.955625,0.051973,-7.60e-03,-7.545730e-01,3.744427e-01,-1.169945e-01,9.507439e-02,0.800474,0.802556,1.8859720,-2.4953e-16,1.8877161,2.45329e-02,1.000000,9.967e-01,0.350788,2.054e-01
abrupt_a_A_N300_s0.70_g1.60,abrupt,a,A,0.70,15979,5,12,1,0.674793,0.014732,0.893002,0.110720,-3.72e-03,-1.165868e-01,8.125425e-01,-1.200409e-01,1.793547e-02,0.803842,0.805909,1.8863923,6.5136e-16,1.8875275,2.43992e-02,1.000000,9.967e-01,0.172016,1.587e-01
abrupt_a_A_N300_s0.70_g1.60,abrupt,a,A,0.70,15979,5,12,2,0.810602,0.003705,0.988916,0.013962,-2.88e-03,-1.137425e-01,8.924643e-01,6.053889e-02,-6.350871e-03,0.803842,0.805909,1.8863923,6.5136e-16,1.8875275,2.43992e-02,1.000000,9.967e-01,0.172016,1.587e-01
abrupt_a_A_N300_s0.70_g1.60,abrupt,a,A,0.70,15979,5,21,1,0.805477,0.006770,0.975306,0.022253,2.44e-03,-1.226106e-01,-8.897246e-01,-8.188371e-02,8.070168e-03,0.803842,0.805909,1.8863923,6.5136e-16,1.8875275,2.43992e-02,1.000000,9.967e-01,0.172016,1.587e-01
abrupt_a_A_N300_s0.70_g1.60,abrupt,a,A,0.70,15979,5,21,2,0.670540,0.019522,0.964752,0.033212,2.04e-03,-9.907749e-02,-8.134457e-01,-1.396148e-01,5.416027e-03,0.803842,0.805909,1.8863923,6.5136e-16,1.8875275,2.43992e-02,1.000000,9.967e-01,0.172016,1.587e-01
abrupt_a_A_N300_s0.70_g1.60,abrupt,a,A,0.70,15979,10,12,1,0.653421,0.022891,0.751964,0.258232,-1.02e-02,-1.212229e-01,7.986120e-01,-1.501964e-01,1.823194e-02,0.803842,0.805909,1.8863923,6.5136e-16,1.8875275,2.43992e-02,1.000000,9.967e-01,0.172016,1.587e-01
abrupt_a_A_N300_s0.70_g1.60,abrupt,a,A,0.70,15979,10,12,2,0.800613,0.008637,0.911504,0.080862,7.63e-03,-1.326567e-01,8.842272e-01,6.665801e-02,6.475710e-02,0.803842,0.805909,1.8863923,6.5136e-16,1.8875275,2.43992e-02,1.000000,9.967e-01,0.172016,1.587e-01
abrupt_a_A_N300_s0.70_g1.60,abrupt,a,A,0.70,15979,10,21,1,0.795667,0.008187,0.977722,0.019930,2.35e-03,-1.022185e-01,-8.867749e-01,-8.860034e-02,1.834605e-02,0.803842,0.805909,1.8863923,6.5136e-16,1.8875275,2.43992e-02,1.000000,9.967e-01,0.172016,1.587e-01
abrupt_a_A_N300_s0.70_g1.60,abrupt,a,A,0.70,15979,10,21,2,0.649245,0.021475,0.975126,0.027242,-2.37e-03,-9.093740e-02,-8.011959e-01,-1.458909e-01,1.382049e-02,0.803842,0.805909,1.8863923,6.5136e-16,1.8875275,2.43992e-02,1.000000,9.967e-01,0.172016,1.587e-01
abrupt_a_A_N300_s0.70_g1.60,abrupt,a,A,0.70,15979,15,12,1,0.663753,0.023173,0.790828,0.245513,-3.63e-02,-1.392683e-01,8.021211e-01,-1.140767e-01,1.007964e-01,0.803842,0.805909,1.8863923,6.5136e-16,1.8875275,2.43992e-02,1.000000,9.967e-01,0.172016,1.587e-01
abrupt_a_A_N300_s0.70_g1.60,abrupt,a,A,0.70,15979,15,12,2,0.786016,0.009046,0.894836,0.092242,1.29e-02,-1.410385e-01,8.746360e-01,2.980246e-02,9.032102e-02,0.803842,0.805909,1.8863923,6.5136e-16,1.8875275,2.43992e-02,1.000000,9.967e-01,0.172016,1.587e-01
abrupt_a_A_N300_s0.70_g1.60,abrupt,a,A,0.70,15979,15,21,1,0.781077,0.008492,0.977965,0.019769,2.27e-03,-9.164451e-02,-8.796641e-01,-8.959701e-02,2.155558e-02,0.803842,0.805909,1.8863923,6.5136e-16,1.8875275,2.43992e-02,1.000000,9.967e-01,0.172016,1.587e-01
abrupt_a_A_N300_s0.70_g1.60,abrupt,a,A,0.70,15979,15,21,2,0.659556,0.021796,0.978584,0.029678,-8.26e-03,-7.444242e-02,-8.093016e-01,-1.464958e-01,1.830671e-02,0.803842,0.805909,1.8863923,6.5136e-16,1.8875275,2.43992e-02,1.000000,9.967e-01,0.172016,1.587e-01
abrupt_a_A_N300_s0.70_g1.60,abrupt,a,A,0.70,15979,20,12,1,0.695187,0.022132,0.832770,0.193540,-2.63e-02,-1.574967e-01,8.181548e-01,-5.328947e-02,1.388976e-01,0.803842,0.805909,1.8863923,6.5136e-16,1.8875275,2.43992e-02,1.000000,9.967e-01,0.172016,1.587e-01
abrupt_a_A_N300_s0.70_g1.60,abrupt,a,A,0.70,15979,20,12,2,0.783245,0.009738,0.886484,0.101355,1.22e-02,-1.424163e-01,8.728289e-01,2.228009e-02,9.613554e-02,0.803842,0.805909,1.8863923,6.5136e-16,1.8875275,2.43992e-02,1.000000,9.967e-01,0.172016,1.587e-01
abrupt_a_A_N300_s0.70_g1.60,abrupt,a,A,0.70,15979,20,21,1,0.778463,0.008909,0.979652,0.019654,6.94e-04,-8.985458e-02,-8.783597e-01,-9.129283e-02,2.396709e-02,0.803842,0.805909,1.8863923,6.5136e-16,1.8875275,2.43992e-02,1.000000,9.967e-01,0.172016,1.587e-01
abrupt_a_A_N300_s0.70_g1.60,abrupt,a,A,0.70,15979,20,21,2,0.691016,0.020897,0.978274,0.030412,-8.69e-03,-6.100120e-02,-8.296354e-01,-1.423263e-01,2.529804e-02,0.803842,0.805909,1.8863923,6.5136e-16,1.8875275,2.43992e-02,1.000000,9.967e-01,0.172016,1.587e-01
abrupt_a_A_N300_s0.70_g1.60,abrupt,a,A,0.70,15979,30,12,1,0.708039,0.021163,0.849200,0.171407,-2.06e-02,-1.608040e-01,8.253227e-01,-3.153757e-02,1.420158e-01,0.803842,0.805909,1.8863923,6.5136e-16,1.8875275,2.43992e-02,1.000000,9.967e-01,0.172016,1.587e-01
abrupt_a_A_N300_s0.70_g1.60,abrupt,a,A,0.70,15979,30,12,2,0.772671,0.012861,0.883100,0.109986,6.91e-03,-1.296653e-01,8.687582e-01,2.283380e-02,1.110836e-01,0.803842,0.805909,1.8863923,6.5136e-16,1.8875275,2.43992e-02,1.000000,9.967e-01,0.172016,1.587e-01
abrupt_a_A_N300_s0.70_g1.60,abrupt,a,A,0.70,15979,30,21,1,0.768086,0.011325,0.981315,0.020780,-2.09e-03,-1.011301e-01,-8.711891e-01,-1.002804e-01,3.561431e-02,0.803842,0.805909,1.8863923,6.5136e-16,1.8875275,2.43992e-02,1.000000,9.967e-01,0.172016,1.587e-01
abrupt_a_A_N300_s0.70_g1.60,abrupt,a,A,0.70,15979,30,21,2,0.703888,0.020672,0.976954,0.031609,-8.56e-03,-5.969342e-02,-8.374624e-01,-1.409510e-01,2.836262e-02,0.803842,0.805909,1.8863923,6.5136e-16,1.8875275,2.43992e-02,1.000000,9.967e-01,0.172016,1.587e-01
abrupt_a_A_N300_s0.70_g1.60,abrupt,a,A,0.70,15979,40,12,1,0.704367,0.024017,0.851631,0.174359,-2.60e-02,-1.541060e-01,8.243784e-01,-2.149748e-02,1.534756e-01,0.803842,0.805909,1.8863923,6.5136e-16,1.8875275,2.43992e-02,1.000000,9.967e-01,0.172016,1.587e-01
abrupt_a_A_N300_s0.70_g1.60,abrupt,a,A,0.70,15979,40,12,2,0.769185,0.013941,0.876449,0.110648,1.29e-02,-1.196634e-01,8.681899e-01,1.767444e-02,1.167436e-01,0.803842,0.805909,1.8863923,6.5136e-16,1.8875275,2.43992e-02,1.000000,9.967e-01,0.172016,1.587e-01
abrupt_a_A_N300_s0.70_g1.60,abrupt,a,A,0.70,15979,40,21,1,0.764798,0.011272,0.981765,0.020572,-2.34e-03,-1.106632e-01,-8.681352e-01,-9.412849e-02,4.911218e-02,0.803842,0.805909,1.8863923,6.5136e-16,1.8875275,2.43992e-02,1.000000,9.967e-01,0.172016,1.587e-01
abrupt_a_A_N300_s0.70_g1.60,abrupt,a,A,0.70,15979,40,21,2,0.700289,0.020936,0.975976,0.031557,-7.53e-03,-6.595560e-02,-8.348370e-01,-1.419105e-01,2.823936e-02,0.803842,0.805909,1.8863923,6.5136e-16,1.8875275,2.43992e-02,1.000000,9.967e-01,0.172016,1.587e-01
abrupt_a_A_N300_s0.70_g1.60,abrupt,a,A,0.70,15979,50,12,1,0.694473,0.026425,0.850173,0.181893,-3.21e-02,-1.637147e-01,8.164963e-01,-2.561777e-02,1.605263e-01,0.803842,0.805909,1.8863923,6.5136e-16,1.8875275,2.43992e-02,1.000000,9.967e-01,0.172016,1.587e-01
abrupt_a_A_N300_s0.70_g1.60,abrupt,a,A,0.70,15979,50,12,2,0.767597,0.016366,0.875537,0.119039,5.42e-03,-1.116128e-01,8.683488e-01,1.070695e-02,1.274809e-01,0.803842,0.805909,1.8863923,6.5136e-16,1.8875275,2.43992e-02,1.000000,9.967e-01,0.172016,1.587e-01
abrupt_a_A_N300_s0.70_g1.60,abrupt,a,A,0.70,15979,50,21,1,0.763224,0.011577,0.981773,0.020449,-2.22e-03,-1.185137e-01,-8.661887e-01,-9.118512e-02,5.711594e-02,0.803842,0.805909,1.8863923,6.5136e-16,1.8875275,2.43992e-02,1.000000,9.967e-01,0.172016,1.587e-01
abrupt_a_A_N300_s0.70_g1.60,abrupt,a,A,0.70,15979,50,21,2,0.690488,0.024124,0.986268,0.036426,-2.27e-02,-5.464120e-02,-8.297602e-01,-1.498577e-01,4.082774e-02,0.803842,0.805909,1.8863923,6.5136e-16,1.8875275,2.43992e-02,1.000000,9.967e-01,0.172016,1.587e-01
abrupt_a_A_N300_s0.70_g1.60,abrupt,a,A,0.70,15979,60,12,1,0.709176,0.007396,0.929026,0.072975,-2.00e-03,-1.391144e-01,8.299386e-01,6.610681e-03,8.574768e-02,0.803842,0.805909,1.8863923,6.5136e-16,1.8875275,2.43992e-02,1.000000,9.967e-01,0.172016,1.587e-01
abrupt_a_A_N300_s0.70_g1.60,abrupt,a,A,0.70,15979,60,12,2,0.746088,0.017391,0.879117,0.118638,2.25e-03,-1.032866e-01,8.569375e-01,3.802277e-03,1.318209e-01,0.803842,0.805909,1.8863923,6.5136e-16,1.8875275,2.43992e-02,1.000000,9.967e-01,0.172016,1.587e-01
abrupt_a_A_N300_s0.70_g1.60,abrupt,a,A,0.70,15979,60,21,1,0.741997,0.016340,0.946228,0.057056,-3.28e-03,-1.235618e-01,-8.531141e-01,-1.063018e-01,7.099355e-02,0.803842,0.805909,1.8863923,6.5136e-16,1.8875275,2.43992e-02,1.000000,9.967e-01,0.172016,1.587e-01
abrupt_a_A_N300_s0.70_g1.60,abrupt,a,A,0.70,15979,60,21,2,0.705265,0.020985,0.963502,0.039286,-2.79e-03,-8.192272e-02,-8.364057e-01,-1.421398e-01,2.794880e-02,0.803842,0.805909,1.8863923,6.5136e-16,1.8875275,2.43992e-02,1.000000,9.967e-01,0.172016,1.587e-01
abrupt_a_A_N300_s0.70_g1.60,abrupt,a,A,0.70,15979,80,12,1,0.712998,0.009286,0.923872,0.076153,-2.47e-05,-1.399410e-01,8.320958e-01,5.322821e-03,9.621777e-02,0.803842,0.805909,1.8863923,6.5136e-16,1.8875275,2.43992e-02,1.000000,9.967e-01,0.172016,1.587e-01
abrupt_a_A_N300_s0.70_g1.60,abrupt,a,A,0.70,15979,80,12,2,0.748948,0.017059,0.883361,0.116106,5.33e-04,-1.065351e-01,8.582049e-01,9.817940e-03,1.302404e-01,0.803842,0.805909,1.8863923,6.5136e-16,1.8875275,2.43992e-02,1.000000,9.967e-01,0.172016,1.587e-01
abrupt_a_A_N300_s0.70_g1.60,abrupt,a,A,0.70,15979,80,21,1,0.744892,0.017160,0.947688,0.057182,-4.87e-03,-1.207731e-01,-8.552100e-01,-1.119082e-01,6.809509e-02,0.803842,0.805909,1.8863923,6.5136e-16,1.8875275,2.43992e-02,1.000000,9.967e-01,0.172016,1.587e-01
abrupt_a_A_N300_s0.70_g1.60,abrupt,a,A,0.70,15979,80,21,2,0.709003,0.020407,0.970411,0.035338,-5.75e-03,-8.170140e-02,-8.386620e-01,-1.389731e-01,3.306900e-02,0.803842,0.805909,1.8863923,6.5136e-16,1.8875275,2.43992e-02,1.000000,9.967e-01,0.172016,1.587e-01
abrupt_a_A_N300_s0.70_g1.60,abrupt,a,A,0.70,15979,100,12,1,0.715020,0.008254,0.932869,0.069596,-2.47e-03,-1.309654e-01,8.347662e-01,4.433056e-03,9.074195e-02,0.803842,0.805909,1.8863923,6.5136e-16,1.8875275,2.43992e-02,1.000000,9.967e-01,0.172016,1.587e-01
abrupt_a_A_N300_s0.70_g1.60,abrupt,a,A,0.70,15979,100,12,2,0.722636,0.025008,0.874600,0.116170,9.23e-03,-7.189587e-02,8.464175e-01,1.761060e-02,1.571552e-01,0.803842,0.805909,1.8863923,6.5136e-16,1.8875275,2.43992e-02,1.000000,9.967e-01,0.172016,1.587e-01
abrupt_a_A_N300_s0.70_g1.60,abrupt,a,A,0.70,15979,100,21,1,0.718686,0.015613,0.917524,0.074265,8.21e-03,-1.510980e-01,-8.348027e-01,-9.237896e-02,8.413640e-02,0.803842,0.805909,1.8863923,6.5136e-16,1.8875275,2.43992e-02,1.000000,9.967e-01,0.172016,1.587e-01
abrupt_a_A_N300_s0.70_g1.60,abrupt,a,A,0.70,15979,100,21,2,0.711138,0.021405,0.964841,0.055442,-2.03e-02,-9.112362e-02,-8.389657e-01,-1.428677e-01,3.152261e-02,0.803842,0.805909,1.8863923,6.5136e-16,1.8875275,2.43992e-02,1.000000,9.967e-01,0.172016,1.587e-01
abrupt_a_A_N300_s0.70_g1.60,abrupt,a,A,0.70,15979,120,12,1,0.706782,0.011513,0.931641,0.071281,-2.92e-03,-1.065323e-01,8.333135e-01,6.072251e-03,1.071244e-01,0.803842,0.805909,1.8863923,6.5136e-16,1.8875275,2.43992e-02,1.000000,9.967e-01,0.172016,1.587e-01
abrupt_a_A_N300_s0.70_g1.60,abrupt,a,A,0.70,15979,120,12,2,0.736345,0.019097,0.892272,0.106890,8.37e-04,-1.009006e-01,8.515281e-01,2.369473e-02,1.361452e-01,0.803842,0.805909,1.8863923,6.5136e-16,1.8875275,2.43992e-02,1.000000,9.967e-01,0.172016,1.587e-01
abrupt_a_A_N300_s0.70_g1.60,abrupt,a,A,0.70,15979,120,21,1,0.732208,0.020516,0.943986,0.065770,-9.76e-03,-1.244243e-01,-8.472230e-01,-1.284532e-01,6.336646e-02,0.803842,0.805909,1.8863923,6.5136e-16,1.8875275,2.43992e-02,1.000000,9.967e-01,0.172016,1.587e-01
abrupt_a_A_N300_s0.70_g1.60,abrupt,a,A,0.70,15979,120,21,2,0.702735,0.019702,0.967624,0.042931,-1.06e-02,-1.141751e-01,-8.310935e-01,-1.181863e-01,7.572201e-02,0.803842,0.805909,1.8863923,6.5136e-16,1.8875275,2.43992e-02,1.000000,9.967e-01,0.172016,1.587e-01
abrupt_a_A_N300_s0.70_g1.60,abrupt,a,A,0.70,15979,150,12,1,0.700097,0.012594,0.930751,0.072448,-3.20e-03,-9.465552e-02,8.307381e-01,2.207951e-02,1.100314e-01,0.803842,0.805909,1.8863923,6.5136e-16,1.8875275,2.43992e-02,1.000000,9.967e-01,0.172016,1.587e-01
abrupt_a_A_N300_s0.70_g1.60,abrupt,a,A,0.70,15979,150,12,2,0.736789,0.016832,0.911847,0.086349,1.80e-03,-9.541356e-02,8.524203e-01,2.384387e-02,1.275286e-01,0.803842,0.805909,1.8863923,6.5136e-16,1.8875275,2.43992e-02,1.000000,9.967e-01,0.172016,1.587e-01
abrupt_a_A_N300_s0.70_g1.60,abrupt,a,A,0.70,15979,150,21,1,0.732714,0.020656,0.936557,0.072920,-9.48e-03,-1.298868e-01,-8.467017e-01,-1.278949e-01,6.556419e-02,0.803842,0.805909,1.8863923,6.5136e-16,1.8875275,2.43992e-02,1.000000,9.967e-01,0.172016,1.587e-01
abrupt_a_A_N300_s0.70_g1.60,abrupt,a,A,0.70,15979,150,21,2,0.696035,0.021898,0.966711,0.057728,-2.44e-02,-1.252158e-01,-8.254474e-01,-1.125578e-01,9.606384e-02,0.803842,0.805909,1.8863923,6.5136e-16,1.8875275,2.43992e-02,1.000000,9.967e-01,0.172016,1.587e-01
abrupt_a_A_N300_s0.70_g1.60,abrupt,a,A,0.70,15979,200,12,1,0.715185,0.016971,0.919826,0.080018,1.56e-04,-9.303791e-02,8.399378e-01,2.507178e-02,1.278383e-01,0.803842,0.805909,1.8863923,6.5136e-16,1.8875275,2.43992e-02,1.000000,9.967e-01,0.172016,1.587e-01
abrupt_a_A_N300_s0.70_g1.60,abrupt,a,A,0.70,15979,200,12,2,0.730162,0.017957,0.909530,0.089677,7.93e-04,-9.100766e-02,8.490136e-01,2.623839e-02,1.314106e-01,0.803842,0.805909,1.8863923,6.5136e-16,1.8875275,2.43992e-02,1.000000,9.967e-01,0.172016,1.587e-01
abrupt_a_A_N300_s0.70_g1.60,abrupt,a,A,0.70,15979,200,21,1,0.726125,0.021592,0.938353,0.071105,-9.46e-03,-1.333218e-01,-8.422599e-01,-1.279843e-01,7.219421e-02,0.803842,0.805909,1.8863923,6.5136e-16,1.8875275,2.43992e-02,1.000000,9.967e-01,0.172016,1.587e-01
abrupt_a_A_N300_s0.70_g1.60,abrupt,a,A,0.70,15979,200,21,2,0.711203,0.022886,0.956938,0.051093,-8.03e-03,-1.290106e-01,-8.340196e-01,-1.176923e-01,9.505196e-02,0.803842,0.805909,1.8863923,6.5136e-16,1.8875275,2.43992e-02,1.000000,9.967e-01,0.172016,1.587e-01
abrupt_a_A_N300_s0.70_g1.60,abrupt,a,A,0.70,15979,250,12,1,0.713050,0.017285,0.918449,0.081511,3.99e-05,-9.213519e-02,8.387670e-01,2.746859e-02,1.285722e-01,0.803842,0.805909,1.8863923,6.5136e-16,1.8875275,2.43992e-02,1.000000,9.967e-01,0.172016,1.587e-01
abrupt_a_A_N300_s0.70_g1.60,abrupt,a,A,0.70,15979,250,12,2,0.727270,0.018798,0.909915,0.089280,8.05e-04,-8.728800e-02,8.477024e-01,2.829960e-02,1.341526e-01,0.803842,0.805909,1.8863923,6.5136e-16,1.8875275,2.43992e-02,1.000000,9.967e-01,0.172016,1.587e-01
abrupt_a_A_N300_s0.70_g1.60,abrupt,a,A,0.70,15979,250,21,1,0.723254,0.022090,0.939847,0.069816,-9.66e-03,-1.365395e-01,-8.400343e-01,-1.270227e-01,7.717128e-02,0.803842,0.805909,1.8863923,6.5136e-16,1.8875275,2.43992e-02,1.000000,9.967e-01,0.172016,1.587e-01
abrupt_a_A_N300_s0.70_g1.60,abrupt,a,A,0.70,15979,250,21,2,0.709077,0.022067,0.958362,0.050286,-8.65e-03,-1.295897e-01,-8.326523e-01,-1.153611e-01,9.358600e-02,0.803842,0.805909,1.8863923,6.5136e-16,1.8875275,2.43992e-02,1.000000,9.967e-01,0.172016,1.587e-01
abrupt_a_A_N300_s0.70_g1.60,abrupt,a,A,0.70,15979,300,12,1,0.718196,0.017410,0.923039,0.080538,-3.58e-03,-8.913320e-02,8.421481e-01,2.750085e-02,1.290507e-01,0.803842,0.805909,1.8863923,6.5136e-16,1.8875275,2.43992e-02,1.000000,9.967e-01,0.172016,1.587e-01
abrupt_a_A_N300_s0.70_g1.60,abrupt,a,A,0.70,15979,300,12,2,0.727410,0.019160,0.909189,0.089929,8.82e-04,-8.739983e-02,8.477737e-01,2.850923e-02,1.354525e-01,0.803842,0.805909,1.8863923,6.5136e-16,1.8875275,2.43992e-02,1.000000,9.967e-01,0.172016,1.587e-01
abrupt_a_A_N300_s0.70_g1.60,abrupt,a,A,0.70,15979,300,21,1,0.723302,0.022243,0.937866,0.071828,-9.69e-03,-1.364672e-01,-8.400748e-01,-1.275644e-01,7.726469e-02,0.803842,0.805909,1.8863923,6.5136e-16,1.8875275,2.43992e-02,1.000000,9.967e-01,0.172016,1.587e-01
abrupt_a_A_N300_s0.70_g1.60,abrupt,a,A,0.70,15979,300,21,2,0.714014,0.025889,0.930939,0.085388,-1.63e-02,-1.333405e-01,-8.350259e-01,-1.197738e-01,1.074379e-01,0.803842,0.805909,1.8863923,6.5136e-16,1.8875275,2.43992e-02,1.000000,9.967e-01,0.172016,1.587e-01
