case,z_um,p_z
sync405_fwd_a,-0.8000,1.000162224e+00
sync405_fwd_a,-0.5500,9.986572243e-01
sync405_fwd_a,-0.3000,9.981555600e-01
sync405_fwd_a,-0.1000,9.978052336e-01
sync405_fwd_a,0.1500,9.497149123e-01
sync405_fwd_a,0.5000,8.437420529e-01
sync405_fwd_a,1.0000,7.643042432e-01
sync405_fwd_a,1.5000,6.851703251e-01
sync405_fwd_a,2.0000,6.161669333e-01
sync405_fwd_a,2.5000,5.561675361e-01
sync405_fwd_a,2.8000,5.230446379e-01
sync405_rev_a,-0.8000,-4.981891741e-01
sync405_rev_a,-0.5500,-4.994190933e-01
sync405_rev_a,-0.3000,-5.017327644e-01
sync405_rev_a,-0.1000,-5.025637216e-01
sync405_rev_a,0.1500,-5.349591194e-01
sync405_rev_a,0.5000,-5.874800899e-01
sync405_rev_a,1.0000,-6.579260719e-01
sync405_rev_a,1.5000,-7.306212220e-01
sync405_rev_a,2.0000,-8.115104562e-01
sync405_rev_a,2.5000,-9.010834003e-01
sync405_rev_a,2.8000,-9.587824940e-01
sync405_fwd_c,-0.8000,9.995447813e-01
sync405_fwd_c,-0.5500,9.988343331e-01
sync405_fwd_c,-0.3000,9.991389166e-01
sync405_fwd_c,-0.1000,9.991069143e-01
sync405_fwd_c,0.1500,9.756740435e-01
sync405_fwd_c,0.5000,9.229263896e-01
sync405_fwd_c,1.0000,8.671732030e-01
sync405_fwd_c,1.5000,8.148136381e-01
sync405_fwd_c,2.0000,7.669698858e-01
sync405_fwd_c,2.5000,7.215437860e-01
sync405_fwd_c,2.8000,6.954466623e-01
sync405_rev_c,-0.8000,-6.752314642e-01
sync405_rev_c,-0.5500,-6.751872531e-01
sync405_rev_c,-0.3000,-6.760869730e-01
sync405_rev_c,-0.1000,-6.764355513e-01
sync405_rev_c,0.1500,-6.969814301e-01
sync405_rev_c,0.5000,-7.326178055e-01
sync405_rev_c,1.0000,-7.809380227e-01
sync405_rev_c,1.5000,-8.305132232e-01
sync405_rev_c,2.0000,-8.832135549e-01
sync405_rev_c,2.5000,-9.397967468e-01
sync405_rev_c,2.8000,-9.750266786e-01
shared450_fwd_a,-0.8000,1.000214806e+00
shared450_fwd_a,-0.5500,9.992532487e-01
shared450_fwd_a,-0.3000,9.983297595e-01
shared450_fwd_a,-0.1000,9.977451738e-01
shared450_fwd_a,0.1500,9.521081087e-01
shared450_fwd_a,0.5000,8.415563686e-01
shared450_fwd_a,1.0000,7.615436447e-01
shared450_fwd_a,1.5000,6.814056245e-01
shared450_fwd_a,2.0000,6.126334916e-01
shared450_fwd_a,2.5000,5.529042427e-01
shared450_fwd_a,2.8000,5.198686783e-01
shared450_rev_a,-0.8000,-4.950035206e-01
shared450_rev_a,-0.5500,-4.967161654e-01
shared450_rev_a,-0.3000,-4.990426989e-01
shared450_rev_a,-0.1000,-4.998010810e-01
shared450_rev_a,0.1500,-5.315593492e-01
shared450_rev_a,0.5000,-5.849975427e-01
shared450_rev_a,1.0000,-6.560245221e-01
shared450_rev_a,1.5000,-7.292532762e-01
shared450_rev_a,2.0000,-8.109721873e-01
shared450_rev_a,2.5000,-9.007029660e-01
shared450_rev_a,2.8000,-9.584023153e-01
abrupt_fwd_a,-0.8000,9.793341994e-01
abrupt_fwd_a,-0.5500,9.721331640e-01
abrupt_fwd_a,-0.3000,9.602178841e-01
abrupt_fwd_a,-0.1000,9.534335078e-01
abrupt_fwd_a,0.1500,9.172165037e-01
abrupt_fwd_a,0.5000,7.694064119e-01
abrupt_fwd_a,1.0000,6.723986550e-01
abrupt_fwd_a,1.5000,5.888969633e-01
abrupt_fwd_a,2.0000,5.192154603e-01
abrupt_fwd_a,2.5000,4.595781604e-01
abrupt_fwd_a,2.8000,4.279024329e-01
abrupt_rev_a,-0.8000,-4.046879243e-01
abrupt_rev_a,-0.5500,-4.065051650e-01
abrupt_rev_a,-0.3000,-4.086645722e-01
abrupt_rev_a,-0.1000,-4.105074838e-01
abrupt_rev_a,0.1500,-4.323627511e-01
abrupt_rev_a,0.5000,-5.035661564e-01
abrupt_rev_a,1.0000,-5.890291256e-01
abrupt_rev_a,1.5000,-6.752454432e-01
abrupt_rev_a,2.0000,-7.662565342e-01
abrupt_rev_a,2.5000,-8.604636390e-01
abrupt_rev_a,2.8000,-9.237694415e-01
sync405_rev_a_m80,-0.8000,-5.045460355e-01
sync405_rev_a_m80,-0.5500,-5.060066366e-01
sync405_rev_a_m80,-0.3000,-5.079985768e-01
sync405_rev_a_m80,-0.1000,-5.089782854e-01
sync405_rev_a_m80,0.1500,-5.373764277e-01
sync405_rev_a_m80,0.5000,-5.895726331e-01
sync405_rev_a_m80,1.0000,-6.592245526e-01
sync405_rev_a_m80,1.5000,-7.317813442e-01
sync405_rev_a_m80,2.0000,-8.125509451e-01
sync405_rev_a_m80,2.5000,-9.009542299e-01
sync405_rev_a_m80,2.8000,-9.584437595e-01
sync405_rev_a_lf250,-2.4000,-4.978181175e-01
sync405_rev_a_lf250,-2.1000,-4.986301397e-01
sync405_rev_a_lf250,-1.8000,-4.993597636e-01
sync405_rev_a_lf250,-1.5000,-5.002646617e-01
sync405_rev_a_lf250,-1.2000,-5.009473489e-01
sync405_rev_a_lf250,-0.9000,-5.020450513e-01
sync405_rev_a_lf250,-0.6000,-5.028576345e-01
sync405_rev_a_lf250,-0.3000,-5.048217544e-01
sync405_rev_a_lf250,-0.1000,-5.063033906e-01
sync405_rev_a_lf250,0.1500,-5.417187483e-01
sync405_rev_a_lf250,0.5000,-5.913682638e-01
sync405_rev_a_lf250,1.0000,-6.602555233e-01
sync405_rev_a_lf250,1.5000,-7.324972110e-01
sync405_rev_a_lf250,2.0000,-8.131975333e-01
sync405_rev_a_lf250,2.5000,-9.020541259e-01
sync405_rev_a_lf250,2.8000,-9.587842792e-01
sync405_fwd_a_lf250,-2.4000,1.000293108e+00
sync405_fwd_a_lf250,-2.1000,9.993340648e-01
sync405_fwd_a_lf250,-1.8000,9.983738541e-01
sync405_fwd_a_lf250,-1.5000,9.974570477e-01
sync405_fwd_a_lf250,-1.2000,9.965275637e-01
sync405_fwd_a_lf250,-0.9000,9.959562615e-01
sync405_fwd_a_lf250,-0.6000,9.947235841e-01
sync405_fwd_a_lf250,-0.3000,9.940279222e-01
sync405_fwd_a_lf250,-0.1000,9.934979548e-01
sync405_fwd_a_lf250,0.1500,9.510435720e-01
sync405_fwd_a_lf250,0.5000,8.426334538e-01
sync405_fwd_a_lf250,1.0000,7.628995172e-01
sync405_fwd_a_lf250,1.5000,6.846292440e-01
sync405_fwd_a_lf250,2.0000,6.156566689e-01
sync405_fwd_a_lf250,2.5000,5.556749645e-01
sync405_fwd_a_lf250,2.8000,5.218788010e-01
sync405_fwd_a_m80,-0.8000,9.999963748e-01
sync405_fwd_a_m80,-0.5500,9.988882530e-01
sync405_fwd_a_m80,-0.3000,9.977141101e-01
sync405_fwd_a_m80,-0.1000,9.975833450e-01
sync405_fwd_a_m80,0.1500,9.590498073e-01
sync405_fwd_a_m80,0.5000,8.516843854e-01
sync405_fwd_a_m80,1.0000,7.717461080e-01
sync405_fwd_a_m80,1.5000,6.919179081e-01
sync405_fwd_a_m80,2.0000,6.230400292e-01
sync405_fwd_a_m80,2.5000,5.624431228e-01
sync405_fwd_a_m80,2.8000,5.292503002e-01
sync405_fwd_a_m70,-0.8000,9.996069016e-01
sync405_fwd_a_m70,-0.5500,9.987421081e-01
sync405_fwd_a_m70,-0.3000,9.978435559e-01
sync405_fwd_a_m70,-0.1000,9.973701132e-01
sync405_fwd_a_m70,0.1500,9.607270272e-01
sync405_fwd_a_m70,0.5000,8.531656773e-01
sync405_fwd_a_m70,1.0000,7.735190234e-01
sync405_fwd_a_m70,1.5000,6.943463436e-01
sync405_fwd_a_m70,2.0000,6.252162693e-01
sync405_fwd_a_m70,2.5000,5.648513823e-01
sync405_fwd_a_m70,2.8000,5.313208073e-01
sync405_rev_a_m70,-0.8000,-5.067036302e-01
sync405_rev_a_m70,-0.5500,-5.082796437e-01
sync405_rev_a_m70,-0.3000,-5.104149406e-01
sync405_rev_a_m70,-0.1000,-5.112667364e-01
sync405_rev_a_m70,0.1500,-5.388738618e-01
sync405_rev_a_m70,0.5000,-5.909898254e-01
sync405_rev_a_m70,1.0000,-6.605175582e-01
sync405_rev_a_m70,1.5000,-7.333890931e-01
sync405_rev_a_m70,2.0000,-8.137101678e-01
sync405_rev_a_m70,2.5000,-9.017508829e-01
sync405_rev_a_m70,2.8000,-9.583344660e-01
sync405_fwd_c_m70,-0.8000,9.992318531e-01
sync405_fwd_c_m70,-0.5500,9.991086618e-01
sync405_fwd_c_m70,-0.3000,9.988822901e-01
sync405_fwd_c_m70,-0.1000,9.984761949e-01
sync405_fwd_c_m70,0.1500,9.703578243e-01
sync405_fwd_c_m70,0.5000,9.177572624e-01
sync405_fwd_c_m70,1.0000,8.639215932e-01
sync405_fwd_c_m70,1.5000,8.142030059e-01
sync405_fwd_c_m70,2.0000,7.677927507e-01
sync405_fwd_c_m70,2.5000,7.231027989e-01
sync405_fwd_c_m70,2.8000,6.978513690e-01
sync405_rev_c_m70,-0.8000,-6.785659229e-01
sync405_rev_c_m70,-0.5500,-6.789123007e-01
sync405_rev_c_m70,-0.3000,-6.794830939e-01
sync405_rev_c_m70,-0.1000,-6.796090835e-01
sync405_rev_c_m70,0.1500,-7.048746664e-01
sync405_rev_c_m70,0.5000,-7.389841222e-01
sync405_rev_c_m70,1.0000,-7.857134887e-01
sync405_rev_c_m70,1.5000,-8.349097603e-01
sync405_rev_c_m70,2.0000,-8.866679363e-01
sync405_rev_c_m70,2.5000,-9.407979386e-01
sync405_rev_c_m70,2.8000,-9.749083289e-01
abrupt_fwd_a_m70,-0.8000,9.783211071e-01
abrupt_fwd_a_m70,-0.5500,9.711907836e-01
abrupt_fwd_a_m70,-0.3000,9.595266794e-01
abrupt_fwd_a_m70,-0.1000,9.518210986e-01
abrupt_fwd_a_m70,0.1500,9.172299727e-01
abrupt_fwd_a_m70,0.5000,7.711189453e-01
abrupt_fwd_a_m70,1.0000,6.750216650e-01
abrupt_fwd_a_m70,1.5000,5.915031568e-01
abrupt_fwd_a_m70,2.0000,5.222035002e-01
abrupt_fwd_a_m70,2.5000,4.630868077e-01
abrupt_fwd_a_m70,2.8000,4.312973685e-01
shared450_fwd_a_m70,-0.8000,9.995725412e-01
shared450_fwd_a_m70,-0.5500,9.987258227e-01
shared450_fwd_a_m70,-0.3000,9.978538488e-01
shared450_fwd_a_m70,-0.1000,9.977317628e-01
shared450_fwd_a_m70,0.1500,9.598279844e-01
shared450_fwd_a_m70,0.5000,8.500549187e-01
shared450_fwd_a_m70,1.0000,7.696256740e-01
shared450_fwd_a_m70,1.5000,6.900271944e-01
shared450_fwd_a_m70,2.0000,6.212252741e-01
shared450_fwd_a_m70,2.5000,5.612263349e-01
shared450_fwd_a_m70,2.8000,5.278865361e-01
abrupt_rev_a,-0.8000,-2.652907330e-01
abrupt_rev_a,-0.5500,-2.664221911e-01
abrupt_rev_a,-0.3000,-2.683796501e-01
abrupt_rev_a,-0.1000,-2.697512220e-01
abrupt_rev_a,0.1500,-2.844798286e-01
abrupt_rev_a,0.5000,-3.314449922e-01
abrupt_rev_a,1.0000,-3.884737664e-01
abrupt_rev_a,1.5000,-4.454473171e-01
abrupt_rev_a,2.0000,-5.055783611e-01
abrupt_rev_a,2.5000,-5.679271248e-01
abrupt_rev_a,3.0000,-6.350932116e-01
abrupt_rev_a,3.5000,-7.110807491e-01
abrupt_rev_a,4.0000,-7.951166190e-01
abrupt_rev_a,4.5000,-8.857441715e-01
abrupt_rev_a,4.8000,-9.448492816e-01
sync405_rev_a,-0.8000,-3.299839070e-01
sync405_rev_a,-0.5500,-3.308779036e-01
sync405_rev_a,-0.3000,-3.323359355e-01
sync405_rev_a,-0.1000,-3.328679925e-01
sync405_rev_a,0.1500,-3.540392393e-01
sync405_rev_a,0.5000,-3.885269519e-01
sync405_rev_a,1.0000,-4.349840418e-01
sync405_rev_a,1.5000,-4.836242597e-01
sync405_rev_a,2.0000,-5.371068008e-01
sync405_rev_a,2.5000,-5.959298695e-01
sync405_rev_a,3.0000,-6.611085517e-01
sync405_rev_a,3.5000,-7.326567434e-01
sync405_rev_a,4.0000,-8.130455622e-01
sync405_rev_a,4.5000,-9.014202566e-01
sync405_rev_a,4.8000,-9.593713525e-01
