metal,table,nG,lambda_nm,Re_eps_metal,Im_eps_metal,Re_eps_eff,Im_eps_eff,R,T,A,R_dB
Ag,lerer,221,400.0,-3.772571,0.674700,1.202570,0.567340,0.0008965,0.0000001,0.9991035,-30.475
Ag,lerer,221,405.0,-4.010171,0.695460,1.012937,0.666868,0.0011550,0.0000000,0.9988450,-29.374
Ag,lerer,221,410.0,-4.254971,0.716220,0.793548,0.793236,0.0028953,0.0000000,0.9971047,-25.383
Ag,lerer,221,415.0,-4.494888,0.727434,0.545837,0.938323,0.0073425,0.0000000,0.9926575,-21.342
Ag,lerer,221,420.0,-4.724844,0.723760,0.265398,1.095136,0.0164636,0.0000000,0.9835364,-17.835
Ag,lerer,221,425.0,-4.960045,0.723492,-0.061631,1.304974,0.0318174,0.0000000,0.9681826,-14.973
Ag,lerer,221,430.0,-5.182243,0.725676,-0.413987,1.565761,0.0507885,0.0000000,0.9492115,-12.942
Ag,lerer,221,435.0,-5.394620,0.735648,-0.784393,1.905520,0.0703970,0.0000000,0.9296030,-11.524
Ag,lerer,221,440.0,-5.611227,0.745436,-1.205749,2.361945,0.0904716,0.0000000,0.9095284,-10.435
Ag,lerer,221,445.0,-5.837216,0.750510,-1.700869,2.995178,0.1100292,0.0000000,0.8899708,-9.585
Ag,lerer,221,450.0,-6.078099,0.745940,-2.300188,3.921866,0.1282481,0.0000000,0.8717519,-8.919
Ag,lerer,221,455.0,-6.323752,0.740586,-2.893324,5.308807,0.1397828,0.0000000,0.8602172,-8.545
Ag,lerer,221,460.0,-6.569040,0.734162,-3.249736,7.357804,0.1423789,0.0000000,0.8576211,-8.466
Ag,lerer,221,465.0,-6.802944,0.731360,-2.805366,10.069425,0.1342357,0.0000000,0.8657643,-8.721
Ag,lerer,221,470.0,-7.041153,0.722704,-0.755309,13.254447,0.1179988,0.0000000,0.8820012,-9.281
Ag,lerer,221,475.0,-7.283115,0.718732,3.608311,15.152064,0.0942553,0.0000000,0.9057447,-10.257
Ag,lerer,221,480.0,-7.523355,0.719452,8.307417,13.933988,0.0695914,0.0000000,0.9304086,-11.574
Ag,lerer,221,485.0,-7.755783,0.730456,10.815354,10.879660,0.0494609,0.0000000,0.9505391,-13.057
Ag,lerer,221,490.0,-7.992000,0.735800,11.566533,7.973415,0.0352043,0.0000000,0.9647957,-14.534
Ag,lerer,221,495.0,-8.231484,0.746720,11.321166,5.789706,0.0257221,0.0000000,0.9742779,-15.897
Ag,lerer,221,500.0,-8.491989,0.758420,10.713118,4.194108,0.0194130,0.0000000,0.9805870,-17.119
Ag,lerer,221,505.0,-8.762469,0.770380,10.037284,3.108364,0.0147031,0.0000000,0.9852969,-18.326
Ag,lerer,221,510.0,-9.037181,0.782340,9.416590,2.373360,0.0104786,0.0000000,0.9895214,-19.797
Ag,lerer,221,515.0,-9.316125,0.794300,8.876819,1.860848,0.0067725,0.0000001,0.9932274,-21.692
Ag,lerer,221,520.0,-9.574768,0.799026,8.459655,1.510947,0.0040074,0.0000015,0.9959911,-23.971
Ag,lerer,221,525.0,-9.824128,0.809346,8.107746,1.265369,0.0021066,0.0000110,0.9978824,-26.764
Ag,lerer,221,530.0,-10.076688,0.819666,7.801014,1.073639,0.0010057,0.0000543,0.9989400,-29.975
Ag,lerer,221,535.0,-10.332448,0.829986,7.532492,0.921418,0.0006347,0.0001966,0.9991687,-31.974
Ag,lerer,221,540.0,-10.591665,0.833792,7.298964,0.793189,0.0008812,0.0005926,0.9985261,-30.549
Ag,lerer,221,545.0,-10.860928,0.831096,7.088976,0.681521,0.0015823,0.0015681,0.9968496,-28.007
Ag,lerer,221,550.0,-11.126868,0.827824,6.906120,0.591879,0.0028160,0.0034616,0.9937224,-25.504
Ag,lerer,221,555.0,-11.402512,0.831234,6.736456,0.519826,0.0040224,0.0065431,0.9894345,-23.955
Ag,lerer,221,560.0,-11.681759,0.827640,6.585501,0.455938,0.0057557,0.0115967,0.9826476,-22.399
Ag,lerer,221,565.0,-11.957200,0.830400,6.451344,0.406372,0.0081036,0.0180180,0.9738784,-20.913
Ag,lerer,221,570.0,-12.235600,0.840000,6.328739,0.366926,0.0075575,0.0255339,0.9669086,-21.216
Ag,lerer,221,575.0,-12.510121,0.849360,6.219929,0.333655,0.0116647,0.0337544,0.9545809,-19.331
Ag,lerer,221,580.0,-12.787684,0.858720,6.120398,0.304635,0.0159131,0.0381921,0.9458947,-17.982
Ag,lerer,221,585.0,-13.068289,0.868080,6.029046,0.279176,0.0097104,0.0497598,0.9405298,-20.128
Ag,lerer,221,590.0,-13.351936,0.877440,5.944935,0.256724,0.0163134,0.0573196,0.9263670,-17.875
Ag,lerer,221,595.0,-13.630752,0.901336,5.868208,0.241141,0.0194004,0.0701706,0.9104289,-17.122
Ag,lerer,221,600.0,-13.904985,0.925288,5.798925,0.227534,0.0192290,0.0845129,0.8962581,-17.160
Ag,lerer,221,605.0,-14.182199,0.942000,5.734874,0.213520,0.0204288,0.0879370,0.8916343,-16.898
Ag,lerer,221,610.0,-14.469507,0.966724,5.673182,0.202000,0.0150709,0.0996633,0.8852658,-18.219
Ag,lerer,221,615.0,-14.752008,0.991494,5.617075,0.191836,0.0167755,0.1216541,0.8615704,-17.753
Ag,lerer,221,620.0,-15.037239,1.016560,5.564530,0.182513,0.0359869,0.1279821,0.8360310,-14.439
Ag,lerer,221,625.0,-15.364660,1.035408,5.509159,0.171222,0.0394075,0.1355090,0.8250835,-14.044
Ag,lerer,221,630.0,-15.687680,1.054158,5.458673,0.161249,0.0185754,0.1631995,0.8182251,-17.311
Ag,lerer,221,635.0,-16.013791,1.081080,5.411151,0.153268,0.0089386,0.1812101,0.8098513,-20.487
Ag,lerer,221,640.0,-16.343529,1.100240,5.366805,0.144890,0.0319713,0.1758986,0.7921301,-14.952
Ag,lerer,221,645.0,-16.684800,1.119838,5.324138,0.137005,0.0450011,0.1976982,0.7573007,-13.468
Ag,lerer,221,650.0,-17.021063,1.147584,5.284755,0.130884,0.0404282,0.2396940,0.7198777,-13.933
Ag,lerer,221,655.0,-17.360961,1.167320,5.247803,0.124341,0.0257911,0.2596904,0.7145185,-15.885
Ag,lerer,221,660.0,-17.696081,1.178520,5.213885,0.117635,0.0232079,0.2401531,0.7366390,-16.344
Ag,lerer,221,665.0,-18.034401,1.189720,5.181745,0.111441,0.0168900,0.2518050,0.7313050,-17.724
Ag,lerer,221,670.0,-18.375921,1.200920,5.151251,0.105709,0.0100672,0.3097133,0.6802195,-19.971
Ag,lerer,221,675.0,-18.720641,1.212120,5.122285,0.100395,0.0253709,0.3483115,0.6263176,-15.957
Ag,lerer,221,680.0,-19.068561,1.223320,5.094739,0.095458,0.0566786,0.3411055,0.6022159,-12.466
Ag,lerer,221,685.0,-19.419681,1.234520,5.068515,0.090866,0.0712074,0.3260777,0.6027149,-11.475
Ag,lerer,221,690.0,-19.765104,1.245440,5.044133,0.086689,0.0590243,0.3514672,0.5895086,-12.290
Ag,lerer,221,695.0,-20.095344,1.264770,5.021919,0.083563,0.0277066,0.4090546,0.5632388,-15.574
Ag,lerer,221,700.0,-20.428320,1.284248,5.000642,0.080613,0.0028275,0.4371112,0.5600612,-25.486
Ag,lerer,221,705.0,-20.773151,1.304160,4.979711,0.077739,0.0130515,0.4063598,0.5805887,-18.843
Ag,lerer,221,710.0,-21.111673,1.323936,4.960168,0.075107,0.0269610,0.3906473,0.5823918,-15.693
Ag,lerer,221,715.0,-21.452931,1.343860,4.941406,0.072615,0.0426577,0.4303108,0.5270315,-13.700
Ag,lerer,221,720.0,-21.796925,1.363932,4.923382,0.070253,0.0531154,0.4830594,0.4638253,-12.748
Ag,lerer,221,725.0,-22.143655,1.384152,4.906053,0.068011,0.0612810,0.4983853,0.4403337,-12.127
Ag,lerer,221,730.0,-22.493416,1.395030,4.889451,0.065441,0.0594131,0.4873342,0.4532528,-12.261
Ag,lerer,221,735.0,-22.855480,1.406202,4.873041,0.062944,0.0603198,0.4504551,0.4892252,-12.195
Ag,lerer,221,740.0,-23.230368,1.408024,4.856899,0.060114,0.0385415,0.4797944,0.4816641,-14.141
Ag,lerer,221,745.0,-23.598284,1.419120,4.841698,0.057895,0.0114938,0.5580570,0.4304491,-19.395
Ag,lerer,221,750.0,-23.969379,1.420420,4.827103,0.055413,0.0007721,0.5924597,0.4067683,-31.123
Cu,lerer,221,400.0,0.932500,6.798000,3.389744,0.649447,0.0018799,0.0000080,0.9981122,-27.259
Cu,lerer,221,405.0,0.652308,6.769231,3.382171,0.675893,0.0016579,0.0000059,0.9983362,-27.804
Cu,lerer,221,410.0,0.372115,6.740462,3.375102,0.703770,0.0019977,0.0000043,0.9979980,-26.995
Cu,lerer,221,415.0,0.091923,6.711692,3.368643,0.733149,0.0021809,0.0000031,0.9978160,-26.614
Cu,lerer,221,420.0,-0.188269,6.682923,3.362916,0.764101,0.0022574,0.0000022,0.9977405,-26.464
Cu,lerer,221,425.0,-0.468462,6.654154,3.358056,0.796696,0.0022598,0.0000015,0.9977387,-26.459
Cu,lerer,221,430.0,-0.748654,6.625385,3.354220,0.830999,0.0022148,0.0000010,0.9977842,-26.547
Cu,lerer,221,435.0,-1.028846,6.596615,3.351583,0.867068,0.0021451,0.0000007,0.9978542,-26.686
Cu,lerer,221,440.0,-1.309038,6.567846,3.350341,0.904953,0.0020697,0.0000005,0.9979298,-26.841
Cu,lerer,221,445.0,-1.589231,6.539077,3.350714,0.944691,0.0020039,0.0000003,0.9979958,-26.981
Cu,lerer,221,450.0,-1.869423,6.510308,3.352946,0.986301,0.0019593,0.0000002,0.9980405,-27.079
Cu,lerer,221,455.0,-2.149615,6.481538,3.357306,1.029782,0.0019439,0.0000001,0.9980559,-27.113
Cu,lerer,221,460.0,-2.429808,6.452769,3.364088,1.075104,0.0019631,0.0000001,0.9980368,-27.071
Cu,lerer,221,465.0,-2.710000,6.424000,3.373612,1.122204,0.0020194,0.0000000,0.9979805,-26.948
Cu,lerer,221,470.0,-2.990192,6.395231,3.386219,1.170976,0.0021138,0.0000000,0.9978862,-26.749
Cu,lerer,221,475.0,-3.270385,6.366462,3.402270,1.221264,0.0022454,0.0000000,0.9977546,-26.487
Cu,lerer,221,480.0,-3.550577,6.337692,3.422141,1.272855,0.0024126,0.0000000,0.9975874,-26.175
Cu,lerer,221,485.0,-3.830769,6.308923,3.446213,1.325468,0.0026131,0.0000000,0.9973869,-25.828
Cu,lerer,221,490.0,-4.110962,6.280154,3.474860,1.378747,0.0028443,0.0000000,0.9971557,-25.460
Cu,lerer,221,495.0,-4.391154,6.251385,3.508442,1.432252,0.0031034,0.0000000,0.9968966,-25.082
Cu,lerer,221,500.0,-4.671346,6.222615,3.547280,1.485456,0.0033875,0.0000000,0.9966125,-24.701
Cu,lerer,221,505.0,-4.951538,6.193846,3.591641,1.537744,0.0036943,0.0000000,0.9963057,-24.325
Cu,lerer,221,510.0,-5.231731,6.165077,3.641715,1.588413,0.0040215,0.0000000,0.9959785,-23.956
Cu,lerer,221,515.0,-5.511923,6.136308,3.697588,1.636684,0.0043678,0.0000000,0.9956322,-23.597
Cu,lerer,221,520.0,-5.792115,6.107538,3.759222,1.681715,0.0047322,0.0000000,0.9952678,-23.249
Cu,lerer,221,525.0,-6.072308,6.078769,3.826430,1.722626,0.0051149,0.0000000,0.9948851,-22.912
Cu,lerer,221,530.0,-6.352500,6.050000,3.898859,1.758526,0.0055170,0.0000000,0.9944830,-22.583
Cu,lerer,221,535.0,-6.653000,5.991733,3.979965,1.798481,0.0059494,0.0000000,0.9940506,-22.255
Cu,lerer,221,540.0,-6.953500,5.933467,4.067135,1.831370,0.0064013,0.0000000,0.9935987,-21.937
Cu,lerer,221,545.0,-7.254000,5.875200,4.159477,1.856044,0.0068766,0.0000000,0.9931234,-21.626
Cu,lerer,221,550.0,-7.555200,5.823133,4.255889,1.869498,0.0073784,0.0000000,0.9926216,-21.320
Cu,lerer,221,555.0,-7.856400,5.771067,4.354494,1.872924,0.0079157,0.0000000,0.9920843,-21.015
Cu,lerer,221,560.0,-8.157600,5.719000,4.453713,1.865935,0.0084950,0.0000000,0.9915050,-20.708
Cu,lerer,221,565.0,-8.472633,5.633867,4.560319,1.856671,0.0091206,0.0000000,0.9908794,-20.400
Cu,lerer,221,570.0,-8.787667,5.548733,4.665917,1.835286,0.0097978,0.0000000,0.9902022,-20.089
Cu,lerer,221,575.0,-9.102700,5.463600,4.768454,1.802061,0.0105327,0.0000000,0.9894673,-19.775
Cu,lerer,221,580.0,-9.419433,5.386400,4.864642,1.755455,0.0113296,0.0000000,0.9886703,-19.458
Cu,lerer,221,585.0,-9.736167,5.309200,4.953693,1.699277,0.0121902,0.0000000,0.9878097,-19.140
Cu,lerer,221,590.0,-10.052900,5.232000,5.034355,1.635057,0.0131123,0.0000001,0.9868876,-18.823
Cu,lerer,221,595.0,-10.382467,5.120000,5.116961,1.566081,0.0140946,0.0000003,0.9859052,-18.509
Cu,lerer,221,600.0,-10.712033,5.008000,5.189395,1.490057,0.0151315,0.0000007,0.9848678,-18.201
Cu,lerer,221,605.0,-11.041600,4.896000,5.251074,1.409000,0.0162129,0.0000017,0.9837854,-17.901
Cu,lerer,221,610.0,-11.397433,4.798000,5.299228,1.317116,0.0173283,0.0000045,0.9826673,-17.612
Cu,lerer,221,615.0,-11.753267,4.700000,5.335543,1.225300,0.0184559,0.0000115,0.9815326,-17.339
Cu,lerer,221,620.0,-12.109100,4.602000,5.361039,1.135242,0.0195773,0.0000283,0.9803944,-17.082
Cu,lerer,221,625.0,-12.454067,4.462600,5.386859,1.049428,0.0207002,0.0000660,0.9792338,-16.840
Cu,lerer,221,630.0,-12.799033,4.323200,5.403381,0.965766,0.0217857,0.0001481,0.9780662,-16.618
Cu,lerer,221,635.0,-13.144000,4.183800,5.411660,0.885297,0.0228125,0.0003179,0.9768696,-16.418
Cu,lerer,221,640.0,-13.471467,4.207867,5.384228,0.824332,0.0236353,0.0005614,0.9758034,-16.264
Cu,lerer,221,645.0,-13.798933,4.231933,5.356334,0.769016,0.0244293,0.0009400,0.9746307,-16.121
Cu,lerer,221,650.0,-14.126400,4.256000,5.328349,0.718761,0.0251721,0.0015017,0.9733262,-15.991
Cu,lerer,221,655.0,-14.507100,3.937733,5.343393,0.638066,0.0261678,0.0031362,0.9706959,-15.822
Cu,lerer,221,660.0,-14.887800,3.619467,5.349025,0.559719,0.0269573,0.0063350,0.9667078,-15.693
Cu,lerer,221,665.0,-15.268500,3.301200,5.346358,0.484975,0.0272273,0.0122678,0.9605049,-15.650
Cu,lerer,221,670.0,-15.593167,3.280800,5.315272,0.450774,0.0266501,0.0167364,0.9566135,-15.743
Cu,lerer,221,675.0,-15.917833,3.260400,5.285192,0.419680,0.0262653,0.0222594,0.9514753,-15.806
Cu,lerer,221,680.0,-16.242500,3.240000,5.256150,0.391362,0.0269186,0.0289939,0.9440875,-15.699
Cu,lerer,221,685.0,-16.540833,3.297067,5.224972,0.374247,0.0291930,0.0342905,0.9365165,-15.347
Cu,lerer,221,690.0,-16.839167,3.354133,5.195495,0.358429,0.0316224,0.0398531,0.9285245,-15.000
Cu,lerer,221,695.0,-17.137500,3.411200,5.167588,0.343775,0.0319023,0.0458446,0.9222531,-14.962
Cu,lerer,221,700.0,-17.472333,3.472533,5.138147,0.328365,0.0290902,0.0532643,0.9176455,-15.363
Cu,lerer,221,705.0,-17.807167,3.533867,5.110361,0.314151,0.0251490,0.0612750,0.9135760,-15.995
Cu,lerer,221,710.0,-18.142000,3.595200,5.084099,0.301008,0.0235395,0.0693303,0.9071303,-16.282
Cu,lerer,221,715.0,-18.666400,3.645600,5.047797,0.279479,0.0258916,0.0832571,0.8908513,-15.868
Cu,lerer,221,720.0,-19.190800,3.696000,5.014131,0.260363,0.0311383,0.0988461,0.8700156,-15.067
Cu,lerer,221,725.0,-19.715200,3.746400,4.982844,0.243308,0.0363667,0.1162055,0.8474278,-14.393
Cu,lerer,221,730.0,-19.861867,3.790467,4.973438,0.240453,0.0386556,0.1211019,0.8402425,-14.128
Cu,lerer,221,735.0,-20.008533,3.834533,4.964249,0.237664,0.0385747,0.1250944,0.8363309,-14.137
Cu,lerer,221,740.0,-20.155200,3.878600,4.955270,0.234940,0.0357994,0.1289291,0.8352715,-14.461
Cu,lerer,221,745.0,-20.520800,3.913000,4.936131,0.224795,0.0297034,0.1416782,0.8286185,-15.272
Cu,lerer,221,750.0,-20.886400,3.947400,4.917868,0.215354,0.0224949,0.1564127,0.8210923,-16.479
Au,lerer,221,400.0,-1.080287,6.482184,3.336663,0.874587,0.0023546,0.0000001,0.9976453,-26.281
Au,lerer,221,405.0,-1.106735,6.450888,3.332566,0.878336,0.0020695,0.0000002,0.9979303,-26.841
Au,lerer,221,410.0,-1.136968,6.422874,3.328900,0.882620,0.0023403,0.0000002,0.9976595,-26.307
Au,lerer,221,415.0,-1.155336,6.385030,3.323776,0.885353,0.0024491,0.0000002,0.9975506,-26.110
Au,lerer,221,420.0,-1.154725,6.338148,3.317252,0.885483,0.0024458,0.0000003,0.9975540,-26.116
Au,lerer,221,425.0,-1.154088,6.291434,3.310701,0.885561,0.0023708,0.0000003,0.9976289,-26.251
Au,lerer,221,430.0,-1.157907,6.215876,3.300007,0.886273,0.0022434,0.0000004,0.9977563,-26.491
Au,lerer,221,435.0,-1.169163,6.108116,3.284497,0.887932,0.0020861,0.0000004,0.9979135,-26.807
Au,lerer,221,440.0,-1.180059,6.001220,3.268788,0.889322,0.0019239,0.0000005,0.9980756,-27.158
Au,lerer,221,445.0,-1.213967,5.851056,3.246048,0.893718,0.0017730,0.0000005,0.9982265,-27.513
Au,lerer,221,450.0,-1.270880,5.641512,3.212887,0.900809,0.0016483,0.0000005,0.9983512,-27.830
Au,lerer,221,455.0,-1.328000,5.431200,3.177888,0.907284,0.0015656,0.0000005,0.9984339,-28.053
Au,lerer,221,460.0,-1.388760,5.223062,3.141378,0.913672,0.0015334,0.0000005,0.9984661,-28.143
Au,lerer,221,465.0,-1.482016,4.993170,3.098071,0.924537,0.0015631,0.0000005,0.9984364,-28.060
Au,lerer,221,470.0,-1.570256,4.766190,3.052624,0.933814,0.0016443,0.0000004,0.9983552,-27.840
Au,lerer,221,475.0,-1.653480,4.542122,3.005035,0.941219,0.0017730,0.0000004,0.9982266,-27.513
Au,lerer,221,480.0,-1.839465,4.283928,2.941474,0.967668,0.0019844,0.0000003,0.9980153,-27.024
Au,lerer,221,485.0,-2.076192,3.998056,2.861355,1.005142,0.0022596,0.0000002,0.9977402,-26.460
Au,lerer,221,490.0,-2.299987,3.714084,2.772457,1.041361,0.0025677,0.0000001,0.9974322,-25.905
Au,lerer,221,495.0,-2.507808,3.420494,2.670603,1.073093,0.0028968,0.0000000,0.9971032,-25.381
Au,lerer,221,500.0,-2.860000,3.240450,2.575719,1.166158,0.0033874,0.0000000,0.9966126,-24.701
Au,lerer,221,505.0,-3.244969,3.062280,2.465697,1.289282,0.0040280,0.0000000,0.9959720,-23.949
Au,lerer,221,510.0,-3.622464,2.866360,2.333672,1.432955,0.0048605,0.0000000,0.9951395,-23.133
Au,lerer,221,515.0,-4.003443,2.647676,2.167569,1.609133,0.0060468,0.0000000,0.9939532,-22.185
Au,lerer,221,520.0,-4.433713,2.514816,2.028343,1.878739,0.0079040,0.0000000,0.9920960,-21.022
Au,lerer,221,525.0,-4.903829,2.413620,1.918026,2.266074,0.0106095,0.0000000,0.9893905,-19.743
Au,lerer,221,530.0,-5.382644,2.294160,1.835976,2.786649,0.0140558,0.0000000,0.9859442,-18.521
Au,lerer,221,535.0,-5.878575,2.163392,1.857324,3.505913,0.0175468,0.0000000,0.9824532,-17.558
Au,lerer,221,540.0,-6.359405,2.032188,2.117461,4.402861,0.0194423,0.0000000,0.9805577,-17.113
Au,lerer,221,545.0,-6.732000,1.982232,2.698456,5.070427,0.0183647,0.0000000,0.9816353,-17.360
Au,lerer,221,550.0,-7.117983,1.932856,3.621874,5.587037,0.0158499,0.0000000,0.9841501,-18.000
Au,lerer,221,555.0,-7.508200,1.871958,4.786886,5.761265,0.0128327,0.0000000,0.9871673,-18.917
Au,lerer,221,560.0,-7.907139,1.805540,5.977617,5.444745,0.0100513,0.0000000,0.9899487,-19.978
Au,lerer,221,565.0,-8.225647,1.747704,6.742161,4.896300,0.0084810,0.0000000,0.9915190,-20.716
Au,lerer,221,570.0,-8.317176,1.710410,6.964920,4.734642,0.0084660,0.0000000,0.9915340,-20.723
Au,lerer,221,575.0,-8.409027,1.672636,7.169318,4.554192,0.0086220,0.0000000,0.9913780,-20.644
Au,lerer,221,580.0,-8.500641,1.640240,7.337936,4.354630,0.0089748,0.0000000,0.9910252,-20.470
Au,lerer,221,585.0,-8.599041,1.602080,7.501848,4.132347,0.0094798,0.0000000,0.9905202,-20.232
Au,lerer,221,590.0,-8.691904,1.562880,7.639865,3.916424,0.0101825,0.0000000,0.9898175,-19.921
Au,lerer,221,595.0,-8.785089,1.523200,7.755189,3.694938,0.0110698,0.0000000,0.9889302,-19.559
Au,lerer,221,600.0,-8.878596,1.483040,7.848218,3.471011,0.0121419,0.0000000,0.9878581,-19.157
Au,lerer,221,605.0,-8.972425,1.442400,7.919827,3.247479,0.0133967,0.0000000,0.9866033,-18.730
Au,lerer,221,610.0,-9.066576,1.401280,7.971268,3.026829,0.0148298,0.0000000,0.9851702,-18.289
Au,lerer,221,615.0,-9.166671,1.366200,7.987797,2.804114,0.0164589,0.0000000,0.9835411,-17.836
Au,lerer,221,620.0,-9.261512,1.324134,8.003862,2.596588,0.0182171,0.0000000,0.9817829,-17.395
Au,lerer,221,625.0,-9.356675,1.281588,8.004917,2.396959,0.0201116,0.0000000,0.9798884,-16.966
Au,lerer,221,630.0,-9.452160,1.238562,7.992744,2.206188,0.0221180,0.0000001,0.9778820,-16.553
Au,lerer,221,635.0,-9.547967,1.195056,7.969082,2.024924,0.0242063,0.0000003,0.9757934,-16.161
Au,lerer,221,640.0,-9.644096,1.151070,7.935589,1.853546,0.0263430,0.0000011,0.9736560,-15.793
Au,lerer,221,645.0,-9.746800,1.106958,7.887132,1.685369,0.0285072,0.0000036,0.9714891,-15.450
Au,lerer,221,650.0,-9.843603,1.061996,7.838438,1.534721,0.0306326,0.0000109,0.9693565,-15.138
Au,lerer,221,655.0,-10.174411,1.054020,7.530535,1.233973,0.0327932,0.0000810,0.9671258,-14.842
Au,lerer,221,660.0,-10.757760,1.077152,7.059088,0.900388,0.0342991,0.0007647,0.9649362,-14.647
Au,lerer,221,665.0,-11.350560,1.099598,6.690184,0.683900,0.0344552,0.0035038,0.9620410,-14.627
Au,lerer,221,670.0,-11.965800,1.128938,6.389541,0.536460,0.0363335,0.0102809,0.9533856,-14.397
Au,lerer,221,675.0,-12.590460,1.150848,6.148861,0.429721,0.0320115,0.0230959,0.9448926,-14.947
Au,lerer,221,680.0,-13.238243,1.172724,5.947555,0.350217,0.0374096,0.0426188,0.9199716,-14.270
Au,lerer,221,685.0,-13.902224,1.194240,5.778972,0.290180,0.0362726,0.0709595,0.8927679,-14.404
Au,lerer,221,690.0,-14.536256,1.221120,5.644487,0.247951,0.0282931,0.0960207,0.8756862,-15.483
Au,lerer,221,695.0,-15.059856,1.242880,5.549135,0.220026,0.0229007,0.1271835,0.8499158,-16.402
Au,lerer,221,700.0,-15.592383,1.272544,5.463574,0.197647,0.0369020,0.1572800,0.8058181,-14.330
Au,lerer,221,705.0,-16.134479,1.294440,5.387019,0.177467,0.0533130,0.1779409,0.7687461,-12.732
Au,lerer,221,710.0,-16.685500,1.324512,5.317655,0.161118,0.0413476,0.2105268,0.7481255,-13.835
Au,lerer,221,715.0,-17.237781,1.346220,5.255872,0.146271,0.0151749,0.2528944,0.7319307,-18.189
Au,lerer,221,720.0,-17.807160,1.376698,5.198554,0.133951,0.0150826,0.2672009,0.7177165,-18.215
Au,lerer,221,725.0,-18.386112,1.398866,5.146358,0.122402,0.0308209,0.2876482,0.6815309,-15.112
Au,lerer,221,730.0,-18.956553,1.429096,5.099700,0.113197,0.0460386,0.3339627,0.6199988,-13.369
Au,lerer,221,735.0,-19.447344,1.456290,5.062974,0.106280,0.0564435,0.3654125,0.5781440,-12.484
Au,lerer,221,740.0,-19.944405,1.483708,5.028634,0.099988,0.0575612,0.3717495,0.5706893,-12.399
Au,lerer,221,745.0,-20.447736,1.511350,4.996463,0.094248,0.0503963,0.3693347,0.5802691,-12.976
Au,lerer,221,750.0,-20.957337,1.539216,4.966271,0.088996,0.0282554,0.4061052,0.5656393,-15.489
Ag,jc,221,400.0,-4.428049,0.210352,0.413270,0.274718,0.0109930,0.0000021,0.9890049,-19.589
Ag,jc,221,405.0,-4.708143,0.216799,0.014780,0.346819,0.0675455,0.0000000,0.9324545,-11.704
Ag,jc,221,410.0,-4.988238,0.223245,-0.476706,0.447470,0.1387042,0.0000000,0.8612958,-8.579
Ag,jc,221,415.0,-5.260739,0.224485,-1.081181,0.575999,0.1743928,0.0000000,0.8256072,-7.585
Ag,jc,221,420.0,-5.518501,0.215619,-1.822981,0.722122,0.2430713,0.0000000,0.7569287,-6.143
Ag,jc,221,425.0,-5.776262,0.206753,-2.805944,0.941289,0.2981606,0.0000000,0.7018394,-5.255
Ag,jc,221,430.0,-6.034024,0.197887,-4.168324,1.294176,0.3824016,0.0000000,0.6175984,-4.175
Ag,jc,221,435.0,-6.279991,0.200441,-6.023446,1.984868,0.4262726,0.0000000,0.5737274,-3.703
Ag,jc,221,440.0,-6.524648,0.204265,-8.827779,3.382076,0.4442601,0.0000000,0.5557399,-3.524
Ag,jc,221,445.0,-6.769305,0.208088,-13.388048,6.758792,0.4462454,0.0000000,0.5537546,-3.504
Ag,jc,221,450.0,-7.013962,0.211912,-20.177733,17.427999,0.3823282,0.0000000,0.6176718,-4.176
Ag,jc,221,455.0,-7.292140,0.227460,0.414950,47.648179,0.2688034,0.0000000,0.7311966,-5.706
Ag,jc,221,460.0,-7.577677,0.245582,26.299406,20.303774,0.1359366,0.0000000,0.8640634,-8.667
Ag,jc,221,465.0,-7.863213,0.263704,20.242349,7.659269,0.0766772,0.0000000,0.9233228,-11.153
Ag,jc,221,470.0,-8.148750,0.281826,15.861508,3.926478,0.0464408,0.0000000,0.9535592,-13.331
Ag,jc,221,475.0,-8.424922,0.290191,13.338821,2.384797,0.0325070,0.0000000,0.9674930,-14.880
Ag,jc,221,480.0,-8.697453,0.294763,11.698428,1.597992,0.0298252,0.0000012,0.9701736,-15.254
Ag,jc,221,485.0,-8.969983,0.299334,10.540381,1.147501,0.0279072,0.0000345,0.9720583,-15.543
Ag,jc,221,490.0,-9.242514,0.303906,9.684512,0.866121,0.0219887,0.0003285,0.9776828,-16.578
Ag,jc,221,495.0,-9.515044,0.308477,9.028238,0.678672,0.0155129,0.0015665,0.9829206,-18.093
Ag,jc,221,500.0,-9.807214,0.313088,8.476900,0.539097,0.0099386,0.0051754,0.9848860,-20.027
Ag,jc,221,505.0,-10.103694,0.317708,8.031151,0.438300,0.0062103,0.0125401,0.9812497,-22.069
Ag,jc,221,510.0,-10.400174,0.322328,7.668457,0.364176,0.0039006,0.0244223,0.9716771,-24.089
Ag,jc,221,515.0,-10.696654,0.326948,7.367735,0.308024,0.0008221,0.0409988,0.9581791,-30.851
Ag,jc,221,520.0,-10.993134,0.331568,7.114439,0.264428,0.0002934,0.0610395,0.9386671,-35.326
Ag,jc,221,525.0,-11.314303,0.346891,6.880457,0.234188,0.0007342,0.0838866,0.9153793,-31.342
Ag,jc,221,530.0,-11.640891,0.364562,6.677642,0.210485,0.0002751,0.1022469,0.8974780,-35.606
Ag,jc,221,535.0,-11.967479,0.382234,6.503113,0.190889,0.0028163,0.1280199,0.8691638,-25.503
Ag,jc,221,540.0,-12.294068,0.399905,6.351344,0.174450,0.0012824,0.1449149,0.8538028,-28.920
Ag,jc,221,545.0,-12.620656,0.417577,6.218156,0.160483,0.0054639,0.1725270,0.8220091,-22.625
Ag,jc,221,550.0,-12.940464,0.428440,6.102980,0.146541,0.0133589,0.1910461,0.7955950,-18.742
Ag,jc,221,555.0,-13.242838,0.421799,6.006166,0.130034,0.0003360,0.2305446,0.7691194,-34.737
Ag,jc,221,560.0,-13.545211,0.415157,5.918547,0.115945,0.0156414,0.2638977,0.7204609,-18.057
Ag,jc,221,565.0,-13.847584,0.408515,5.838880,0.103835,0.0345173,0.2814303,0.6840524,-14.620
Ag,jc,221,570.0,-14.149957,0.401873,5.766138,0.093357,0.0111022,0.3352950,0.6536028,-19.546
Ag,jc,221,575.0,-14.452330,0.395231,5.699460,0.084238,0.0103850,0.3490668,0.6405482,-19.836
Ag,jc,221,580.0,-14.754703,0.388590,5.638123,0.076257,0.0727524,0.2020611,0.7251865,-11.382
Ag,jc,221,585.0,-15.078415,0.395194,5.577436,0.071234,0.0191137,0.4001749,0.5807113,-17.187
Ag,jc,221,590.0,-15.417580,0.411390,5.518877,0.068079,0.0091579,0.3841137,0.6067284,-20.382
Ag,jc,221,595.0,-15.756744,0.427586,5.465019,0.065192,0.0272447,0.2364369,0.7363185,-15.647
Ag,jc,221,600.0,-16.095908,0.443782,5.415318,0.062539,0.0005455,0.4017441,0.5977104,-32.632
Ag,jc,221,605.0,-16.435072,0.459978,5.369311,0.060093,0.0372019,0.4554838,0.5073142,-14.294
Ag,jc,221,610.0,-16.774237,0.476173,5.326601,0.057830,0.0915453,0.3255654,0.5828894,-10.384
Ag,jc,221,615.0,-17.113401,0.492369,5.286845,0.055732,0.0825383,0.3213401,0.5961216,-10.833
Ag,jc,221,620.0,-17.449780,0.494460,5.250188,0.052324,0.0204153,0.4871353,0.4924494,-16.900
Ag,jc,221,625.0,-17.784593,0.488617,5.216099,0.048463,0.0167723,0.5064963,0.4767314,-17.754
Ag,jc,221,630.0,-18.119405,0.482774,5.184102,0.044971,0.0798060,0.3175390,0.6026549,-10.980
Ag,jc,221,635.0,-18.454218,0.476931,5.154010,0.041804,0.0964136,0.3816376,0.5219488,-10.159
Ag,jc,221,640.0,-18.789031,0.471088,5.125658,0.038924,0.0600748,0.5923137,0.3476115,-12.213
Ag,jc,221,645.0,-19.123843,0.465245,5.098901,0.036298,0.0275546,0.6380114,0.3344340,-15.598
Ag,jc,221,650.0,-19.458656,0.459402,5.073607,0.033898,0.0150058,0.5118766,0.4731177,-18.237
Ag,jc,221,655.0,-19.793469,0.453559,5.049661,0.031699,0.0059719,0.4797794,0.5142486,-22.239
Ag,jc,221,660.0,-20.131576,0.447619,5.026739,0.029659,0.0084100,0.6050081,0.3865820,-20.752
Ag,jc,221,665.0,-20.499331,0.440808,5.003136,0.027604,0.0183009,0.7188330,0.2628661,-17.375
Ag,jc,221,670.0,-20.867087,0.433997,4.980805,0.025726,0.0659220,0.6993314,0.2347466,-11.810
Ag,jc,221,675.0,-21.234842,0.427186,4.959647,0.024004,0.1707648,0.4485762,0.3806590,-7.676
Ag,jc,221,680.0,-21.602598,0.420374,4.939572,0.022423,0.0580266,0.6064974,0.3354760,-12.364
Ag,jc,221,685.0,-21.970353,0.413563,4.920499,0.020968,0.0911053,0.6857027,0.2231920,-10.405
Ag,jc,221,690.0,-22.338109,0.406752,4.902355,0.019627,0.0232314,0.7855323,0.1912363,-16.339
Ag,jc,221,695.0,-22.705864,0.399941,4.885075,0.018389,0.0086919,0.7947805,0.1965276,-20.609
Ag,jc,221,700.0,-23.073620,0.393130,4.868597,0.017243,0.1171076,0.4524195,0.4304729,-9.314
Ag,jc,221,705.0,-23.444145,0.386296,4.852751,0.016175,0.0366219,0.7109917,0.2523864,-14.363
Ag,jc,221,710.0,-23.839591,0.379257,4.836621,0.015130,0.0445556,0.7930177,0.1624267,-13.511
Ag,jc,221,715.0,-24.235038,0.372218,4.821241,0.014164,0.0743806,0.8061319,0.1194876,-11.285
Ag,jc,221,720.0,-24.630484,0.365180,4.806561,0.013269,0.0758112,0.8110215,0.1131673,-11.203
Ag,jc,221,725.0,-25.025931,0.358141,4.792535,0.012440,0.0507784,0.7721955,0.1770261,-12.943
Ag,jc,221,730.0,-25.421378,0.351102,4.779119,0.011669,0.0632025,0.7664928,0.1703047,-11.993
Ag,jc,221,735.0,-25.816824,0.344063,4.766275,0.010952,0.0787319,0.7574626,0.1638055,-11.038
Ag,jc,221,740.0,-26.212271,0.337024,4.753968,0.010284,0.0112952,0.8886217,0.1000832,-19.471
Ag,jc,221,745.0,-26.607717,0.329985,4.742163,0.009661,0.0075676,0.9005105,0.0919219,-21.210
Ag,jc,221,750.0,-27.003164,0.322947,4.730831,0.009079,0.0539089,0.8435232,0.1025680,-12.683
Cu,jc,221,400.0,-2.816419,5.596616,3.225902,1.184786,0.0031124,0.0000000,0.9968876,-25.069
Cu,jc,221,405.0,-2.972803,5.616648,3.237923,1.216331,0.0028899,0.0000000,0.9971101,-25.391
Cu,jc,221,410.0,-3.129187,5.636679,3.251445,1.248097,0.0032614,0.0000000,0.9967386,-24.866
Cu,jc,221,415.0,-3.283608,5.661029,3.267305,1.279262,0.0034864,0.0000000,0.9965136,-24.576
Cu,jc,221,420.0,-3.434218,5.693762,3.286229,1.308858,0.0036116,0.0000000,0.9963884,-24.423
Cu,jc,221,425.0,-3.584828,5.726494,3.306703,1.338129,0.0036655,0.0000000,0.9963345,-24.359
Cu,jc,221,430.0,-3.735439,5.759227,3.328744,1.366969,0.0036673,0.0000000,0.9963327,-24.357
Cu,jc,221,435.0,-3.851419,5.802669,3.350633,1.386740,0.0035994,0.0000000,0.9964006,-24.438
Cu,jc,221,440.0,-3.963551,5.847301,3.373147,1.404891,0.0035034,0.0000000,0.9964966,-24.555
Cu,jc,221,445.0,-4.075684,5.891934,3.396408,1.422320,0.0033946,0.0000000,0.9966054,-24.692
Cu,jc,221,450.0,-4.187816,5.936566,3.420380,1.438983,0.0032829,0.0000000,0.9967171,-24.837
Cu,jc,221,455.0,-4.286960,5.997180,3.446265,1.449999,0.0031626,0.0000000,0.9968374,-25.000
Cu,jc,221,460.0,-4.383253,6.061302,3.472675,1.459024,0.0030525,0.0000000,0.9969475,-25.153
Cu,jc,221,465.0,-4.479545,6.125424,3.499251,1.467107,0.0029626,0.0000000,0.9970374,-25.283
Cu,jc,221,470.0,-4.575838,6.189546,3.525944,1.474247,0.0028990,0.0000000,0.9971010,-25.378
Cu,jc,221,475.0,-4.673757,6.214656,3.546312,1.487192,0.0028853,0.0000000,0.9971147,-25.398
Cu,jc,221,480.0,-4.772308,6.224595,3.564704,1.502305,0.0029165,0.0000000,0.9970835,-25.351
Cu,jc,221,485.0,-4.870859,6.234533,3.583673,1.517013,0.0029878,0.0000000,0.9970122,-25.247
Cu,jc,221,490.0,-4.969410,6.244472,3.603209,1.531289,0.0031002,0.0000000,0.9968998,-25.086
Cu,jc,221,495.0,-5.067961,6.254411,3.623298,1.545101,0.0032545,0.0000000,0.9967454,-24.875
Cu,jc,221,500.0,-5.138770,6.239587,3.634674,1.559017,0.0034601,0.0000000,0.9965399,-24.609
Cu,jc,221,505.0,-5.203490,6.219327,3.644383,1.573030,0.0037118,0.0000000,0.9962882,-24.304
Cu,jc,221,510.0,-5.268210,6.199067,3.654447,1.587049,0.0040059,0.0000000,0.9959941,-23.973
Cu,jc,221,515.0,-5.332930,6.178807,3.664872,1.601064,0.0043403,0.0000000,0.9956596,-23.625
Cu,jc,221,520.0,-5.397650,6.158547,3.675664,1.615066,0.0047127,0.0000000,0.9952873,-23.267
Cu,jc,221,525.0,-5.437600,6.022013,3.663740,1.651303,0.0051800,0.0000000,0.9948200,-22.857
Cu,jc,221,530.0,-5.472113,5.859955,3.645762,1.694356,0.0056942,0.0000000,0.9943058,-22.446
Cu,jc,221,535.0,-5.506626,5.697897,3.626561,1.739688,0.0062396,0.0000000,0.9937604,-22.048
Cu,jc,221,540.0,-5.541138,5.535839,3.606015,1.787483,0.0068143,0.0000000,0.9931857,-21.666
Cu,jc,221,545.0,-5.575651,5.373782,3.583982,1.837946,0.0074168,0.0000000,0.9925832,-21.298
Cu,jc,221,550.0,-5.651531,5.195604,3.569110,1.904892,0.0080633,0.0000000,0.9919367,-20.935
Cu,jc,221,555.0,-5.833785,4.975978,3.579567,2.014344,0.0087891,0.0000000,0.9912109,-20.561
Cu,jc,221,560.0,-6.016039,4.756351,3.596376,2.134831,0.0095569,0.0000000,0.9904431,-20.197
Cu,jc,221,565.0,-6.198292,4.536724,3.621468,2.267662,0.0103670,0.0000000,0.9896330,-19.843
Cu,jc,221,570.0,-6.380546,4.317097,3.657372,2.414219,0.0112173,0.0000000,0.9887827,-19.501
Cu,jc,221,575.0,-6.562800,4.097470,3.707410,2.575870,0.0121030,0.0000000,0.9878970,-19.171
Cu,jc,221,580.0,-6.745053,3.877843,3.775936,2.753823,0.0130146,0.0000000,0.9869854,-18.856
Cu,jc,221,585.0,-7.102440,3.629936,4.005889,2.994557,0.0138305,0.0000000,0.9861695,-18.592
Cu,jc,221,590.0,-7.586648,3.361550,4.442302,3.222416,0.0143461,0.0000000,0.9856539,-18.433
Cu,jc,221,595.0,-8.070855,3.093164,4.994880,3.324613,0.0146523,0.0000000,0.9853477,-18.341
Cu,jc,221,600.0,-8.555063,2.824778,5.601974,3.232762,0.0149684,0.0000000,0.9850316,-18.248
Cu,jc,221,605.0,-9.039270,2.556391,6.156975,2.926883,0.0155808,0.0000000,0.9844192,-18.074
Cu,jc,221,610.0,-9.523478,2.288005,6.559107,2.462217,0.0167219,0.0000000,0.9832781,-17.767
Cu,jc,221,615.0,-10.007685,2.019619,6.767839,1.939551,0.0184769,0.0000001,0.9815230,-17.334
Cu,jc,221,620.0,-10.467497,1.902444,6.711219,1.526836,0.0205602,0.0000032,0.9794366,-16.870
Cu,jc,221,625.0,-10.913586,1.870324,6.561337,1.237443,0.0224990,0.0000303,0.9774707,-16.478
Cu,jc,221,630.0,-11.359675,1.838205,6.410137,1.013587,0.0242239,0.0001748,0.9756013,-16.158
Cu,jc,221,635.0,-11.805764,1.806085,6.265904,0.839115,0.0256315,0.0006953,0.9736732,-15.912
Cu,jc,221,640.0,-12.251853,1.773966,6.132117,0.701766,0.0267493,0.0020892,0.9711615,-15.727
Cu,jc,221,645.0,-12.697942,1.741846,6.009780,0.592459,0.0283734,0.0050717,0.9665549,-15.471
Cu,jc,221,650.0,-13.144031,1.709727,5.898689,0.504510,0.0289775,0.0104390,0.9605834,-15.379
Cu,jc,221,655.0,-13.590120,1.677607,5.798091,0.432995,0.0272319,0.0189515,0.9538165,-15.649
Cu,jc,221,660.0,-14.032114,1.650004,5.707378,0.375602,0.0294272,0.0304688,0.9401040,-15.313
Cu,jc,221,665.0,-14.437259,1.663049,5.628340,0.338608,0.0334578,0.0423096,0.9242326,-14.755
Cu,jc,221,670.0,-14.842403,1.676093,5.556739,0.306976,0.0326911,0.0568508,0.9104581,-14.856
Cu,jc,221,675.0,-15.247548,1.689138,5.491621,0.279717,0.0288239,0.0710815,0.9000945,-15.402
Cu,jc,221,680.0,-15.652692,1.702182,5.432177,0.256060,0.0246468,0.0864593,0.8888939,-16.082
Cu,jc,221,685.0,-16.057837,1.715227,5.377724,0.235395,0.0228968,0.1077382,0.8693650,-16.402
Cu,jc,221,690.0,-16.462981,1.728271,5.327677,0.217236,0.0311580,0.1293732,0.8394688,-15.064
Cu,jc,221,695.0,-16.868126,1.741316,5.281537,0.201192,0.0440667,0.1452715,0.8106619,-13.559
Cu,jc,221,700.0,-17.273270,1.754360,5.238876,0.186945,0.0446974,0.1635664,0.7917362,-13.497
Cu,jc,221,705.0,-17.677383,1.770693,5.199311,0.174573,0.0306325,0.1896645,0.7797031,-15.138
Cu,jc,221,710.0,-18.072208,1.816625,5.162462,0.166311,0.0148621,0.2104789,0.7746591,-18.279
Cu,jc,221,715.0,-18.467033,1.862557,5.128172,0.158757,0.0159508,0.2185699,0.7654792,-17.972
Cu,jc,221,720.0,-18.861858,1.908489,5.096183,0.151827,0.0271735,0.2275616,0.7452649,-15.659
Cu,jc,221,725.0,-19.256683,1.954421,5.066271,0.145449,0.0381892,0.2502933,0.7115176,-14.181
Cu,jc,221,730.0,-19.651509,2.000353,5.038240,0.139561,0.0472444,0.2742904,0.6784652,-13.256
Cu,jc,221,735.0,-20.046334,2.046285,5.011920,0.134112,0.0512877,0.2878094,0.6609029,-12.900
Cu,jc,221,740.0,-20.441159,2.092217,4.987159,0.129054,0.0492250,0.2901283,0.6606467,-13.078
Cu,jc,221,745.0,-20.835984,2.138150,4.963821,0.124348,0.0381029,0.3002867,0.6616105,-14.190
Cu,jc,221,750.0,-21.230810,2.184082,4.941789,0.119960,0.0206542,0.3270023,0.6523435,-16.850
Au,jc,221,400.0,-1.658034,5.735384,3.226570,0.964643,0.0024887,0.0000000,0.9975112,-26.040
Au,jc,221,405.0,-1.674638,5.728623,3.225474,0.967459,0.0021453,0.0000000,0.9978546,-26.685
Au,jc,221,410.0,-1.691242,5.721862,3.224379,0.970288,0.0023882,0.0000000,0.9976118,-26.219
Au,jc,221,415.0,-1.701212,5.710659,3.222506,0.972016,0.0024841,0.0000000,0.9975158,-26.048
Au,jc,221,420.0,-1.698305,5.690834,3.219119,0.971575,0.0024775,0.0000001,0.9975225,-26.060
Au,jc,221,425.0,-1.695398,5.671008,3.215724,0.971118,0.0024065,0.0000001,0.9975935,-26.186
Au,jc,221,430.0,-1.692491,5.651183,3.212320,0.970647,0.0022944,0.0000001,0.9977055,-26.393
Au,jc,221,435.0,-1.706935,5.568332,3.197965,0.973148,0.0021518,0.0000001,0.9978481,-26.672
Au,jc,221,440.0,-1.723308,5.478479,3.182076,0.975831,0.0020069,0.0000001,0.9979930,-26.975
Au,jc,221,445.0,-1.739680,5.388626,3.165845,0.978349,0.0018758,0.0000001,0.9981240,-27.268
Au,jc,221,450.0,-1.756053,5.298774,3.149267,0.980687,0.0017707,0.0000001,0.9982292,-27.519
Au,jc,221,455.0,-1.747740,5.194960,3.130011,0.978021,0.0016886,0.0000002,0.9983112,-27.725
Au,jc,221,460.0,-1.734008,5.088082,3.109996,0.973804,0.0016462,0.0000002,0.9983536,-27.835
Au,jc,221,465.0,-1.720277,4.981204,3.089756,0.969043,0.0016492,0.0000002,0.9983506,-27.827
Au,jc,221,470.0,-1.706545,4.874326,3.069305,0.963717,0.0016982,0.0000003,0.9983015,-27.700
Au,jc,221,475.0,-1.787278,4.692789,3.030486,0.974373,0.0018264,0.0000003,0.9981733,-27.384
Au,jc,221,480.0,-1.904747,4.482217,2.981682,0.991346,0.0020130,0.0000002,0.9979868,-26.962
Au,jc,221,485.0,-2.022217,4.271646,2.929216,1.008143,0.0022387,0.0000002,0.9977611,-26.500
Au,jc,221,490.0,-2.139686,4.061074,2.872725,1.024593,0.0024966,0.0000001,0.9975033,-26.027
Au,jc,221,495.0,-2.257156,3.850503,2.811804,1.040475,0.0027792,0.0000001,0.9972207,-25.561
Au,jc,221,500.0,-2.551836,3.610519,2.722707,1.103654,0.0031857,0.0000000,0.9968142,-24.968
Au,jc,221,505.0,-2.885416,3.364079,2.615324,1.187492,0.0036791,0.0000000,0.9963209,-24.343
Au,jc,221,510.0,-3.218996,3.117639,2.490827,1.285106,0.0042709,0.0000000,0.9957291,-23.695
Au,jc,221,515.0,-3.552576,2.871199,2.344773,1.400194,0.0050214,0.0000000,0.9949786,-22.992
Au,jc,221,520.0,-3.886156,2.624759,2.171035,1.537904,0.0060454,0.0000000,0.9939546,-22.186
Au,jc,221,525.0,-4.226821,2.510966,2.050586,1.731875,0.0074640,0.0000000,0.9925360,-21.270
Au,jc,221,530.0,-4.569041,2.426291,1.946431,1.974600,0.0093326,0.0000000,0.9906674,-20.300
Au,jc,221,535.0,-4.911261,2.341616,1.849225,2.272442,0.0116928,0.0000000,0.9883072,-19.321
Au,jc,221,540.0,-5.253481,2.256941,1.771580,2.639937,0.0144393,0.0000000,0.9855607,-18.405
Au,jc,221,545.0,-5.595701,2.172266,1.735724,3.093526,0.0172402,0.0000000,0.9827598,-17.635
Au,jc,221,550.0,-5.936991,2.092461,1.786548,3.643079,0.0194708,0.0000000,0.9805292,-17.106
Au,jc,221,555.0,-6.275886,2.025177,1.996021,4.271142,0.0203985,0.0000000,0.9796015,-16.904
Au,jc,221,560.0,-6.614782,1.957893,2.420608,4.946252,0.0198740,0.0000000,0.9801260,-17.017
Au,jc,221,565.0,-6.953677,1.890610,3.127066,5.570337,0.0180496,0.0000000,0.9819504,-17.435
Au,jc,221,570.0,-7.292573,1.823326,4.119710,5.980618,0.0155230,0.0000000,0.9844770,-18.090
Au,jc,221,575.0,-7.631468,1.756043,5.276906,6.009088,0.0130703,0.0000000,0.9869297,-18.837
Au,jc,221,580.0,-7.970364,1.688759,6.367257,5.601515,0.0112690,0.0000000,0.9887310,-19.481
Au,jc,221,585.0,-8.325746,1.636573,7.162787,4.810862,0.0103168,0.0000000,0.9896832,-19.865
Au,jc,221,590.0,-8.693065,1.595319,7.560630,3.902954,0.0102931,0.0000000,0.9897069,-19.875
Au,jc,221,595.0,-9.060385,1.554066,7.661282,3.093491,0.0111362,0.0000000,0.9888638,-19.533
Au,jc,221,600.0,-9.427705,1.512812,7.586961,2.435925,0.0127294,0.0000000,0.9872706,-18.952
Au,jc,221,605.0,-9.795025,1.471559,7.426428,1.924175,0.0148577,0.0000002,0.9851421,-18.280
Au,jc,221,610.0,-10.162345,1.430305,7.232429,1.532095,0.0172346,0.0000037,0.9827617,-17.636
Au,jc,221,615.0,-10.529665,1.389051,7.032929,1.232078,0.0196017,0.0000356,0.9803627,-17.077
Au,jc,221,620.0,-10.885698,1.348795,6.847272,1.007211,0.0217617,0.0001983,0.9780399,-16.623
Au,jc,221,625.0,-11.235381,1.309099,6.677417,0.833834,0.0236350,0.0007585,0.9756065,-16.264
Au,jc,221,630.0,-11.585065,1.269404,6.521537,0.696125,0.0254713,0.0022364,0.9722923,-15.939
Au,jc,221,635.0,-11.934749,1.229708,6.379630,0.585633,0.0268823,0.0053794,0.9677383,-15.705
Au,jc,221,640.0,-12.284433,1.190013,6.250899,0.496092,0.0268643,0.0110421,0.9620936,-15.708
Au,jc,221,645.0,-12.634117,1.150317,6.134224,0.422838,0.0292010,0.0202267,0.9505723,-15.346
Au,jc,221,650.0,-12.983801,1.110622,6.028402,0.362371,0.0341895,0.0330224,0.9327881,-14.661
Au,jc,221,655.0,-13.333485,1.070926,5.932268,0.312042,0.0286495,0.0509476,0.9204029,-15.429
Au,jc,221,660.0,-13.683417,1.035551,5.844325,0.270878,0.0233184,0.0722036,0.9044780,-16.323
Au,jc,221,665.0,-14.035583,1.039062,5.760935,0.244681,0.0347942,0.0874794,0.8777264,-14.585
Au,jc,221,670.0,-14.387750,1.042573,5.685329,0.222155,0.0410639,0.1125196,0.8464165,-13.865
Au,jc,221,675.0,-14.739917,1.046084,5.616487,0.202645,0.0353416,0.1389294,0.8257290,-14.517
Au,jc,221,680.0,-15.092083,1.049596,5.553556,0.185636,0.0291387,0.1503866,0.8204747,-15.355
Au,jc,221,685.0,-15.444250,1.053107,5.495818,0.170718,0.0212665,0.1703566,0.8083769,-16.723
Au,jc,221,690.0,-15.796417,1.056618,5.442666,0.157561,0.0179225,0.2113394,0.7707381,-17.466
Au,jc,221,695.0,-16.148583,1.060129,5.393580,0.145898,0.0374705,0.2387354,0.7237941,-14.263
Au,jc,221,700.0,-16.500750,1.063640,5.348117,0.135511,0.0622122,0.2423048,0.6954830,-12.061
Au,jc,221,705.0,-16.854520,1.068790,5.305667,0.126366,0.0583697,0.2632685,0.6783618,-12.338
Au,jc,221,710.0,-17.222724,1.088693,5.264263,0.119391,0.0332476,0.3036272,0.6631252,-14.782
Au,jc,221,715.0,-17.590928,1.108596,5.225781,0.113070,0.0075783,0.3350222,0.6573994,-21.204
Au,jc,221,720.0,-17.959132,1.128499,5.189922,0.107320,0.0156241,0.3236425,0.6607335,-18.062
Au,jc,221,725.0,-18.327336,1.148402,5.156430,0.102072,0.0300111,0.3320071,0.6379818,-15.227
Au,jc,221,730.0,-18.695540,1.168305,5.125076,0.097265,0.0453832,0.3731559,0.5814609,-13.431
Au,jc,221,735.0,-19.063744,1.188208,5.095664,0.092850,0.0577673,0.4087340,0.5334987,-12.383
Au,jc,221,740.0,-19.431948,1.208111,5.068018,0.088782,0.0616992,0.4179144,0.5203864,-12.097
Au,jc,221,745.0,-19.800151,1.228014,5.041985,0.085025,0.0611537,0.3958575,0.5429889,-12.136
Au,jc,221,750.0,-20.168355,1.247917,5.017428,0.081546,0.0426657,0.4120293,0.5453050,-13.699
Ag,lerer,221,446.0,-5.886045,0.748748,-1.822364,3.154486,0.1143471,0.0000000,0.8856529,-9.418
Ag,lerer,221,447.0,-5.930191,0.746640,-1.936160,3.307812,0.1181981,0.0000000,0.8818019,-9.274
Ag,lerer,221,448.0,-5.979396,0.744800,-2.063246,3.492801,0.1221736,0.0000000,0.8778264,-9.130
Ag,lerer,221,449.0,-6.028496,0.747840,-2.170725,3.704133,0.1247681,0.0000000,0.8752319,-9.039
Ag,lerer,221,451.0,-6.127900,0.744000,-2.430566,4.158499,0.1314600,0.0000000,0.8685400,-8.812
Ag,lerer,221,452.0,-6.172920,0.741722,-2.550656,4.388223,0.1341996,0.0000000,0.8658004,-8.722
Ag,lerer,221,453.0,-6.223097,0.739704,-2.680086,4.666373,0.1368337,0.0000000,0.8631663,-8.638
Ag,lerer,221,454.0,-6.273177,0.742664,-2.774225,4.978743,0.1378551,0.0000000,0.8621449,-8.606
Ag,lerer,221,456.0,-6.369468,0.738176,-2.997896,5.630771,0.1412846,0.0000000,0.8587154,-8.499
Ag,lerer,221,457.0,-6.420419,0.736020,-3.100108,6.020410,0.1424890,0.0000000,0.8575110,-8.462
Ag,lerer,221,458.0,-6.471568,0.733824,-3.187868,6.445387,0.1432886,0.0000000,0.8567114,-8.438
Ag,lerer,221,459.0,-6.522628,0.736704,-3.208027,6.909105,0.1423511,0.0000000,0.8576489,-8.466
Ag,lerer,221,461.0,-6.615612,0.731584,-3.266153,7.840939,0.1420317,0.0000000,0.8579683,-8.476
Ag,lerer,221,462.0,-6.662061,0.734140,-3.192861,8.349276,0.1400109,0.0000000,0.8599891,-8.538
Ag,lerer,221,463.0,-6.708955,0.731508,-3.135699,8.898758,0.1388926,0.0000000,0.8611074,-8.573
Ag,lerer,221,464.0,-6.756009,0.728840,-3.031737,9.482489,0.1373744,0.0000000,0.8626256,-8.621
Ag,lerer,221,466.0,-6.850320,0.728638,-2.577635,10.704749,0.1319403,0.0000000,0.8680597,-8.796
Ag,lerer,221,467.0,-6.897856,0.725880,-2.274401,11.359992,0.1292545,0.0000000,0.8707455,-8.886
Ag,lerer,221,468.0,-6.945277,0.728364,-1.818224,11.969779,0.1250896,0.0000000,0.8749104,-9.028
Ag,lerer,221,469.0,-6.993135,0.725552,-1.336826,12.621937,0.1217098,0.0000000,0.8782902,-9.147
Ag,lerer,221,521.0,-9.624384,0.801090,8.385296,1.456634,0.0035624,0.0000023,0.9964353,-24.483
Ag,lerer,221,522.0,-9.674128,0.803154,8.312989,1.405091,0.0031496,0.0000035,0.9968469,-25.017
Ag,lerer,221,523.0,-9.724000,0.805218,8.242669,1.356141,0.0027695,0.0000052,0.9972253,-25.576
Ag,lerer,221,524.0,-9.774000,0.807282,8.174275,1.309618,0.0024218,0.0000077,0.9975705,-26.159
Ag,lerer,221,526.0,-9.874384,0.811410,8.043022,1.223252,0.0018233,0.0000156,0.9981610,-27.391
Ag,lerer,221,527.0,-9.924768,0.813474,7.980043,1.183138,0.0015718,0.0000218,0.9984064,-28.036
Ag,lerer,221,528.0,-9.975280,0.815538,7.918753,1.144905,0.0013518,0.0000299,0.9986183,-28.691
Ag,lerer,221,529.0,-10.025920,0.817602,7.859094,1.108440,0.0011632,0.0000406,0.9987962,-29.343
Ag,lerer,221,531.0,-10.127584,0.821730,7.744458,1.040405,0.0008781,0.0000718,0.9990501,-30.565
Ag,lerer,221,532.0,-10.178608,0.823794,7.689377,1.008646,0.0007786,0.0000939,0.9991275,-31.087
Ag,lerer,221,533.0,-10.229760,0.825858,7.635721,0.978281,0.0007056,0.0001213,0.9991731,-31.515
Ag,lerer,221,534.0,-10.281040,0.827922,7.583441,0.949229,0.0006576,0.0001552,0.9991871,-31.820
Cu,lerer,221,406.0,0.596269,6.763477,3.380713,0.681352,0.0017424,0.0000055,0.9982521,-27.588
Cu,lerer,221,407.0,0.540231,6.757723,3.379277,0.686868,0.0018176,0.0000052,0.9981772,-27.405
Cu,lerer,221,408.0,0.484192,6.751969,3.377862,0.692443,0.0018847,0.0000049,0.9981104,-27.248
Cu,lerer,221,409.0,0.428154,6.746215,3.376470,0.698077,0.0019445,0.0000046,0.9980509,-27.112
Cu,lerer,221,411.0,0.316077,6.734708,3.373758,0.709523,0.0020448,0.0000040,0.9979512,-26.893
Cu,lerer,221,412.0,0.260038,6.728954,3.372439,0.715337,0.0020863,0.0000038,0.9979099,-26.806
Cu,lerer,221,413.0,0.204000,6.723200,3.371146,0.721212,0.0021226,0.0000035,0.9978739,-26.731
Cu,lerer,221,414.0,0.147962,6.717446,3.369881,0.727149,0.0021540,0.0000033,0.9978427,-26.668
Cu,lerer,221,416.0,0.035885,6.705938,3.367435,0.739211,0.0022036,0.0000029,0.9977936,-26.569
Cu,lerer,221,417.0,-0.020154,6.700185,3.366257,0.745337,0.0022223,0.0000027,0.9977750,-26.532
Cu,lerer,221,418.0,-0.076192,6.694431,3.365111,0.751527,0.0022373,0.0000025,0.9977602,-26.503
Cu,lerer,221,419.0,-0.132231,6.688677,3.363996,0.757781,0.0022489,0.0000023,0.9977487,-26.480
Cu,lerer,221,421.0,-0.244308,6.677169,3.361870,0.770487,0.0022629,0.0000020,0.9977351,-26.453
Cu,lerer,221,422.0,-0.300346,6.671415,3.360859,0.776938,0.0022656,0.0000019,0.9977325,-26.448
Cu,lerer,221,423.0,-0.356385,6.665662,3.359886,0.783457,0.0022659,0.0000017,0.9977324,-26.448
Cu,lerer,221,424.0,-0.412423,6.659908,3.358952,0.790043,0.0022639,0.0000016,0.9977345,-26.452
Cu,lerer,221,426.0,-0.524500,6.648400,3.357202,0.803418,0.0022538,0.0000014,0.9977448,-26.471
Cu,lerer,221,427.0,-0.580538,6.642646,3.356390,0.810209,0.0022461,0.0000013,0.9977526,-26.486
Cu,lerer,221,428.0,-0.636577,6.636892,3.355621,0.817069,0.0022369,0.0000012,0.9977619,-26.504
Cu,lerer,221,429.0,-0.692615,6.631138,3.354898,0.823999,0.0022264,0.0000011,0.9977725,-26.524
Cu,lerer,221,431.0,-0.804692,6.619631,3.353591,0.838070,0.0022021,0.0000009,0.9977969,-26.572
Cu,lerer,221,432.0,-0.860731,6.613877,3.353011,0.845212,0.0021887,0.0000009,0.9978104,-26.598
Cu,lerer,221,433.0,-0.916769,6.608123,3.352482,0.852425,0.0021746,0.0000008,0.9978246,-26.626
Cu,lerer,221,434.0,-0.972808,6.602369,3.352006,0.859711,0.0021600,0.0000007,0.9978392,-26.655
Cu,lerer,221,722.0,-19.400560,3.716160,5.001344,0.253311,0.0333678,0.1056578,0.8609744,-14.767
Cu,lerer,221,723.0,-19.505440,3.726240,4.995088,0.249903,0.0344314,0.1091481,0.8564205,-14.630
Cu,lerer,221,724.0,-19.610320,3.736320,4.988922,0.246569,0.0354369,0.1126707,0.8518924,-14.505
Cu,lerer,221,726.0,-19.744533,3.755213,4.980945,0.242732,0.0369865,0.1172588,0.8457547,-14.320
Cu,lerer,221,727.0,-19.773867,3.764027,4.979055,0.242158,0.0375310,0.1182781,0.8441908,-14.256
Cu,lerer,221,728.0,-19.803200,3.772840,4.977174,0.241587,0.0379943,0.1192596,0.8427461,-14.203
Cu,lerer,221,729.0,-19.832533,3.781653,4.975302,0.241019,0.0383708,0.1202010,0.8414281,-14.160
Cu,lerer,221,731.0,-19.891200,3.799280,4.971583,0.239890,0.0388444,0.1219631,0.8391924,-14.107
Cu,lerer,221,732.0,-19.920533,3.808093,4.969737,0.239330,0.0389336,0.1227875,0.8382788,-14.097
Cu,lerer,221,733.0,-19.949867,3.816907,4.967899,0.238772,0.0389201,0.1235797,0.8375002,-14.098
Cu,lerer,221,734.0,-19.979200,3.825720,4.966070,0.238217,0.0388011,0.1243460,0.8368529,-14.112
Cu,lerer,221,736.0,-20.037867,3.843347,4.962437,0.237114,0.0382389,0.1258345,0.8359266,-14.175
Cu,lerer,221,737.0,-20.067200,3.852160,4.960633,0.236567,0.0377928,0.1265770,0.8356302,-14.226
Cu,lerer,221,738.0,-20.096533,3.860973,4.958837,0.236022,0.0372362,0.1273330,0.8354307,-14.290
Cu,lerer,221,739.0,-20.125867,3.869787,4.957049,0.235480,0.0365707,0.1281137,0.8353157,-14.369
Cu,lerer,221,741.0,-20.228320,3.885480,4.951369,0.232851,0.0348222,0.1313176,0.8338602,-14.581
Au,lerer,221,531.0,-5.481696,2.269550,1.829651,2.913951,0.0147893,0.0000000,0.9852107,-18.301
Au,lerer,221,532.0,-5.581308,2.244256,1.827966,3.049691,0.0155172,0.0000000,0.9844828,-18.092
Au,lerer,221,533.0,-5.676627,2.217364,1.828592,3.188127,0.0162212,0.0000000,0.9837788,-17.899
Au,lerer,221,534.0,-5.777321,2.190720,1.838874,3.342046,0.0169057,0.0000000,0.9830943,-17.720
Au,lerer,221,536.0,-5.981248,2.130414,1.878535,3.685218,0.0181973,0.0000000,0.9818027,-17.400
Au,lerer,221,537.0,-6.078601,2.100840,1.912445,3.863493,0.0187197,0.0000000,0.9812803,-17.277
Au,lerer,221,538.0,-6.181479,2.071440,1.965323,4.059618,0.0191470,0.0000000,0.9808530,-17.179
Au,lerer,221,539.0,-6.284917,2.041356,2.034622,4.266326,0.0194693,0.0000000,0.9805307,-17.106
Au,lerer,221,541.0,-6.434253,2.022796,2.211357,4.540175,0.0193483,0.0000000,0.9806517,-17.134
Au,lerer,221,542.0,-6.509461,2.013180,2.317033,4.677328,0.0191874,0.0000000,0.9808126,-17.170
Au,lerer,221,543.0,-6.579840,2.002568,2.424402,4.806641,0.0189990,0.0000000,0.9810010,-17.213
Au,lerer,221,544.0,-6.655740,1.992512,2.554705,4.940462,0.0187122,0.0000000,0.9812878,-17.279
Au,lerer,221,546.0,-6.808620,1.971728,2.855940,5.194955,0.0179604,0.0000000,0.9820396,-17.457
Au,lerer,221,547.0,-6.885600,1.961000,3.027235,5.312323,0.0175043,0.0000000,0.9824957,-17.569
Au,lerer,221,548.0,-6.962940,1.950048,3.212174,5.420690,0.0170023,0.0000000,0.9829977,-17.695
Au,lerer,221,549.0,-7.040640,1.938872,3.410301,5.518145,0.0164609,0.0000000,0.9835391,-17.835
Au,lerer,221,728.0,-18.739655,1.412232,5.117012,0.116123,0.0405854,0.3156039,0.6438107,-13.916
Au,lerer,221,729.0,-18.861147,1.416796,5.107331,0.114085,0.0435408,0.3265369,0.6299223,-13.611
Au,lerer,221,731.0,-19.061265,1.433032,5.091647,0.111515,0.0486241,0.3429515,0.6084243,-13.131
Au,lerer,221,732.0,-19.157504,1.436640,5.084368,0.110005,0.0510359,0.3504825,0.5984816,-12.921
Au,lerer,221,733.0,-19.253985,1.440248,5.077185,0.108524,0.0532434,0.3570222,0.5897344,-12.737
Au,lerer,221,734.0,-19.350379,1.452660,5.069966,0.107712,0.0550032,0.3606981,0.5842987,-12.596
Au,lerer,221,736.0,-19.553400,1.460250,5.055449,0.104748,0.0574364,0.3695916,0.5729720,-12.408
Au,lerer,221,737.0,-19.650871,1.463880,5.048645,0.103372,0.0579274,0.3724399,0.5696327,-12.371
Au,lerer,221,738.0,-19.748584,1.467510,5.041928,0.102022,0.0580363,0.3741680,0.5677957,-12.363
Au,lerer,221,739.0,-19.846208,1.480056,5.035178,0.101296,0.0577778,0.3727358,0.5694864,-12.382
Au,lerer,221,741.0,-20.042844,1.487360,5.022172,0.098704,0.0573493,0.3695395,0.5731112,-12.415
Au,lerer,221,742.0,-20.150508,1.491344,5.015216,0.097331,0.0569981,0.3670848,0.5759171,-12.441
Au,lerer,221,743.0,-20.249120,1.504002,5.008812,0.096665,0.0558721,0.3642461,0.5798818,-12.528
Au,lerer,221,744.0,-20.348307,1.507676,5.002599,0.095445,0.0537672,0.3654700,0.5807628,-12.695
Cu,lerer,121,420.0,-0.188269,6.682923,3.362916,0.764101,0.0024892,0.0000022,0.9975087,-26.039
Ag,lerer,121,458.0,-6.471568,0.733824,-3.187868,6.445387,0.1530392,0.0000000,0.8469608,-8.152
Au,lerer,121,540.0,-6.359405,2.032188,2.117461,4.402861,0.0221708,0.0000000,0.9778292,-16.542
Cu,lerer,121,700.0,-17.472333,3.472533,5.138147,0.328365,0.0291511,0.0532444,0.9176045,-15.353
Ag,lerer,121,750.0,-23.969379,1.420420,4.827103,0.055413,0.0006012,0.5924827,0.4069161,-32.210
Cu,lerer,361,420.0,-0.188269,6.682923,3.362916,0.764101,0.0021539,0.0000022,0.9978440,-26.668
Ag,lerer,361,458.0,-6.471568,0.733824,-3.187868,6.445387,0.1458360,0.0000000,0.8541640,-8.361
Au,lerer,361,540.0,-6.359405,2.032188,2.117461,4.402861,0.0188865,0.0000000,0.9811135,-17.238
Cu,lerer,361,700.0,-17.472333,3.472533,5.138147,0.328365,0.0290966,0.0532598,0.9176436,-15.362
Ag,lerer,361,750.0,-23.969379,1.420420,4.827103,0.055413,0.0008503,0.5924093,0.4067403,-30.704
