table,formula,lambda_nm,Re_eps_eff,Im_eps_eff,R,T,A
lerer,MG,400,3.336663,0.874587,0.068937,0.000526,0.930537
lerer,MG,405,3.332566,0.878336,0.069293,0.000557,0.930150
lerer,MG,410,3.328900,0.882620,0.069640,0.000586,0.929773
lerer,MG,415,3.323776,0.885353,0.069898,0.000624,0.929478
lerer,MG,420,3.317252,0.885483,0.070044,0.000675,0.929281
lerer,MG,425,3.310701,0.885561,0.070131,0.000729,0.929139
lerer,MG,430,3.300007,0.886273,0.070081,0.000780,0.929139
lerer,MG,435,3.284497,0.887932,0.069882,0.000822,0.929296
lerer,MG,440,3.268788,0.889322,0.069612,0.000868,0.929520
lerer,MG,445,3.246048,0.893718,0.069143,0.000888,0.929968
lerer,MG,450,3.212887,0.900809,0.068366,0.000882,0.930752
lerer,MG,455,3.177888,0.907284,0.067398,0.000878,0.931725
lerer,MG,460,3.141378,0.913672,0.066224,0.000872,0.932904
lerer,MG,465,3.098071,0.924537,0.064754,0.000832,0.934414
lerer,MG,470,3.052624,0.933814,0.062994,0.000800,0.936206
lerer,MG,475,3.005035,0.941219,0.060878,0.000778,0.938344
lerer,MG,480,2.941474,0.967668,0.058266,0.000648,0.941087
lerer,MG,485,2.861355,1.005142,0.054885,0.000488,0.944626
lerer,MG,490,2.772457,1.041361,0.050316,0.000366,0.949318
lerer,MG,495,2.670603,1.073093,0.043155,0.000277,0.956568
lerer,MG,500,2.575719,1.166158,0.017927,0.000132,0.981941
lerer,MG,505,2.465697,1.289282,0.014497,0.000052,0.985451
lerer,MG,510,2.333672,1.432955,0.014791,0.000017,0.985193
lerer,MG,515,2.167569,1.609133,0.016115,0.000004,0.983881
lerer,MG,520,2.028343,1.878739,0.018906,0.000001,0.981094
lerer,MG,525,1.918026,2.266074,0.023163,0.000000,0.976837
lerer,MG,530,1.835976,2.786649,0.028373,0.000000,0.971627
lerer,MG,535,1.857324,3.505913,0.033160,0.000000,0.966840
lerer,MG,540,2.117461,4.402861,0.034790,0.000000,0.965210
lerer,MG,545,2.698456,5.070427,0.031718,0.000000,0.968282
lerer,MG,550,3.621874,5.587037,0.026701,0.000000,0.973299
lerer,MG,555,4.786886,5.761265,0.021531,0.000000,0.978469
lerer,MG,560,5.977617,5.444745,0.017592,0.000000,0.982408
lerer,MG,565,6.742161,4.896300,0.016065,0.000000,0.983935
lerer,MG,570,6.964920,4.734642,0.016560,0.000000,0.983440
lerer,MG,575,7.169318,4.554192,0.017418,0.000000,0.982582
lerer,MG,580,7.337936,4.354630,0.018640,0.000000,0.981360
lerer,MG,585,7.501848,4.132347,0.020140,0.000000,0.979860
lerer,MG,590,7.639865,3.916424,0.021913,0.000000,0.978086
lerer,MG,595,7.755189,3.694938,0.023930,0.000001,0.976069
lerer,MG,600,7.848218,3.471011,0.026162,0.000003,0.973836
lerer,MG,605,7.919827,3.247479,0.028582,0.000006,0.971411
lerer,MG,610,7.971268,3.026829,0.031165,0.000016,0.968819
lerer,MG,615,7.987797,2.804114,0.033904,0.000037,0.966060
lerer,MG,620,8.003862,2.596588,0.036724,0.000081,0.963195
lerer,MG,625,8.004917,2.396959,0.039623,0.000171,0.960206
lerer,MG,630,7.992744,2.206188,0.042583,0.000345,0.957072
lerer,MG,635,7.969082,2.024924,0.045596,0.000667,0.953737
lerer,MG,640,7.935589,1.853546,0.048658,0.001235,0.950107
lerer,MG,645,7.887132,1.685369,0.051755,0.002241,0.946004
lerer,MG,650,7.838438,1.534721,0.054725,0.003816,0.941460
lerer,MG,655,7.530535,1.233973,0.056278,0.010119,0.933603
lerer,MG,660,7.059088,0.900388,0.056011,0.029977,0.914012
lerer,MG,665,6.690184,0.683900,0.063869,0.062395,0.873736
lerer,MG,670,6.389541,0.536460,0.068403,0.104714,0.826883
lerer,MG,675,6.148861,0.429721,0.054685,0.155191,0.790124
lerer,MG,680,5.947555,0.350217,0.032544,0.214825,0.752630
lerer,MG,685,5.778972,0.290180,0.035958,0.271632,0.692410
lerer,MG,690,5.644487,0.247951,0.069715,0.307312,0.622973
lerer,MG,695,5.549135,0.220026,0.098789,0.330728,0.570482
lerer,MG,700,5.463574,0.197647,0.115710,0.351140,0.533150
lerer,MG,705,5.387019,0.177467,0.109334,0.386819,0.503847
lerer,MG,710,5.317655,0.161118,0.086080,0.433551,0.480369
lerer,MG,715,5.255872,0.146271,0.062701,0.472642,0.464658
lerer,MG,720,5.198554,0.133951,0.037810,0.511493,0.450697
lerer,MG,725,5.146358,0.122402,0.012071,0.544765,0.443164
lerer,MG,730,5.099700,0.113197,0.016665,0.537858,0.445477
lerer,MG,735,5.062974,0.106280,0.046691,0.430413,0.522896
lerer,MG,740,5.028634,0.099988,0.023053,0.457249,0.519698
lerer,MG,745,4.996463,0.094248,0.056241,0.449610,0.494149
lerer,MG,750,4.966271,0.088996,0.074588,0.381916,0.543496
lerer,Bruggeman,400,3.262711,0.789729,0.066440,0.000998,0.932562
lerer,Bruggeman,405,3.259279,0.791803,0.066823,0.001063,0.932114
lerer,Bruggeman,410,3.256092,0.794313,0.067168,0.001128,0.931704
lerer,Bruggeman,415,3.252109,0.795530,0.067423,0.001205,0.931371
lerer,Bruggeman,420,3.247505,0.794740,0.067584,0.001307,0.931109
lerer,Bruggeman,425,3.242893,0.793930,0.067692,0.001414,0.930894
lerer,Bruggeman,430,3.235296,0.793064,0.067691,0.001523,0.930785
lerer,Bruggeman,435,3.224229,0.792341,0.067575,0.001632,0.930793
lerer,Bruggeman,440,3.213091,0.791520,0.067403,0.001746,0.930851
lerer,Bruggeman,445,3.196792,0.792192,0.067049,0.001836,0.931115
lerer,Bruggeman,450,3.173192,0.794040,0.066419,0.001900,0.931681
lerer,Bruggeman,455,3.148665,0.795801,0.065609,0.001964,0.932427
lerer,Bruggeman,460,3.123410,0.797940,0.064608,0.002020,0.933371
lerer,Bruggeman,465,3.093747,0.803403,0.063338,0.002019,0.934643
lerer,Bruggeman,470,3.063263,0.808507,0.061823,0.002019,0.936158
lerer,Bruggeman,475,3.031924,0.813215,0.060001,0.002022,0.937977
lerer,Bruggeman,480,2.991458,0.831513,0.057714,0.001818,0.940468
lerer,Bruggeman,485,2.943361,0.858620,0.054735,0.001523,0.943742
lerer,Bruggeman,490,2.893289,0.887104,0.050625,0.001259,0.948116
lerer,Bruggeman,495,2.839240,0.916357,0.043910,0.001028,0.955062
lerer,Bruggeman,500,2.802298,0.977906,0.017272,0.000667,0.982061
lerer,Bruggeman,505,2.769164,1.051333,0.013201,0.000419,0.986380
lerer,Bruggeman,510,2.737531,1.129135,0.012760,0.000257,0.986983
lerer,Bruggeman,515,2.707207,1.213648,0.012841,0.000152,0.987007
lerer,Bruggeman,520,2.703811,1.307345,0.013243,0.000088,0.986669
lerer,Bruggeman,525,2.717638,1.406332,0.013821,0.000052,0.986127
lerer,Bruggeman,530,2.736902,1.506156,0.014497,0.000031,0.985472
lerer,Bruggeman,535,2.763505,1.607295,0.015248,0.000019,0.984733
lerer,Bruggeman,540,2.795338,1.702607,0.016019,0.000012,0.983968
lerer,Bruggeman,545,2.832089,1.767744,0.016683,0.000010,0.983307
lerer,Bruggeman,550,2.873005,1.832078,0.017394,0.000008,0.982598
lerer,Bruggeman,555,2.915083,1.895698,0.018152,0.000007,0.981842
lerer,Bruggeman,560,2.959776,1.958518,0.018951,0.000006,0.981043
lerer,Bruggeman,565,2.996346,2.007401,0.019740,0.000005,0.980255
lerer,Bruggeman,570,3.004530,2.024050,0.020445,0.000005,0.979550
lerer,Bruggeman,575,3.012867,2.040711,0.021183,0.000005,0.978812
lerer,Bruggeman,580,3.021985,2.056479,0.021945,0.000006,0.978049
lerer,Bruggeman,585,3.031540,2.073782,0.022739,0.000006,0.977256
lerer,Bruggeman,590,3.040342,2.090469,0.023550,0.000006,0.976444
lerer,Bruggeman,595,3.049299,2.107167,0.024379,0.000006,0.975615
lerer,Bruggeman,600,3.058410,2.123875,0.025223,0.000006,0.974770
lerer,Bruggeman,605,3.067677,2.140595,0.026081,0.000007,0.973913
lerer,Bruggeman,610,3.077098,2.157325,0.026949,0.000007,0.973044
lerer,Bruggeman,615,3.088242,2.173701,0.027828,0.000007,0.972165
lerer,Bruggeman,620,3.097981,2.190438,0.028715,0.000007,0.971278
lerer,Bruggeman,625,3.107876,2.207184,0.029609,0.000007,0.970383
lerer,Bruggeman,630,3.117928,2.223939,0.030510,0.000008,0.969483
lerer,Bruggeman,635,3.128139,2.240702,0.031416,0.000008,0.968577
lerer,Bruggeman,640,3.138507,2.257473,0.032326,0.000008,0.967666
lerer,Bruggeman,645,3.150050,2.274830,0.033247,0.000008,0.966744
lerer,Bruggeman,650,3.160745,2.291612,0.034166,0.000009,0.965826
lerer,Bruggeman,655,3.212233,2.324969,0.035326,0.000009,0.964665
lerer,Bruggeman,660,3.306895,2.373775,0.036755,0.000009,0.963236
lerer,Bruggeman,665,3.403161,2.418393,0.038200,0.000009,0.961791
lerer,Bruggeman,670,3.503603,2.458547,0.039669,0.000009,0.960321
lerer,Bruggeman,675,3.605068,2.495437,0.041161,0.000010,0.958829
lerer,Bruggeman,680,3.710287,2.528606,0.042685,0.000011,0.957304
lerer,Bruggeman,685,3.818100,2.557451,0.044233,0.000012,0.955755
lerer,Bruggeman,690,3.921255,2.579140,0.045753,0.000013,0.954234
lerer,Bruggeman,695,4.006310,2.593656,0.047170,0.000015,0.952816
lerer,Bruggeman,700,4.092877,2.604059,0.048594,0.000017,0.951390
lerer,Bruggeman,705,4.180591,2.612780,0.050037,0.000019,0.949944
lerer,Bruggeman,710,4.269680,2.617118,0.051485,0.000022,0.948493
lerer,Bruggeman,715,4.358613,2.619549,0.052943,0.000025,0.947032
lerer,Bruggeman,720,4.450082,2.617351,0.054409,0.000030,0.945561
lerer,Bruggeman,725,4.542758,2.612998,0.055892,0.000035,0.944073
lerer,Bruggeman,730,4.633692,2.603886,0.057352,0.000042,0.942606
lerer,Bruggeman,735,4.711573,2.593088,0.058723,0.000050,0.941227
lerer,Bruggeman,740,4.790094,2.579546,0.060092,0.000059,0.939849
lerer,Bruggeman,745,4.869217,2.563139,0.061457,0.000071,0.938472
lerer,Bruggeman,750,4.948895,2.543736,0.062818,0.000086,0.937097
lerer,MLWA15,400,3.185116,0.877190,0.065939,0.000444,0.933616
lerer,MLWA15,405,3.183893,0.880327,0.066313,0.000475,0.933213
lerer,MLWA15,410,3.182797,0.884084,0.066661,0.000504,0.932835
lerer,MLWA15,415,3.180747,0.885991,0.066925,0.000542,0.932533
lerer,MLWA15,420,3.178065,0.885120,0.067098,0.000594,0.932307
lerer,MLWA15,425,3.175227,0.884211,0.067225,0.000650,0.932125
lerer,MLWA15,430,3.168263,0.882756,0.067211,0.000710,0.932079
lerer,MLWA15,435,3.156478,0.880955,0.067036,0.000772,0.932192
lerer,MLWA15,440,3.144459,0.879005,0.066787,0.000839,0.932374
lerer,MLWA15,445,3.125113,0.878174,0.066300,0.000896,0.932804
lerer,MLWA15,450,3.095554,0.877481,0.065467,0.000945,0.933588
lerer,MLWA15,455,3.064548,0.876156,0.064452,0.000998,0.934550
lerer,MLWA15,460,3.032278,0.874778,0.063250,0.001052,0.935698
lerer,MLWA15,465,2.993034,0.876277,0.061742,0.001076,0.937182
lerer,MLWA15,470,2.952457,0.876305,0.059979,0.001110,0.938911
lerer,MLWA15,475,2.910595,0.874663,0.057898,0.001156,0.940946
lerer,MLWA15,480,2.851283,0.886882,0.055220,0.001066,0.943714
lerer,MLWA15,485,2.776402,0.905604,0.051730,0.000921,0.947350
lerer,MLWA15,490,2.695568,0.921772,0.047119,0.000802,0.952079
lerer,MLWA15,495,2.606195,0.932172,0.040092,0.000717,0.959191
lerer,MLWA15,500,2.513026,0.993556,0.015916,0.000428,0.983657
lerer,MLWA15,505,2.403773,1.073981,0.012533,0.000224,0.987243
lerer,MLWA15,510,2.275543,1.162938,0.012369,0.000105,0.987526
lerer,MLWA15,515,2.118430,1.265094,0.012862,0.000042,0.987096
lerer,MLWA15,520,1.963624,1.432202,0.014466,0.000010,0.985524
lerer,MLWA15,525,1.799631,1.673646,0.017502,0.000001,0.982497
lerer,MLWA15,530,1.610762,1.988760,0.022273,0.000000,0.977727
lerer,MLWA15,535,1.403424,2.423601,0.029173,0.000000,0.970827
lerer,MLWA15,540,1.214322,3.000284,0.036870,0.000000,0.963130
lerer,MLWA15,545,1.200710,3.585762,0.040488,0.000000,0.959512
lerer,MLWA15,550,1.333332,4.314891,0.041265,0.000000,0.958735
lerer,MLWA15,555,1.692402,5.165665,0.038840,0.000000,0.961160
lerer,MLWA15,560,2.426371,6.051381,0.033491,0.000000,0.966509
lerer,MLWA15,565,3.344096,6.633931,0.028171,0.000000,0.971829
lerer,MLWA15,570,3.703824,6.830095,0.026496,0.000000,0.973504
lerer,MLWA15,575,4.101951,6.993492,0.025141,0.000000,0.974859
lerer,MLWA15,580,4.530243,7.093432,0.024200,0.000000,0.975800
lerer,MLWA15,585,5.010594,7.157672,0.023639,0.000000,0.976361
lerer,MLWA15,590,5.488499,7.169680,0.023623,0.000000,0.976377
lerer,MLWA15,595,5.975132,7.119788,0.024105,0.000000,0.975895
lerer,MLWA15,600,6.458382,7.005635,0.025078,0.000000,0.974922
lerer,MLWA15,605,6.925559,6.828061,0.026513,0.000000,0.973487
lerer,MLWA15,610,7.364456,6.591211,0.028358,0.000000,0.971642
lerer,MLWA15,615,7.753082,6.269890,0.030587,0.000000,0.969413
lerer,MLWA15,620,8.102010,5.940585,0.033061,0.000000,0.966939
lerer,MLWA15,625,8.398874,5.580002,0.035752,0.000000,0.964248
lerer,MLWA15,630,8.641317,5.199201,0.038608,0.000000,0.961392
lerer,MLWA15,635,8.829681,4.808754,0.041588,0.000000,0.958412
lerer,MLWA15,640,8.966543,4.418085,0.044664,0.000001,0.955335
lerer,MLWA15,645,9.051139,4.016495,0.047838,0.000002,0.952160
lerer,MLWA15,650,9.097176,3.648814,0.051055,0.000008,0.948937
lerer,MLWA15,655,8.776077,2.820627,0.054804,0.000092,0.945104
lerer,MLWA15,660,8.138954,1.926025,0.058603,0.001253,0.940144
lerer,MLWA15,665,7.601629,1.386022,0.059998,0.006527,0.933475
lerer,MLWA15,670,7.156311,1.039452,0.060840,0.019585,0.919575
lerer,MLWA15,675,6.802788,0.804729,0.066487,0.042492,0.891020
lerer,MLWA15,680,6.510851,0.638225,0.067775,0.075039,0.857186
lerer,MLWA15,685,6.269935,0.517536,0.054437,0.115534,0.830028
lerer,MLWA15,690,6.079831,0.434347,0.038883,0.159355,0.801762
lerer,MLWA15,695,5.945511,0.380098,0.042810,0.195203,0.761987
lerer,MLWA15,700,5.826211,0.336881,0.065850,0.223113,0.711036
lerer,MLWA15,705,5.720694,0.299339,0.091550,0.247134,0.661317
lerer,MLWA15,710,5.625923,0.268933,0.106775,0.268140,0.625085
lerer,MLWA15,715,5.542260,0.242225,0.102665,0.298335,0.599000
lerer,MLWA15,720,5.465283,0.219996,0.082122,0.339031,0.578847
lerer,MLWA15,725,5.395762,0.199826,0.056295,0.370482,0.573223
lerer,MLWA15,730,5.333904,0.183566,0.031840,0.415492,0.552668
lerer,MLWA15,735,5.284996,0.171224,0.021815,0.433974,0.544211
lerer,MLWA15,740,5.239524,0.160111,0.032131,0.409358,0.558511
lerer,MLWA15,745,5.197150,0.150067,0.039367,0.366738,0.593895
lerer,MLWA15,750,5.157578,0.140959,0.029315,0.402423,0.568262
lerer,Lerer,400,3.194734,0.830971,0.065548,0.000663,0.933789
lerer,Lerer,405,3.191549,0.835180,0.065914,0.000697,0.933389
lerer,Lerer,410,3.188861,0.839821,0.066252,0.000730,0.933018
lerer,Lerer,415,3.184541,0.843270,0.066493,0.000770,0.932737
lerer,Lerer,420,3.178451,0.844531,0.066624,0.000824,0.932552
lerer,Lerer,425,3.172318,0.845750,0.066709,0.000880,0.932410
lerer,Lerer,430,3.162393,0.848297,0.066683,0.000926,0.932391
lerer,Lerer,435,3.148070,0.852596,0.066527,0.000956,0.932517
lerer,Lerer,440,3.133468,0.856700,0.066292,0.000986,0.932721
lerer,Lerer,445,3.112681,0.864946,0.065871,0.000980,0.933149
lerer,Lerer,450,3.082338,0.877743,0.065165,0.000931,0.933904
lerer,Lerer,455,3.049931,0.890441,0.064277,0.000884,0.934839
lerer,Lerer,460,3.015833,0.903503,0.063211,0.000835,0.935954
lerer,Lerer,465,2.975727,0.922435,0.061920,0.000751,0.937329
lerer,Lerer,470,2.932894,0.940527,0.060367,0.000677,0.938956
lerer,Lerer,475,2.887190,0.957492,0.058477,0.000613,0.940909
lerer,Lerer,480,2.829020,0.997308,0.056282,0.000463,0.943255
lerer,Lerer,485,2.755957,1.053069,0.053491,0.000306,0.946203
lerer,Lerer,490,2.672835,1.111323,0.049603,0.000195,0.950201
lerer,Lerer,495,2.573907,1.170118,0.043214,0.000121,0.956665
lerer,Lerer,500,2.498152,1.295236,0.019040,0.000047,0.980913
lerer,Lerer,505,2.417297,1.461971,0.016091,0.000014,0.983895
lerer,Lerer,510,2.323620,1.665444,0.017023,0.000003,0.982974
lerer,Lerer,515,2.211729,1.928391,0.019182,0.000001,0.980817
lerer,Lerer,520,2.187741,2.294714,0.022261,0.000000,0.977739
lerer,Lerer,525,2.293045,2.775962,0.025260,0.000000,0.974740
lerer,Lerer,530,2.568526,3.353490,0.026955,0.000000,0.973045
lerer,Lerer,535,3.151317,3.956443,0.025986,0.000000,0.974014
lerer,Lerer,540,4.059276,4.337618,0.022423,0.000000,0.977577
lerer,Lerer,545,4.852635,4.222789,0.018898,0.000000,0.981102
lerer,Lerer,550,5.546516,3.826406,0.016330,0.000000,0.983670
lerer,Lerer,555,6.033664,3.275902,0.015161,0.000000,0.984839
lerer,Lerer,560,6.294639,2.678775,0.015333,0.000007,0.984660
lerer,Lerer,565,6.370175,2.238925,0.016567,0.000049,0.983384
lerer,Lerer,570,6.399688,2.117992,0.018115,0.000090,0.981795
lerer,Lerer,575,6.420970,1.999061,0.019856,0.000162,0.979981
lerer,Lerer,580,6.428360,1.885405,0.021769,0.000281,0.977950
lerer,Lerer,585,6.432399,1.766651,0.023826,0.000490,0.975684
lerer,Lerer,590,6.432685,1.657641,0.025974,0.000814,0.973212
lerer,Lerer,595,6.427196,1.552480,0.028179,0.001318,0.970503
lerer,Lerer,600,6.416537,1.451402,0.030379,0.002078,0.967543
lerer,Lerer,605,6.401290,1.354568,0.032507,0.003195,0.964299
lerer,Lerer,610,6.382011,1.262069,0.034518,0.004792,0.960690
lerer,Lerer,615,6.351808,1.173792,0.036419,0.007006,0.956575
lerer,Lerer,620,6.326270,1.090345,0.038364,0.010017,0.951618
lerer,Lerer,625,6.298161,1.011165,0.040529,0.014012,0.945459
lerer,Lerer,630,6.267888,0.936166,0.043096,0.019195,0.937709
lerer,Lerer,635,6.235821,0.865239,0.046128,0.025788,0.928084
lerer,Lerer,640,6.202291,0.798254,0.049491,0.034026,0.916483
lerer,Lerer,645,6.164079,0.732862,0.052869,0.044499,0.902632
lerer,Lerer,650,6.128547,0.673525,0.055642,0.056776,0.887582
lerer,Lerer,655,5.966297,0.568137,0.054312,0.085092,0.860596
lerer,Lerer,660,5.719076,0.445923,0.039557,0.137138,0.823305
lerer,Lerer,665,5.519127,0.358905,0.031796,0.195777,0.772427
lerer,Lerer,670,5.350729,0.295356,0.052486,0.247362,0.700152
lerer,Lerer,675,5.211402,0.245999,0.080883,0.293523,0.625594
lerer,Lerer,680,5.091550,0.207227,0.093010,0.341227,0.565763
lerer,Lerer,685,4.988630,0.176585,0.079660,0.399964,0.520376
lerer,Lerer,690,4.904778,0.154337,0.056944,0.452274,0.490782
lerer,Lerer,695,4.844300,0.139186,0.037294,0.493611,0.469095
lerer,Lerer,700,4.789307,0.126868,0.018970,0.537513,0.443517
lerer,Lerer,705,4.739451,0.115423,0.010295,0.574838,0.414867
lerer,Lerer,710,4.693774,0.106052,0.016607,0.589531,0.393862
lerer,Lerer,715,4.652641,0.097318,0.034561,0.581403,0.384036
lerer,Lerer,720,4.614125,0.090017,0.062843,0.541479,0.395678
lerer,Lerer,725,4.578722,0.083011,0.105545,0.369226,0.525229
lerer,Lerer,730,4.546826,0.077402,0.032548,0.563419,0.404032
lerer,Lerer,735,4.521545,0.073145,0.047069,0.642788,0.310143
lerer,Lerer,740,4.497764,0.069234,0.069516,0.659263,0.271221
lerer,Lerer,745,4.475359,0.065633,0.085265,0.673888,0.240846
lerer,Lerer,750,4.454220,0.062310,0.096204,0.680858,0.222938
jc,MG,400,3.226570,0.964643,0.067980,0.000223,0.931797
jc,MG,405,3.225474,0.967459,0.068327,0.000241,0.931432
jc,MG,410,3.224379,0.970288,0.068649,0.000260,0.931091
jc,MG,415,3.222506,0.972016,0.068907,0.000282,0.930811
jc,MG,420,3.219119,0.971575,0.069065,0.000311,0.930625
jc,MG,425,3.215724,0.971118,0.069178,0.000341,0.930482
jc,MG,430,3.212320,0.970647,0.069241,0.000373,0.930385
jc,MG,435,3.197965,0.973148,0.069056,0.000394,0.930549
jc,MG,440,3.182076,0.975831,0.068772,0.000414,0.930813
jc,MG,445,3.165845,0.978349,0.068394,0.000436,0.931171
jc,MG,450,3.149267,0.980687,0.067902,0.000457,0.931640
jc,MG,455,3.130011,0.978021,0.067163,0.000497,0.932341
jc,MG,460,3.109996,0.973804,0.066235,0.000544,0.933222
jc,MG,465,3.089756,0.969043,0.065109,0.000596,0.934295
jc,MG,470,3.069305,0.963717,0.063738,0.000655,0.935607
jc,MG,475,3.030486,0.974373,0.061861,0.000628,0.937511
jc,MG,480,2.981682,0.991346,0.059436,0.000569,0.939994
jc,MG,485,2.929216,1.008143,0.056299,0.000514,0.943187
jc,MG,490,2.872725,1.024593,0.051950,0.000462,0.947588
jc,MG,495,2.811804,1.040475,0.044957,0.000413,0.954630
jc,MG,500,2.722707,1.103654,0.017972,0.000250,0.981779
jc,MG,505,2.615324,1.187492,0.013869,0.000132,0.985999
jc,MG,510,2.490827,1.285106,0.013574,0.000061,0.986365
jc,MG,515,2.344773,1.400194,0.014022,0.000024,0.985954
jc,MG,520,2.171035,1.537904,0.015146,0.000007,0.984847
jc,MG,525,2.050586,1.731875,0.017136,0.000002,0.982863
jc,MG,530,1.946431,1.974600,0.019872,0.000000,0.980127
jc,MG,535,1.849225,2.272442,0.023300,0.000000,0.976700
jc,MG,540,1.771580,2.639937,0.027155,0.000000,0.972845
jc,MG,545,1.735724,3.093526,0.030842,0.000000,0.969158
jc,MG,550,1.786548,3.643079,0.033390,0.000000,0.966610
jc,MG,555,1.996021,4.271142,0.033799,0.000000,0.966201
jc,MG,560,2.420608,4.946252,0.032035,0.000000,0.967965
jc,MG,565,3.127066,5.570337,0.028603,0.000000,0.971397
jc,MG,570,4.119710,5.980618,0.024679,0.000000,0.975321
jc,MG,575,5.276906,6.009088,0.021582,0.000000,0.978418
jc,MG,580,6.367257,5.601515,0.020121,0.000000,0.979879
jc,MG,585,7.162787,4.810862,0.020393,0.000000,0.979607
jc,MG,590,7.560630,3.902954,0.022039,0.000000,0.977961
jc,MG,595,7.661282,3.093491,0.024586,0.000008,0.975407
jc,MG,600,7.586961,2.435925,0.027714,0.000084,0.972202
jc,MG,605,7.426428,1.924175,0.031120,0.000543,0.968337
jc,MG,610,7.232429,1.532095,0.034734,0.002272,0.962994
jc,MG,615,7.032929,1.232078,0.038399,0.006869,0.954732
jc,MG,620,6.847272,1.007211,0.040560,0.015928,0.943511
jc,MG,625,6.677417,0.833834,0.040500,0.030688,0.928812
jc,MG,630,6.521537,0.696125,0.041402,0.051819,0.906778
jc,MG,635,6.379630,0.585633,0.046903,0.079084,0.874013
jc,MG,640,6.250899,0.496092,0.055771,0.111982,0.832248
jc,MG,645,6.134224,0.422838,0.063978,0.149459,0.786563
jc,MG,650,6.028402,0.362371,0.067320,0.189671,0.743008
jc,MG,655,5.932268,0.312042,0.061608,0.232278,0.706114
jc,MG,660,5.844325,0.270878,0.046122,0.277126,0.676752
jc,MG,665,5.760935,0.244681,0.027763,0.316897,0.655340
jc,MG,670,5.685329,0.222155,0.018141,0.356074,0.625785
jc,MG,675,5.616487,0.202645,0.028659,0.382768,0.588573
jc,MG,680,5.553556,0.185636,0.058078,0.394872,0.547050
jc,MG,685,5.495818,0.170718,0.088960,0.407259,0.503781
jc,MG,690,5.442666,0.157561,0.112589,0.417959,0.469452
jc,MG,695,5.393580,0.145898,0.128833,0.427410,0.443756
jc,MG,700,5.348117,0.135511,0.124755,0.450859,0.424387
jc,MG,705,5.305667,0.126366,0.103764,0.489722,0.406513
jc,MG,710,5.264263,0.119391,0.079597,0.522826,0.397577
jc,MG,715,5.225781,0.113070,0.060113,0.540557,0.399329
jc,MG,720,5.189922,0.107320,0.036140,0.572921,0.390939
jc,MG,725,5.156430,0.102072,0.011709,0.595759,0.392532
jc,MG,730,5.125076,0.097265,0.011361,0.592121,0.396518
jc,MG,735,5.095664,0.092850,0.045173,0.484043,0.470784
jc,MG,740,5.068018,0.088782,0.027553,0.440369,0.532078
jc,MG,745,5.041985,0.085025,0.033567,0.507326,0.459107
jc,MG,750,5.017428,0.081546,0.086654,0.397612,0.515734
jc,Bruggeman,400,3.176693,0.838347,0.065268,0.000612,0.934120
jc,Bruggeman,405,3.175703,0.840101,0.065641,0.000659,0.933700
jc,Bruggeman,410,3.174715,0.841860,0.065975,0.000709,0.933317
jc,Bruggeman,415,3.173322,0.842821,0.066246,0.000765,0.932989
jc,Bruggeman,420,3.171138,0.842217,0.066437,0.000834,0.932729
jc,Bruggeman,425,3.168949,0.841608,0.066588,0.000907,0.932505
jc,Bruggeman,430,3.166755,0.840994,0.066697,0.000985,0.932319
jc,Bruggeman,435,3.157125,0.841408,0.066604,0.001051,0.932345
jc,Bruggeman,440,3.146524,0.841912,0.066425,0.001119,0.932456
jc,Bruggeman,445,3.135766,0.842390,0.066155,0.001189,0.932656
jc,Bruggeman,450,3.124846,0.842841,0.065770,0.001261,0.932969
jc,Bruggeman,455,3.112510,0.840026,0.065185,0.001367,0.933448
jc,Bruggeman,460,3.099729,0.836343,0.064423,0.001488,0.934089
jc,Bruggeman,465,3.086773,0.832482,0.063467,0.001619,0.934913
jc,Bruggeman,470,3.073640,0.828436,0.062277,0.001760,0.935963
jc,Bruggeman,475,3.048399,0.834707,0.060613,0.001753,0.937634
jc,Bruggeman,480,3.017412,0.845604,0.058452,0.001679,0.939869
jc,Bruggeman,485,2.985098,0.857246,0.055617,0.001596,0.942787
jc,Bruggeman,490,2.951382,0.869741,0.051589,0.001503,0.946907
jc,Bruggeman,495,2.916190,0.883219,0.044877,0.001401,0.953723
jc,Bruggeman,500,2.871347,0.927121,0.017230,0.001024,0.981745
jc,Bruggeman,505,2.824841,0.983203,0.012894,0.000719,0.986387
jc,Bruggeman,510,2.779576,1.045823,0.012324,0.000481,0.987195
jc,Bruggeman,515,2.736722,1.115071,0.012293,0.000309,0.987397
jc,Bruggeman,520,2.697490,1.190692,0.012561,0.000192,0.987246
jc,Bruggeman,525,2.690715,1.265940,0.013014,0.000126,0.986860
jc,Bruggeman,530,2.695166,1.340118,0.013571,0.000085,0.986344
jc,Bruggeman,535,2.704408,1.413546,0.014204,0.000059,0.985737
jc,Bruggeman,540,2.718038,1.485806,0.014894,0.000042,0.985064
jc,Bruggeman,545,2.735648,1.556598,0.015630,0.000031,0.984339
jc,Bruggeman,550,2.757585,1.625024,0.016402,0.000023,0.983575
jc,Bruggeman,555,2.784457,1.689739,0.017197,0.000018,0.982785
jc,Bruggeman,560,2.813950,1.752411,0.018021,0.000014,0.981964
jc,Bruggeman,565,2.845790,1.813039,0.018874,0.000012,0.981114
jc,Bruggeman,570,2.879743,1.871642,0.019753,0.000010,0.980237
jc,Bruggeman,575,2.915603,1.928252,0.020659,0.000009,0.979333
jc,Bruggeman,580,2.953192,1.982911,0.021590,0.000008,0.978403
jc,Bruggeman,585,2.996579,2.035566,0.022547,0.000007,0.977446
jc,Bruggeman,590,3.044329,2.085898,0.023531,0.000006,0.976463
jc,Bruggeman,595,3.093223,2.133960,0.024539,0.000006,0.975455
jc,Bruggeman,600,3.143154,2.179838,0.025573,0.000005,0.974422
jc,Bruggeman,605,3.194031,2.223608,0.026631,0.000005,0.973364
jc,Bruggeman,610,3.245776,2.265345,0.027713,0.000005,0.972282
jc,Bruggeman,615,3.298320,2.305115,0.028819,0.000005,0.971176
jc,Bruggeman,620,3.349933,2.341884,0.029941,0.000005,0.970054
jc,Bruggeman,625,3.401246,2.376329,0.031079,0.000005,0.968916
jc,Bruggeman,630,3.453146,2.409140,0.032239,0.000005,0.967756
jc,Bruggeman,635,3.505599,2.440357,0.033418,0.000005,0.966576
jc,Bruggeman,640,3.558572,2.470019,0.034616,0.000005,0.965378
jc,Bruggeman,645,3.612038,2.498158,0.035831,0.000006,0.964163
jc,Bruggeman,650,3.665970,2.524806,0.037063,0.000006,0.962931
jc,Bruggeman,655,3.720348,2.549990,0.038309,0.000006,0.961685
jc,Bruggeman,660,3.775394,2.573045,0.039566,0.000007,0.960427
jc,Bruggeman,665,3.832860,2.588435,0.040811,0.000007,0.959182
jc,Bruggeman,670,3.890367,2.602375,0.042065,0.000008,0.957927
jc,Bruggeman,675,3.947909,2.614890,0.043327,0.000009,0.956664
jc,Bruggeman,680,4.005478,2.625998,0.044596,0.000010,0.955394
jc,Bruggeman,685,4.063069,2.635717,0.045869,0.000011,0.954120
jc,Bruggeman,690,4.120675,2.644062,0.047146,0.000012,0.952841
jc,Bruggeman,695,4.178289,2.651046,0.048426,0.000014,0.951560
jc,Bruggeman,700,4.235906,2.656680,0.049707,0.000016,0.950278
jc,Bruggeman,705,4.293801,2.660723,0.050987,0.000018,0.948995
jc,Bruggeman,710,4.354152,2.661126,0.052268,0.000020,0.947712
jc,Bruggeman,715,4.414359,2.660079,0.053545,0.000023,0.946432
jc,Bruggeman,720,4.474416,2.657587,0.054818,0.000026,0.945155
jc,Bruggeman,725,4.534317,2.653651,0.056086,0.000030,0.943884
jc,Bruggeman,730,4.594055,2.648273,0.057348,0.000035,0.942618
jc,Bruggeman,735,4.653621,2.641449,0.058602,0.000040,0.941358
jc,Bruggeman,740,4.713009,2.633175,0.059847,0.000046,0.940107
jc,Bruggeman,745,4.772210,2.623446,0.061083,0.000054,0.938863
jc,Bruggeman,750,4.831213,2.612253,0.062309,0.000062,0.937629
jc,MLWA15,400,3.059983,0.921513,0.063959,0.000267,0.935774
jc,MLWA15,405,3.061769,0.925784,0.064368,0.000285,0.935346
jc,MLWA15,410,3.063474,0.929992,0.064745,0.000305,0.934951
jc,MLWA15,415,3.064754,0.932940,0.065061,0.000328,0.934611
jc,MLWA15,420,3.065252,0.933483,0.065292,0.000358,0.934350
jc,MLWA15,425,3.065620,0.933945,0.065480,0.000391,0.934129
jc,MLWA15,430,3.065862,0.934329,0.065619,0.000427,0.933954
jc,MLWA15,435,3.055491,0.934299,0.065464,0.000461,0.934076
jc,MLWA15,440,3.043587,0.934121,0.065201,0.000496,0.934303
jc,MLWA15,445,3.031307,0.933823,0.064843,0.000533,0.934623
jc,MLWA15,450,3.018649,0.933393,0.064374,0.000573,0.935054
jc,MLWA15,455,3.004734,0.927996,0.063692,0.000637,0.935671
jc,MLWA15,460,2.990339,0.921189,0.062841,0.000713,0.936446
jc,MLWA15,465,2.975682,0.913996,0.061809,0.000799,0.937391
jc,MLWA15,470,2.960778,0.906400,0.060554,0.000896,0.938550
jc,MLWA15,475,2.926069,0.909141,0.058694,0.000910,0.940396
jc,MLWA15,480,2.881463,0.915625,0.056269,0.000890,0.942841
jc,MLWA15,485,2.834050,0.921534,0.053172,0.000869,0.945959
jc,MLWA15,490,2.783607,0.926695,0.048933,0.000849,0.950218
jc,MLWA15,495,2.729897,0.930902,0.042205,0.000828,0.956966
jc,MLWA15,500,2.644363,0.969768,0.016383,0.000595,0.983022
jc,MLWA15,505,2.541514,1.021395,0.012447,0.000395,0.987158
jc,MLWA15,510,2.424496,1.079432,0.011918,0.000242,0.987840
jc,MLWA15,515,2.290137,1.145072,0.011937,0.000135,0.987929
jc,MLWA15,520,2.134245,1.219817,0.012339,0.000066,0.987595
jc,MLWA15,525,2.008996,1.341602,0.013466,0.000024,0.986510
jc,MLWA15,530,1.885009,1.495304,0.015251,0.000007,0.984742
jc,MLWA15,535,1.751499,1.680557,0.017816,0.000002,0.982183
jc,MLWA15,540,1.609537,1.906228,0.021335,0.000000,0.978665
jc,MLWA15,545,1.462104,2.184135,0.025856,0.000000,0.974144
jc,MLWA15,550,1.321290,2.529609,0.031057,0.000000,0.968943
jc,MLWA15,555,1.213761,2.958530,0.036013,0.000000,0.963987
jc,MLWA15,560,1.153951,3.490102,0.039828,0.000000,0.960172
jc,MLWA15,565,1.186690,4.141584,0.041476,0.000000,0.958524
jc,MLWA15,570,1.383072,4.915550,0.040366,0.000000,0.959634
jc,MLWA15,575,1.841761,5.773986,0.036720,0.000000,0.963280
jc,MLWA15,580,2.664066,6.599643,0.031660,0.000000,0.968340
jc,MLWA15,585,3.945017,7.122446,0.026699,0.000000,0.973301
jc,MLWA15,590,5.446722,7.049020,0.023804,0.000000,0.976196
jc,MLWA15,595,6.747008,6.398156,0.023457,0.000000,0.976543
jc,MLWA15,600,7.605433,5.419880,0.024923,0.000000,0.975077
jc,MLWA15,605,8.017936,4.398118,0.027402,0.000000,0.972598
jc,MLWA15,610,8.111134,3.498576,0.030477,0.000003,0.969519
jc,MLWA15,615,8.019357,2.770780,0.033939,0.000042,0.966019
jc,MLWA15,620,7.843517,2.218173,0.037523,0.000275,0.962203
jc,MLWA15,625,7.637626,1.796318,0.041132,0.001168,0.957700
jc,MLWA15,630,7.425565,1.468331,0.044712,0.003639,0.951648
jc,MLWA15,635,7.220684,1.211900,0.047283,0.008954,0.943763
jc,MLWA15,640,7.029016,1.009690,0.047962,0.018373,0.933665
jc,MLWA15,645,6.852700,0.848658,0.048773,0.032729,0.918497
jc,MLWA15,650,6.691890,0.719108,0.052838,0.052278,0.894884
jc,MLWA15,655,6.545792,0.613839,0.059985,0.076923,0.863092
jc,MLWA15,660,6.412404,0.528955,0.066926,0.105494,0.827580
jc,MLWA15,665,6.285457,0.470616,0.068451,0.131125,0.800425
jc,MLWA15,670,6.171553,0.421538,0.061625,0.158183,0.780191
jc,MLWA15,675,6.068867,0.379865,0.047603,0.187563,0.764834
jc,MLWA15,680,5.975880,0.344179,0.033336,0.219903,0.746761
jc,MLWA15,685,5.891323,0.313387,0.029428,0.251240,0.719332
jc,MLWA15,690,5.814132,0.286631,0.042845,0.275560,0.681595
jc,MLWA15,695,5.743409,0.263234,0.068596,0.292686,0.638718
jc,MLWA15,700,5.678390,0.242653,0.093786,0.306856,0.599358
jc,MLWA15,705,5.618116,0.224627,0.112460,0.318084,0.569455
jc,MLWA15,710,5.559826,0.210067,0.118199,0.330875,0.550925
jc,MLWA15,715,5.506013,0.197036,0.105446,0.357292,0.537261
jc,MLWA15,720,5.456183,0.185320,0.083878,0.390260,0.525862
jc,MLWA15,725,5.409910,0.174742,0.060060,0.408892,0.531048
jc,MLWA15,730,5.366830,0.165153,0.036085,0.446835,0.517080
jc,MLWA15,735,5.326624,0.156429,0.021762,0.467580,0.510658
jc,MLWA15,740,5.289015,0.148464,0.025386,0.453116,0.521498
jc,MLWA15,745,5.253759,0.141170,0.043532,0.387777,0.568691
jc,MLWA15,750,5.220643,0.134470,0.028324,0.396993,0.574683
jc,Lerer,400,3.107478,0.936033,0.065157,0.000249,0.934594
jc,Lerer,405,3.106987,0.938923,0.065505,0.000269,0.934227
jc,Lerer,410,3.106500,0.941828,0.065823,0.000289,0.933888
jc,Lerer,415,3.105060,0.943839,0.066074,0.000313,0.933613
jc,Lerer,420,3.101751,0.944086,0.066223,0.000342,0.933435
jc,Lerer,425,3.098429,0.944320,0.066332,0.000373,0.933295
jc,Lerer,430,3.095094,0.944543,0.066394,0.000406,0.933200
jc,Lerer,435,3.081891,0.949770,0.066251,0.000419,0.933330
jc,Lerer,440,3.067220,0.955506,0.066010,0.000431,0.933559
jc,Lerer,445,3.052144,0.961183,0.065673,0.000442,0.933885
jc,Lerer,450,3.036651,0.966791,0.065225,0.000453,0.934323
jc,Lerer,455,3.017494,0.968133,0.064517,0.000477,0.935007
jc,Lerer,460,2.997203,0.968124,0.063624,0.000506,0.935870
jc,Lerer,465,2.976492,0.967621,0.062544,0.000537,0.936918
jc,Lerer,470,2.955368,0.966591,0.061233,0.000572,0.938195
jc,Lerer,475,2.919323,0.985137,0.059578,0.000518,0.939904
jc,Lerer,480,2.874450,1.012398,0.057467,0.000436,0.942096
jc,Lerer,485,2.825527,1.040791,0.054685,0.000363,0.944952
jc,Lerer,490,2.772029,1.070310,0.050741,0.000297,0.948962
jc,Lerer,495,2.713343,1.100921,0.044232,0.000239,0.955529
jc,Lerer,500,2.636660,1.188761,0.018414,0.000122,0.981463
jc,Lerer,505,2.546572,1.306575,0.014746,0.000052,0.985202
jc,Lerer,510,2.443148,1.449260,0.014917,0.000018,0.985065
jc,Lerer,515,2.323636,1.625267,0.015998,0.000005,0.983997
jc,Lerer,520,2.184798,1.847182,0.018002,0.000001,0.981997
jc,Lerer,525,2.137938,2.120048,0.020453,0.000000,0.979547
jc,Lerer,530,2.149621,2.445023,0.022999,0.000000,0.977001
jc,Lerer,535,2.224403,2.826587,0.025254,0.000000,0.974746
jc,Lerer,540,2.397967,3.258410,0.026642,0.000000,0.973358
jc,Lerer,545,2.714044,3.713174,0.026693,0.000000,0.973307
jc,Lerer,550,3.212082,4.119880,0.025291,0.000000,0.974709
jc,Lerer,555,3.881203,4.361760,0.022948,0.000000,0.977052
jc,Lerer,560,4.638910,4.372837,0.020638,0.000000,0.979362
jc,Lerer,565,5.360723,4.126121,0.019093,0.000000,0.980907
jc,Lerer,570,5.930845,3.678296,0.018669,0.000000,0.981331
jc,Lerer,575,6.297215,3.134558,0.019357,0.000002,0.980642
jc,Lerer,580,6.474765,2.591036,0.020957,0.000017,0.979026
jc,Lerer,585,6.488389,2.088600,0.023261,0.000137,0.976601
jc,Lerer,590,6.400934,1.670370,0.025960,0.000762,0.973278
jc,Lerer,595,6.273812,1.342607,0.028606,0.002911,0.968483
jc,Lerer,600,6.132824,1.087681,0.030569,0.008291,0.961140
jc,Lerer,605,5.991741,0.889075,0.032213,0.018833,0.948954
jc,Lerer,610,5.857314,0.733345,0.035546,0.035979,0.928474
jc,Lerer,615,5.732433,0.610157,0.041086,0.060335,0.898578
jc,Lerer,620,5.621370,0.514390,0.046071,0.090736,0.863193
jc,Lerer,625,5.521664,0.437857,0.047210,0.126180,0.826610
jc,Lerer,630,5.430672,0.374954,0.042365,0.166015,0.791620
jc,Lerer,635,5.347689,0.322822,0.032569,0.209796,0.757634
jc,Lerer,640,5.271962,0.279278,0.022607,0.257787,0.719606
jc,Lerer,645,5.202762,0.242639,0.020527,0.305951,0.673522
jc,Lerer,650,5.139407,0.211598,0.033488,0.346445,0.620067
jc,Lerer,655,5.081279,0.185132,0.059022,0.378290,0.562688
jc,Lerer,660,5.027602,0.163078,0.082803,0.409286,0.507911
jc,Lerer,665,4.976416,0.149369,0.099516,0.428234,0.472250
jc,Lerer,670,4.929464,0.137348,0.102762,0.453378,0.443859
jc,Lerer,675,4.886250,0.126749,0.090998,0.487369,0.421633
jc,Lerer,680,4.846348,0.117355,0.071961,0.522643,0.405396
jc,Lerer,685,4.809398,0.108991,0.053872,0.547726,0.398402
jc,Lerer,690,4.775087,0.101509,0.037373,0.577971,0.384656
jc,Lerer,695,4.743145,0.094791,0.020341,0.613893,0.365766
jc,Lerer,700,4.713336,0.088735,0.008853,0.647980,0.343168
jc,Lerer,705,4.685308,0.083356,0.008807,0.664067,0.327126
jc,Lerer,710,4.657806,0.079323,0.020005,0.659622,0.320373
jc,Lerer,715,4.632073,0.075628,0.039528,0.632692,0.327781
jc,Lerer,720,4.607944,0.072233,0.068894,0.580244,0.350862
jc,Lerer,725,4.585275,0.069104,0.123969,0.367537,0.508494
jc,Lerer,730,4.563935,0.066214,0.030744,0.573115,0.396141
jc,Lerer,735,4.543814,0.063536,0.040829,0.671398,0.287773
jc,Lerer,740,4.524808,0.061050,0.066130,0.683007,0.250863
jc,Lerer,745,4.506827,0.058736,0.082838,0.693818,0.223344
jc,Lerer,750,4.489792,0.056578,0.095867,0.698488,0.205644
