formula,lambda_nm,Re_eps_eff,Im_eps_eff,R,T,A
MG,400,3.226570,0.964643,0.053038,0.245465,0.701497
MG,405,3.225474,0.967459,0.053626,0.248485,0.697890
MG,410,3.224379,0.970288,0.054252,0.251517,0.694230
MG,415,3.222506,0.972016,0.054876,0.254896,0.690229
MG,420,3.219119,0.971575,0.055460,0.258939,0.685601
MG,425,3.215724,0.971118,0.056027,0.262998,0.680975
MG,430,3.212320,0.970647,0.056561,0.267058,0.676381
MG,435,3.197965,0.973148,0.056913,0.269971,0.673116
MG,440,3.182076,0.975831,0.057153,0.272747,0.670099
MG,445,3.165845,0.978349,0.057272,0.275501,0.667227
MG,450,3.149267,0.980687,0.057242,0.278224,0.664533
MG,455,3.130011,0.978021,0.056974,0.282409,0.660617
MG,460,3.109996,0.973804,0.056479,0.286997,0.656524
MG,465,3.089756,0.969043,0.055728,0.291675,0.652597
MG,470,3.069305,0.963717,0.054661,0.296452,0.648887
MG,475,3.030486,0.974373,0.052881,0.295459,0.651660
MG,480,2.981682,0.991346,0.050403,0.292072,0.657525
MG,485,2.929216,1.008143,0.047132,0.288551,0.664317
MG,490,2.872725,1.024593,0.042629,0.284895,0.672476
MG,495,2.811804,1.040475,0.035627,0.281071,0.683302
MG,500,2.722707,1.103654,0.011242,0.261943,0.726815
MG,505,2.615324,1.187492,0.010314,0.237053,0.752633
MG,510,2.490827,1.285106,0.010087,0.212333,0.777580
MG,515,2.344773,1.400194,0.010169,0.185894,0.803938
MG,520,2.171035,1.537904,0.010898,0.157964,0.831137
MG,525,2.050586,1.731875,0.013272,0.128199,0.858528
MG,530,1.946431,1.974600,0.017220,0.100171,0.882608
MG,535,1.849225,2.272442,0.022933,0.075321,0.901746
MG,540,1.771580,2.639937,0.030478,0.054540,0.914981
MG,545,1.735724,3.093526,0.039502,0.038286,0.922212
MG,550,1.786548,3.643079,0.048956,0.026638,0.924406
MG,555,1.996021,4.271142,0.057084,0.019239,0.923677
MG,560,2.420608,4.946252,0.062910,0.014928,0.922162
MG,565,3.127066,5.570337,0.065510,0.013150,0.921340
MG,570,4.119710,5.980618,0.064683,0.013811,0.921505
MG,575,5.276906,6.009088,0.061058,0.017611,0.921331
MG,580,6.367257,5.601515,0.055873,0.026399,0.917729
MG,585,7.162787,4.810862,0.050275,0.044592,0.905133
MG,590,7.560630,3.902954,0.046395,0.075851,0.877754
MG,595,7.661282,3.093491,0.045977,0.119619,0.834404
MG,600,7.586961,2.435925,0.049263,0.172601,0.778135
MG,605,7.426428,1.924175,0.054500,0.231211,0.714288
MG,610,7.232429,1.532095,0.058944,0.292960,0.648096
MG,615,7.032929,1.232078,0.060914,0.354113,0.584973
MG,620,6.847272,1.007211,0.061225,0.408088,0.530687
MG,625,6.677417,0.833834,0.061154,0.454641,0.484204
MG,630,6.521537,0.696125,0.059486,0.499806,0.440708
MG,635,6.379630,0.585633,0.055527,0.548882,0.395591
MG,640,6.250899,0.496092,0.051072,0.600929,0.347999
MG,645,6.134224,0.422838,0.047121,0.651205,0.301674
MG,650,6.028402,0.362371,0.043365,0.696217,0.260418
MG,655,5.932268,0.312042,0.039470,0.734962,0.225567
MG,660,5.844325,0.270878,0.035278,0.767187,0.197535
MG,665,5.760935,0.244681,0.030381,0.789025,0.180594
MG,670,5.685329,0.222155,0.025117,0.805894,0.168989
MG,675,5.616487,0.202645,0.019095,0.816042,0.164864
MG,680,5.553556,0.185636,0.012758,0.822474,0.164768
MG,685,5.495818,0.170718,0.010273,0.845574,0.144153
MG,690,5.442666,0.157561,0.008972,0.869062,0.121967
MG,695,5.393580,0.145898,0.007135,0.884740,0.108125
MG,700,5.348117,0.135511,0.005469,0.896190,0.098341
MG,705,5.305667,0.126366,0.004378,0.904960,0.090662
MG,710,5.264263,0.119391,0.004057,0.910883,0.085059
MG,715,5.225781,0.113070,0.004804,0.914840,0.080356
MG,720,5.189922,0.107320,0.007114,0.916233,0.076652
MG,725,5.156430,0.102072,0.015963,0.907323,0.076714
MG,730,5.125076,0.097265,0.026060,0.901401,0.072539
MG,735,5.095664,0.092850,0.036981,0.892696,0.070323
MG,740,5.068018,0.088782,0.051764,0.878314,0.069922
MG,745,5.041985,0.085025,0.072337,0.855517,0.072146
MG,750,5.017428,0.081546,0.102279,0.818759,0.078961
MG,755,4.994224,0.078316,0.148888,0.756016,0.095096
MG,760,4.970767,0.075373,0.228260,0.638240,0.133500
MG,765,4.948265,0.072648,0.366920,0.405497,0.227584
MG,770,4.927003,0.070104,0.503440,0.096642,0.399917
MG,775,4.906881,0.067726,0.312938,0.291352,0.395710
MG,780,4.887811,0.065497,0.093392,0.662517,0.244091
MG,785,4.869711,0.063404,0.019025,0.823811,0.157164
MG,790,4.852510,0.061436,0.001225,0.883255,0.115519
MG,795,4.836143,0.059582,0.002274,0.903403,0.094324
MG,800,4.820550,0.057833,0.011011,0.905590,0.083399
MG,805,4.805677,0.056180,0.024432,0.896628,0.078940
MG,810,4.791476,0.054616,0.042705,0.877152,0.080143
MG,815,4.777903,0.053133,0.068454,0.842907,0.088640
MG,820,4.764916,0.051726,0.108428,0.781378,0.110194
MG,825,4.751570,0.050081,0.179966,0.658950,0.161083
MG,830,4.738571,0.048445,0.314117,0.404076,0.281807
MG,835,4.726146,0.046905,0.419370,0.150426,0.430204
MG,840,4.714259,0.045450,0.234162,0.461428,0.304410
MG,845,4.702875,0.044076,0.095279,0.743859,0.160862
MG,850,4.691964,0.042775,0.048693,0.854502,0.096805
MG,855,4.681495,0.041543,0.034565,0.898217,0.067218
MG,860,4.671443,0.040374,0.031614,0.916845,0.051542
MG,865,4.661784,0.039264,0.032963,0.924849,0.042188
MG,870,4.652495,0.038209,0.036111,0.927823,0.036066
MG,875,4.643555,0.037204,0.040037,0.928202,0.031761
MG,880,4.634944,0.036247,0.044284,0.927156,0.028560
MG,885,4.626646,0.035334,0.048632,0.925296,0.026071
MG,890,4.618642,0.034463,0.052973,0.922959,0.024068
MG,895,4.610793,0.033886,0.057255,0.920169,0.022577
MG,900,4.603136,0.033493,0.061441,0.917140,0.021418
Bruggeman,400,3.176693,0.838347,0.051018,0.287080,0.661902
Bruggeman,405,3.175703,0.840101,0.051742,0.290508,0.657750
Bruggeman,410,3.174715,0.841860,0.052483,0.293994,0.653523
Bruggeman,415,3.173322,0.842821,0.053210,0.297817,0.648973
Bruggeman,420,3.171138,0.842217,0.053903,0.302237,0.643860
Bruggeman,425,3.168949,0.841608,0.054570,0.306667,0.638764
Bruggeman,430,3.166755,0.840994,0.055198,0.311077,0.633724
Bruggeman,435,3.157125,0.841408,0.055666,0.314942,0.629391
Bruggeman,440,3.146524,0.841912,0.056030,0.318685,0.625284
Bruggeman,445,3.135766,0.842390,0.056278,0.322347,0.621376
Bruggeman,450,3.124846,0.842841,0.056381,0.325917,0.617701
Bruggeman,455,3.112510,0.840026,0.056282,0.330612,0.613106
Bruggeman,460,3.099729,0.836343,0.055965,0.335538,0.608497
Bruggeman,465,3.086773,0.832482,0.055389,0.340438,0.604173
Bruggeman,470,3.073640,0.828436,0.054492,0.345318,0.600190
Bruggeman,475,3.048399,0.834707,0.052920,0.345824,0.601256
Bruggeman,480,3.017412,0.845604,0.050681,0.344316,0.605003
Bruggeman,485,2.985098,0.857246,0.047658,0.342408,0.609935
Bruggeman,490,2.951382,0.869741,0.043381,0.340055,0.616564
Bruggeman,495,2.916190,0.883219,0.036500,0.337211,0.626289
Bruggeman,500,2.871347,0.927121,0.011096,0.323560,0.665345
Bruggeman,505,2.824841,0.983203,0.010339,0.304516,0.685145
Bruggeman,510,2.779576,1.045823,0.010098,0.286577,0.703325
Bruggeman,515,2.736722,1.115071,0.009900,0.268074,0.722026
Bruggeman,520,2.697490,1.190692,0.009837,0.250096,0.740067
Bruggeman,525,2.690715,1.265940,0.010078,0.234896,0.755025
Bruggeman,530,2.695166,1.340118,0.010430,0.221707,0.767863
Bruggeman,535,2.704408,1.413546,0.010842,0.210021,0.779136
Bruggeman,540,2.718038,1.485806,0.011303,0.199729,0.788967
Bruggeman,545,2.735648,1.556598,0.011801,0.190705,0.797494
Bruggeman,550,2.757585,1.625024,0.012317,0.182961,0.804722
Bruggeman,555,2.784457,1.689739,0.012833,0.176574,0.810593
Bruggeman,560,2.813950,1.752411,0.013349,0.171053,0.815597
Bruggeman,565,2.845790,1.813039,0.013863,0.166293,0.819844
Bruggeman,570,2.879743,1.871642,0.014369,0.162202,0.823429
Bruggeman,575,2.915603,1.928252,0.014867,0.158699,0.826434
Bruggeman,580,2.953192,1.982911,0.015353,0.155717,0.828930
Bruggeman,585,2.996579,2.035566,0.015833,0.153321,0.830846
Bruggeman,590,3.044329,2.085898,0.016298,0.151462,0.832240
Bruggeman,595,3.093223,2.133960,0.016742,0.150007,0.833251
Bruggeman,600,3.143154,2.179838,0.017166,0.148910,0.833924
Bruggeman,605,3.194031,2.223608,0.017573,0.148132,0.834295
Bruggeman,610,3.245776,2.265345,0.017965,0.147640,0.834395
Bruggeman,615,3.298320,2.305115,0.018343,0.147408,0.834249
Bruggeman,620,3.349933,2.341884,0.018696,0.147484,0.833820
Bruggeman,625,3.401246,2.376329,0.019034,0.147797,0.833169
Bruggeman,630,3.453146,2.409140,0.019367,0.148285,0.832349
Bruggeman,635,3.505599,2.440357,0.019694,0.148934,0.831371
Bruggeman,640,3.558572,2.470019,0.020018,0.149734,0.830248
Bruggeman,645,3.612038,2.498158,0.020339,0.150672,0.828989
Bruggeman,650,3.665970,2.524806,0.020657,0.151739,0.827604
Bruggeman,655,3.720348,2.549990,0.020973,0.152926,0.826101
Bruggeman,660,3.775394,2.573045,0.021277,0.154297,0.824426
Bruggeman,665,3.832860,2.588435,0.021506,0.156415,0.822078
Bruggeman,670,3.890367,2.602375,0.021730,0.158624,0.819645
Bruggeman,675,3.947909,2.614890,0.021947,0.160916,0.817136
Bruggeman,680,4.005478,2.625998,0.022154,0.163284,0.814561
Bruggeman,685,4.063069,2.635717,0.022348,0.165718,0.811934
Bruggeman,690,4.120675,2.644062,0.022522,0.168203,0.809275
Bruggeman,695,4.178289,2.651046,0.022670,0.170721,0.806609
Bruggeman,700,4.235906,2.656680,0.022781,0.173240,0.803979
Bruggeman,705,4.293801,2.660723,0.022837,0.175739,0.801424
Bruggeman,710,4.354152,2.661126,0.022780,0.178369,0.798850
Bruggeman,715,4.414359,2.660079,0.022590,0.180657,0.796753
Bruggeman,720,4.474416,2.657587,0.022138,0.182003,0.795859
Bruggeman,725,4.534317,2.653651,0.020207,0.175687,0.804106
Bruggeman,730,4.594055,2.648273,0.020022,0.179159,0.800819
Bruggeman,735,4.653621,2.641449,0.020735,0.182489,0.796776
Bruggeman,740,4.713009,2.633175,0.021749,0.185614,0.792637
Bruggeman,745,4.772210,2.623446,0.022998,0.188597,0.788404
Bruggeman,750,4.831213,2.612253,0.024450,0.191463,0.784087
Bruggeman,755,4.890009,2.599585,0.026079,0.194227,0.779694
Bruggeman,760,4.952413,2.583687,0.027819,0.197120,0.775061
Bruggeman,765,5.015459,2.565613,0.029689,0.200000,0.770311
Bruggeman,770,5.078165,2.545752,0.031683,0.202824,0.765493
Bruggeman,775,5.140509,2.524077,0.033785,0.205599,0.760616
Bruggeman,780,5.202470,2.500557,0.035974,0.208339,0.755687
Bruggeman,785,5.264022,2.475160,0.038231,0.211057,0.750712
Bruggeman,790,5.325137,2.447846,0.040533,0.213771,0.745696
Bruggeman,795,5.385785,2.418572,0.042858,0.216503,0.740639
Bruggeman,800,5.445928,2.387292,0.045179,0.219277,0.735543
Bruggeman,805,5.505528,2.353951,0.047471,0.222125,0.730403
Bruggeman,810,5.564539,2.318489,0.049706,0.225081,0.725213
Bruggeman,815,5.622909,2.280842,0.051854,0.228186,0.719960
Bruggeman,820,5.680578,2.240935,0.053884,0.231488,0.714628
Bruggeman,825,5.742559,2.196329,0.055777,0.235202,0.709022
Bruggeman,830,5.805067,2.148135,0.057507,0.239279,0.703214
Bruggeman,835,5.866550,2.096819,0.059034,0.243753,0.697212
Bruggeman,840,5.926868,2.042224,0.060319,0.248719,0.690962
Bruggeman,845,5.985855,1.984173,0.061316,0.254289,0.684395
Bruggeman,850,6.043309,1.922467,0.061977,0.260601,0.677422
Bruggeman,855,6.098978,1.856885,0.062255,0.267819,0.669926
Bruggeman,860,6.152556,1.787182,0.062098,0.276143,0.661760
Bruggeman,865,6.203652,1.713090,0.061458,0.285811,0.652731
Bruggeman,870,6.251774,1.634319,0.060294,0.297110,0.642596
Bruggeman,875,6.296290,1.550574,0.058582,0.310370,0.631047
Bruggeman,880,6.336380,1.461573,0.056329,0.325968,0.617703
Bruggeman,885,6.370977,1.367101,0.053602,0.344292,0.602106
Bruggeman,890,6.398698,1.267101,0.050574,0.365680,0.583746
Bruggeman,895,6.414187,1.159983,0.047580,0.390790,0.561630
Bruggeman,900,6.415798,1.048290,0.045418,0.418809,0.535772
MLWA10,400,3.148984,0.959226,0.052179,0.245628,0.702192
MLWA10,405,3.149368,0.962234,0.052773,0.248662,0.698565
MLWA10,410,3.149701,0.965240,0.053392,0.251712,0.694896
MLWA10,415,3.149394,0.967051,0.053999,0.255136,0.690865
MLWA10,420,3.147873,0.966527,0.054564,0.259276,0.686160
MLWA10,425,3.146278,0.965985,0.055108,0.263422,0.681470
MLWA10,430,3.144612,0.965425,0.055619,0.267556,0.676825
MLWA10,435,3.131831,0.966301,0.055927,0.271002,0.673071
MLWA10,440,3.117496,0.967224,0.056124,0.274347,0.669529
MLWA10,445,3.102817,0.968015,0.056202,0.277658,0.666140
MLWA10,450,3.087790,0.968664,0.056137,0.280928,0.662935
MLWA10,455,3.070738,0.964214,0.055845,0.285733,0.658422
MLWA10,460,3.053075,0.958270,0.055336,0.290947,0.653717
MLWA10,465,3.035192,0.951872,0.054578,0.296238,0.649184
MLWA10,470,3.017104,0.945000,0.053514,0.301615,0.644871
MLWA10,475,2.979565,0.951675,0.051708,0.301877,0.646416
MLWA10,480,2.931907,0.963485,0.049201,0.300043,0.650756
MLWA10,485,2.880975,0.974860,0.045920,0.298132,0.655948
MLWA10,490,2.826476,0.985617,0.041434,0.296153,0.662412
MLWA10,495,2.768089,0.995531,0.034501,0.294094,0.671405
MLWA10,500,2.678941,1.047106,0.010378,0.277551,0.712071
MLWA10,505,2.571395,1.115461,0.009321,0.255215,0.735464
MLWA10,510,2.447590,1.193723,0.008897,0.233099,0.758004
MLWA10,515,2.303514,1.284183,0.008670,0.209172,0.782158
MLWA10,520,2.133721,1.389896,0.008887,0.183477,0.807636
MLWA10,525,2.005264,1.548748,0.010498,0.153202,0.836301
MLWA10,530,1.883836,1.748925,0.013495,0.123157,0.863348
MLWA10,535,1.758279,1.993548,0.018184,0.095272,0.886544
MLWA10,540,1.634067,2.295447,0.024888,0.070682,0.904430
MLWA10,545,1.521881,2.671142,0.033629,0.050272,0.916099
MLWA10,550,1.448556,3.138562,0.043799,0.034600,0.921601
MLWA10,555,1.465255,3.707236,0.053912,0.023693,0.922396
MLWA10,560,1.614797,4.385569,0.062823,0.016501,0.920676
MLWA10,565,1.979853,5.149205,0.069120,0.012228,0.918651
MLWA10,570,2.652861,5.911860,0.071796,0.010221,0.917983
MLWA10,575,3.680523,6.500331,0.070610,0.010218,0.919173
MLWA10,580,4.973492,6.694049,0.066225,0.012629,0.921147
MLWA10,585,6.292459,6.283817,0.059433,0.019697,0.920870
MLWA10,590,7.264636,5.403805,0.052521,0.034961,0.912518
MLWA10,595,7.777942,4.403105,0.047570,0.061656,0.890774
MLWA10,600,7.935005,3.489945,0.045993,0.101089,0.852918
MLWA10,605,7.876942,2.742140,0.048457,0.150753,0.800790
MLWA10,610,7.710933,2.159715,0.053688,0.206823,0.739490
MLWA10,615,7.501603,1.714618,0.058910,0.266816,0.674274
MLWA10,620,7.289963,1.384045,0.061745,0.326112,0.612143
MLWA10,625,7.088745,1.132439,0.062270,0.380838,0.556893
MLWA10,630,6.900660,0.935466,0.061951,0.428984,0.509065
MLWA10,635,6.727991,0.779697,0.060504,0.473878,0.465618
MLWA10,640,6.570903,0.655210,0.056867,0.521775,0.421359
MLWA10,645,6.428562,0.554690,0.052381,0.573666,0.373952
MLWA10,650,6.299729,0.472714,0.048439,0.625252,0.326309
MLWA10,655,6.183047,0.405238,0.044885,0.672316,0.282799
MLWA10,660,6.076656,0.350438,0.041182,0.712592,0.246225
MLWA10,665,5.975930,0.314510,0.036678,0.741570,0.221753
MLWA10,670,5.885076,0.283905,0.031805,0.765658,0.202537
MLWA10,675,5.802746,0.257621,0.026477,0.784888,0.188635
MLWA10,680,5.727820,0.234882,0.020480,0.798127,0.181393
MLWA10,685,5.659361,0.215077,0.014284,0.807346,0.178370
MLWA10,690,5.596582,0.197722,0.011195,0.828343,0.160461
MLWA10,695,5.538816,0.182427,0.009636,0.852303,0.138061
MLWA10,700,5.485492,0.168879,0.007731,0.869339,0.122931
MLWA10,705,5.435865,0.156980,0.006065,0.881742,0.112193
MLWA10,710,5.387663,0.147688,0.005056,0.890363,0.104581
MLWA10,715,5.342994,0.139312,0.005124,0.896489,0.098387
MLWA10,720,5.301484,0.131730,0.006819,0.899612,0.093569
MLWA10,725,5.262810,0.124841,0.015307,0.891217,0.093476
MLWA10,730,5.226692,0.118559,0.023250,0.889177,0.087572
MLWA10,735,5.192886,0.112812,0.032685,0.883165,0.084150
MLWA10,740,5.161176,0.107538,0.045757,0.871569,0.082674
MLWA10,745,5.131373,0.102683,0.063890,0.852341,0.083768
MLWA10,750,5.103312,0.098203,0.089733,0.821252,0.089015
MLWA10,755,5.076843,0.094058,0.128453,0.769493,0.102054
MLWA10,760,5.050203,0.090262,0.190990,0.676815,0.132195
MLWA10,765,5.024705,0.086750,0.296644,0.500789,0.202566
MLWA10,770,5.000647,0.083484,0.441203,0.207826,0.350972
MLWA10,775,4.977911,0.080439,0.407734,0.132125,0.460141
MLWA10,780,4.956392,0.077594,0.167238,0.497653,0.335108
MLWA10,785,4.935993,0.074932,0.044241,0.743034,0.212726
MLWA10,790,4.916629,0.072435,0.006992,0.843491,0.149517
MLWA10,795,4.898224,0.070088,0.000434,0.882358,0.117209
MLWA10,800,4.880708,0.067880,0.005510,0.894502,0.099988
MLWA10,805,4.864019,0.065799,0.016351,0.892300,0.091349
MLWA10,810,4.848098,0.063834,0.031686,0.879288,0.089026
MLWA10,815,4.832894,0.061977,0.052659,0.854036,0.093305
MLWA10,820,4.818360,0.060218,0.083137,0.809413,0.107450
MLWA10,825,4.803487,0.058213,0.133112,0.726056,0.140832
MLWA10,830,4.789024,0.056236,0.223680,0.556993,0.219327
MLWA10,835,4.775210,0.054374,0.362090,0.262168,0.375742
MLWA10,840,4.762002,0.052620,0.335893,0.246964,0.417143
MLWA10,845,4.749361,0.050964,0.153490,0.600696,0.245814
MLWA10,850,4.737252,0.049398,0.068945,0.792198,0.138857
MLWA10,855,4.725641,0.047917,0.041172,0.868511,0.090317
MLWA10,860,4.714498,0.046513,0.033191,0.900699,0.066110
MLWA10,865,4.703796,0.045182,0.032519,0.915044,0.052437
MLWA10,870,4.693509,0.043917,0.034817,0.921310,0.043873
MLWA10,875,4.683613,0.042714,0.038395,0.923549,0.038056
MLWA10,880,4.674087,0.041569,0.042528,0.923625,0.033847
MLWA10,885,4.664910,0.040479,0.046878,0.922477,0.030645
MLWA10,890,4.656063,0.039439,0.051277,0.920611,0.028112
MLWA10,895,4.647394,0.038713,0.055648,0.918131,0.026221
MLWA10,900,4.638946,0.038186,0.059938,0.915314,0.024748
MLWA15,400,3.059983,0.921513,0.050727,0.255879,0.693394
MLWA15,405,3.061769,0.925784,0.051359,0.258588,0.690053
MLWA15,410,3.063474,0.929992,0.052000,0.261332,0.686668
MLWA15,415,3.064754,0.932940,0.052622,0.264486,0.682893
MLWA15,420,3.065252,0.933483,0.053199,0.268410,0.678391
MLWA15,425,3.065620,0.933945,0.053751,0.272341,0.673908
MLWA15,430,3.065862,0.934329,0.054265,0.276263,0.669472
MLWA15,435,3.055491,0.934299,0.054558,0.280076,0.665366
MLWA15,440,3.043587,0.934121,0.054738,0.283846,0.661416
MLWA15,445,3.031307,0.933823,0.054802,0.287574,0.657625
MLWA15,450,3.018649,0.933393,0.054723,0.291257,0.654021
MLWA15,455,3.004734,0.927996,0.054435,0.296528,0.649037
MLWA15,460,2.990339,0.921189,0.053938,0.302211,0.643851
MLWA15,465,2.975682,0.913996,0.053198,0.307963,0.638838
MLWA15,470,2.960778,0.906400,0.052161,0.313793,0.634046
MLWA15,475,2.926069,0.909141,0.050353,0.315395,0.634252
MLWA15,480,2.881463,0.915625,0.047846,0.315291,0.636864
MLWA15,485,2.834050,0.921534,0.044586,0.315162,0.640252
MLWA15,490,2.783607,0.926695,0.040150,0.315034,0.644816
MLWA15,495,2.729897,0.930902,0.033317,0.314919,0.651764
MLWA15,500,2.644363,0.969768,0.009452,0.301648,0.688900
MLWA15,505,2.541514,1.021395,0.008298,0.282598,0.709104
MLWA15,510,2.424496,1.079432,0.007714,0.263905,0.728381
MLWA15,515,2.290137,1.145072,0.007229,0.243441,0.749330
MLWA15,520,2.134245,1.219817,0.006994,0.221137,0.771869
MLWA15,525,2.008996,1.341602,0.007773,0.191459,0.800768
MLWA15,530,1.885009,1.495304,0.009558,0.160282,0.830159
MLWA15,535,1.751499,1.680557,0.012663,0.129828,0.857509
MLWA15,540,1.609537,1.906228,0.017547,0.101236,0.881217
MLWA15,545,1.462104,2.184135,0.024566,0.075675,0.899759
MLWA15,550,1.321290,2.529609,0.033688,0.054242,0.912070
MLWA15,555,1.213761,2.958530,0.044121,0.037682,0.918198
MLWA15,560,1.153951,3.490102,0.055029,0.025559,0.919412
MLWA15,565,1.186690,4.141584,0.065056,0.017298,0.917645
MLWA15,570,1.383072,4.915550,0.072744,0.012101,0.915155
MLWA15,575,1.841761,5.773986,0.076906,0.009202,0.913892
MLWA15,580,2.664066,6.599643,0.076997,0.008078,0.914925
MLWA15,585,3.945017,7.122446,0.072504,0.008985,0.918511
MLWA15,590,5.446722,7.049020,0.065175,0.012885,0.921939
MLWA15,595,6.747008,6.398156,0.057554,0.021718,0.920728
MLWA15,600,7.605433,5.419880,0.051212,0.038707,0.910082
MLWA15,605,8.017936,4.398118,0.047387,0.066765,0.885848
MLWA15,610,8.111134,3.498576,0.047103,0.106223,0.846675
MLWA15,615,8.019357,2.770780,0.050364,0.154406,0.795230
MLWA15,620,7.843517,2.218173,0.055314,0.206728,0.737958
MLWA15,625,7.637626,1.796318,0.059552,0.261498,0.678950
MLWA15,630,7.425565,1.468331,0.061601,0.316654,0.621745
MLWA15,635,7.220684,1.211900,0.061649,0.368226,0.570126
MLWA15,640,7.029016,1.009690,0.060553,0.414810,0.524637
MLWA15,645,6.852700,0.848658,0.057998,0.460320,0.481682
MLWA15,650,6.691890,0.719108,0.054028,0.509114,0.436859
MLWA15,655,6.545792,0.613839,0.050012,0.560420,0.389567
MLWA15,660,6.412404,0.528955,0.046532,0.609620,0.343848
MLWA15,665,6.285457,0.470616,0.042753,0.649008,0.308239
MLWA15,670,6.171553,0.421538,0.038702,0.682957,0.278341
MLWA15,675,6.068867,0.379865,0.034161,0.711918,0.253921
MLWA15,680,5.975880,0.344179,0.029073,0.736258,0.234669
MLWA15,685,5.891323,0.313387,0.023440,0.755768,0.220791
MLWA15,690,5.814132,0.286631,0.017574,0.770818,0.211608
MLWA15,695,5.743409,0.263234,0.013197,0.788361,0.198442
MLWA15,700,5.678390,0.242653,0.010906,0.811854,0.177239
MLWA15,705,5.618116,0.224627,0.008885,0.832003,0.159111
MLWA15,710,5.559826,0.210067,0.007078,0.846424,0.146498
MLWA15,715,5.506013,0.197036,0.006170,0.856970,0.136859
MLWA15,720,5.456183,0.185320,0.006867,0.863545,0.129589
MLWA15,725,5.409910,0.174742,0.014474,0.856335,0.129191
MLWA15,730,5.366830,0.165153,0.019224,0.861111,0.119665
MLWA15,735,5.326624,0.156429,0.026586,0.859606,0.113809
MLWA15,740,5.289015,0.148464,0.037430,0.852258,0.110312
MLWA15,745,5.253759,0.141170,0.052635,0.837790,0.109575
MLWA15,750,5.220643,0.134470,0.073940,0.813213,0.112847
MLWA15,755,5.189478,0.128298,0.104608,0.772486,0.122905
MLWA15,760,5.158273,0.122602,0.151172,0.702534,0.146294
MLWA15,765,5.128488,0.117343,0.224625,0.577514,0.197861
MLWA15,770,5.100442,0.112474,0.333292,0.359878,0.306830
MLWA15,775,5.073987,0.107955,0.406488,0.128925,0.464587
MLWA15,780,5.048991,0.103751,0.270614,0.262812,0.466575
MLWA15,785,5.025337,0.099832,0.100025,0.573753,0.326221
MLWA15,790,5.002919,0.096170,0.026019,0.750133,0.223849
MLWA15,795,4.981643,0.092743,0.003543,0.828561,0.167896
MLWA15,800,4.961424,0.089529,0.001382,0.861394,0.137225
MLWA15,805,4.942185,0.086510,0.008071,0.871661,0.120268
MLWA15,810,4.923855,0.083669,0.019886,0.868098,0.112016
MLWA15,815,4.906373,0.080992,0.036303,0.852745,0.110952
MLWA15,820,4.889681,0.078465,0.058915,0.822885,0.118201
MLWA15,825,4.872684,0.075693,0.092592,0.769000,0.138407
MLWA15,830,4.856190,0.072985,0.147375,0.667545,0.185080
MLWA15,835,4.840451,0.070441,0.239435,0.473977,0.286588
MLWA15,840,4.825416,0.068046,0.334093,0.232051,0.433855
MLWA15,845,4.811040,0.065789,0.251607,0.352317,0.396076
MLWA15,850,4.797279,0.063659,0.118348,0.644120,0.237532
MLWA15,855,4.784095,0.061646,0.059799,0.795300,0.144901
MLWA15,860,4.771452,0.059741,0.039665,0.860825,0.099510
MLWA15,865,4.759319,0.057936,0.034057,0.890615,0.075328
MLWA15,870,4.747664,0.056224,0.034207,0.904786,0.061006
MLWA15,875,4.736459,0.054598,0.036816,0.911462,0.051722
MLWA15,880,4.725680,0.053052,0.040520,0.914228,0.045252
MLWA15,885,4.715302,0.051581,0.044708,0.914815,0.040477
MLWA15,890,4.705303,0.050179,0.049084,0.914128,0.036789
MLWA15,895,4.695518,0.049127,0.053507,0.912469,0.034024
MLWA15,900,4.685989,0.048296,0.057890,0.910245,0.031865
Lerer,400,3.107478,0.936033,0.051438,0.252126,0.696436
Lerer,405,3.106987,0.938923,0.052033,0.255210,0.692758
Lerer,410,3.106500,0.941828,0.052644,0.258310,0.689046
Lerer,415,3.105060,0.943839,0.053237,0.261692,0.685071
Lerer,420,3.101751,0.944086,0.053777,0.265614,0.680609
Lerer,425,3.098429,0.944320,0.054292,0.269530,0.676178
Lerer,430,3.095094,0.944543,0.054767,0.273424,0.671809
Lerer,435,3.081891,0.949770,0.055069,0.275444,0.669487
Lerer,440,3.067220,0.955506,0.055254,0.277202,0.667544
Lerer,445,3.052144,0.961183,0.055314,0.278892,0.665794
Lerer,450,3.036651,0.966791,0.055224,0.280512,0.664264
Lerer,455,3.017494,0.968133,0.054875,0.283353,0.661772
Lerer,460,2.997203,0.968124,0.054295,0.286513,0.659192
Lerer,465,2.976492,0.967621,0.053461,0.289728,0.656811
Lerer,470,2.955368,0.966591,0.052321,0.293005,0.654674
Lerer,475,2.919323,0.985137,0.050607,0.289402,0.659991
Lerer,480,2.874450,1.012398,0.048299,0.282787,0.668914
Lerer,485,2.825527,1.040791,0.045269,0.275783,0.678948
Lerer,490,2.772029,1.070310,0.041088,0.268351,0.690561
Lerer,495,2.713343,1.100921,0.034520,0.260403,0.705077
Lerer,500,2.636660,1.188761,0.011342,0.236022,0.752636
Lerer,505,2.546572,1.306575,0.010990,0.206051,0.782959
Lerer,510,2.443148,1.449260,0.011604,0.176552,0.811845
Lerer,515,2.323636,1.625267,0.012914,0.146062,0.841024
Lerer,520,2.184798,1.847182,0.015479,0.115406,0.869114
Lerer,525,2.137938,2.120048,0.019728,0.089530,0.890742
Lerer,530,2.149621,2.445023,0.025239,0.068365,0.906396
Lerer,535,2.224403,2.826587,0.031677,0.051722,0.916601
Lerer,540,2.397967,3.258410,0.038365,0.039644,0.921992
Lerer,545,2.714044,3.713174,0.044352,0.031849,0.923799
Lerer,550,3.212082,4.119880,0.048537,0.028193,0.923270
Lerer,555,3.881203,4.361760,0.050138,0.028918,0.920945
Lerer,560,4.638910,4.372837,0.049657,0.034252,0.916091
Lerer,565,5.360723,4.126121,0.047803,0.045910,0.906287
Lerer,570,5.930845,3.678296,0.045642,0.066341,0.888016
Lerer,575,6.297215,3.134558,0.044323,0.097684,0.857992
Lerer,580,6.474765,2.591036,0.044685,0.140351,0.814964
Lerer,585,6.488389,2.088600,0.046667,0.194483,0.758849
Lerer,590,6.400934,1.670370,0.049040,0.255958,0.695002
Lerer,595,6.273812,1.342607,0.050552,0.319174,0.630274
Lerer,600,6.132824,1.087681,0.051156,0.379759,0.569085
Lerer,605,5.991741,0.889075,0.051057,0.435891,0.513052
Lerer,610,5.857314,0.733345,0.049410,0.490094,0.460496
Lerer,615,5.732433,0.610157,0.045981,0.545319,0.408700
Lerer,620,5.621370,0.514390,0.041854,0.599131,0.359015
Lerer,625,5.521664,0.437857,0.037558,0.649031,0.313412
Lerer,630,5.430672,0.374954,0.033090,0.693588,0.273321
Lerer,635,5.347689,0.322822,0.028516,0.732055,0.239429
Lerer,640,5.271962,0.279278,0.023914,0.764351,0.211736
Lerer,645,5.202762,0.242639,0.019213,0.790138,0.190649
Lerer,650,5.139407,0.211598,0.014103,0.808328,0.177569
Lerer,655,5.081279,0.185132,0.009117,0.824215,0.166668
Lerer,660,5.027602,0.163078,0.007086,0.852715,0.140199
Lerer,665,4.976416,0.149369,0.005762,0.874710,0.119528
Lerer,670,4.929464,0.137348,0.004147,0.889809,0.106045
Lerer,675,4.886250,0.126749,0.002692,0.901281,0.096027
Lerer,680,4.846348,0.117355,0.001630,0.910540,0.087830
Lerer,685,4.809398,0.108991,0.001056,0.918148,0.080796
Lerer,690,4.775087,0.101509,0.001012,0.924369,0.074618
Lerer,695,4.743145,0.094791,0.001523,0.929349,0.069128
Lerer,700,4.713336,0.088735,0.002609,0.933171,0.064220
Lerer,705,4.685308,0.083356,0.004304,0.935799,0.059897
Lerer,710,4.657806,0.079323,0.006670,0.936697,0.056633
Lerer,715,4.632073,0.075628,0.009846,0.936371,0.053783
Lerer,720,4.607944,0.072233,0.014190,0.934313,0.051497
Lerer,725,4.585275,0.069104,0.023253,0.925054,0.051693
Lerer,730,4.563935,0.066214,0.044102,0.903877,0.052021
Lerer,735,4.543814,0.063536,0.065952,0.879311,0.054737
Lerer,740,4.524808,0.061050,0.099036,0.837727,0.063236
Lerer,745,4.506827,0.058736,0.158069,0.754661,0.087270
Lerer,750,4.489792,0.056578,0.283530,0.552348,0.164122
Lerer,755,4.473630,0.054561,0.481131,0.129660,0.389209
Lerer,760,4.457227,0.052731,0.210165,0.445392,0.344442
Lerer,765,4.441429,0.051029,0.030579,0.799795,0.169626
Lerer,770,4.426444,0.049430,0.002141,0.891478,0.106381
Lerer,775,4.412212,0.047925,0.005184,0.913005,0.081811
Lerer,780,4.398676,0.046506,0.017015,0.910995,0.071991
Lerer,785,4.385787,0.045167,0.034228,0.895148,0.070624
Lerer,790,4.373500,0.043901,0.059099,0.863089,0.077812
Lerer,795,4.361773,0.042702,0.099981,0.800028,0.099990
Lerer,800,4.350569,0.041565,0.180467,0.659804,0.159730
Lerer,805,4.339854,0.040485,0.346047,0.337825,0.316128
Lerer,810,4.329597,0.039459,0.379554,0.208622,0.411823
Lerer,815,4.319768,0.038482,0.155468,0.627486,0.217046
Lerer,820,4.310342,0.037552,0.065153,0.822010,0.112837
Lerer,825,4.300631,0.036445,0.038682,0.890417,0.070902
Lerer,830,4.291150,0.035339,0.031509,0.917171,0.051320
Lerer,835,4.282067,0.034292,0.030911,0.928430,0.040659
Lerer,840,4.273358,0.033301,0.032857,0.933040,0.034104
Lerer,845,4.265001,0.032361,0.035865,0.934445,0.029690
Lerer,850,4.256974,0.031469,0.039323,0.934172,0.026505
Lerer,855,4.249258,0.030621,0.042950,0.932967,0.024083
Lerer,860,4.241836,0.029814,0.046613,0.931224,0.022163
Lerer,865,4.234692,0.029045,0.050244,0.929165,0.020592
Lerer,870,4.227809,0.028313,0.053808,0.926921,0.019271
Lerer,875,4.221173,0.027614,0.057288,0.924573,0.018139
Lerer,880,4.214773,0.026946,0.060676,0.922173,0.017151
Lerer,885,4.208595,0.026307,0.063969,0.919753,0.016279
Lerer,890,4.202628,0.025696,0.067165,0.917335,0.015499
Lerer,895,4.196768,0.025303,0.070265,0.914828,0.014907
Lerer,900,4.191045,0.025044,0.073268,0.912294,0.014438
