design,formula,lambda_nm,Re_eps_eff,Im_eps_eff,R,T,A
original,MG,400,3.336663,0.874587,0.002355,0.000000,0.997645
original,MG,410,3.328900,0.882620,0.002340,0.000000,0.997660
original,MG,420,3.317252,0.885483,0.002446,0.000000,0.997554
original,MG,430,3.300007,0.886273,0.002243,0.000000,0.997756
original,MG,440,3.268788,0.889322,0.001924,0.000000,0.998076
original,MG,450,3.212887,0.900809,0.001648,0.000001,0.998351
original,MG,460,3.141378,0.913672,0.001533,0.000001,0.998466
original,MG,470,3.052624,0.933814,0.001644,0.000000,0.998355
original,MG,480,2.941474,0.967668,0.001984,0.000000,0.998015
original,MG,490,2.772457,1.041361,0.002568,0.000000,0.997432
original,MG,500,2.575719,1.166158,0.003387,0.000000,0.996613
original,MG,510,2.333672,1.432955,0.004860,0.000000,0.995140
original,MG,520,2.028343,1.878739,0.007904,0.000000,0.992096
original,MG,530,1.835976,2.786649,0.014056,0.000000,0.985944
original,MG,540,2.117461,4.402861,0.019442,0.000000,0.980558
original,MG,550,3.621874,5.587037,0.015850,0.000000,0.984150
original,MG,560,5.977617,5.444745,0.010051,0.000000,0.989949
original,MG,570,6.964920,4.734642,0.008466,0.000000,0.991534
original,MG,580,7.337936,4.354630,0.008975,0.000000,0.991025
original,MG,590,7.639865,3.916424,0.010183,0.000000,0.989817
original,MG,600,7.848218,3.471011,0.012142,0.000000,0.987858
original,MG,610,7.971268,3.026829,0.014830,0.000000,0.985170
original,MG,620,8.003862,2.596588,0.018217,0.000000,0.981783
original,MG,630,7.992744,2.206188,0.022118,0.000000,0.977882
original,MG,640,7.935589,1.853546,0.026343,0.000001,0.973656
original,MG,650,7.838438,1.534721,0.030633,0.000011,0.969356
original,MG,660,7.059088,0.900388,0.034299,0.000765,0.964936
original,MG,670,6.389541,0.536460,0.036333,0.010281,0.953386
original,MG,680,5.947555,0.350217,0.037410,0.042619,0.919972
original,MG,690,5.644487,0.247951,0.028293,0.096021,0.875686
original,MG,700,5.463574,0.197647,0.036902,0.157280,0.805818
original,MG,710,5.317655,0.161118,0.041348,0.210527,0.748126
original,MG,720,5.198554,0.133951,0.015083,0.267201,0.717716
original,MG,730,5.099700,0.113197,0.046039,0.333963,0.619999
original,MG,740,5.028634,0.099988,0.057561,0.371749,0.570689
original,MG,750,4.966271,0.088996,0.028255,0.406105,0.565639
original,Bruggeman,400,3.262711,0.789729,0.002100,0.000001,0.997899
original,Bruggeman,410,3.256092,0.794313,0.002017,0.000001,0.997982
original,Bruggeman,420,3.247505,0.794740,0.002122,0.000001,0.997877
original,Bruggeman,430,3.235296,0.793064,0.001941,0.000002,0.998058
original,Bruggeman,440,3.213091,0.791520,0.001653,0.000002,0.998345
original,Bruggeman,450,3.173192,0.794040,0.001407,0.000003,0.998591
original,Bruggeman,460,3.123410,0.797940,0.001313,0.000003,0.998684
original,Bruggeman,470,3.063263,0.808507,0.001426,0.000003,0.998571
original,Bruggeman,480,2.991458,0.831513,0.001744,0.000002,0.998253
original,Bruggeman,490,2.893289,0.887104,0.002256,0.000001,0.997743
original,Bruggeman,500,2.802298,0.977906,0.002917,0.000000,0.997083
original,Bruggeman,510,2.737531,1.129135,0.003779,0.000000,0.996221
original,Bruggeman,520,2.703811,1.307345,0.004820,0.000000,0.995180
original,Bruggeman,530,2.736902,1.506156,0.006017,0.000000,0.993983
original,Bruggeman,540,2.795338,1.702607,0.007306,0.000000,0.992694
original,Bruggeman,550,2.873005,1.832078,0.008470,0.000000,0.991530
original,Bruggeman,560,2.959776,1.958518,0.009699,0.000000,0.990301
original,Bruggeman,570,3.004530,2.024050,0.010861,0.000000,0.989139
original,Bruggeman,580,3.021985,2.056479,0.012003,0.000000,0.987997
original,Bruggeman,590,3.040342,2.090469,0.013197,0.000000,0.986803
original,Bruggeman,600,3.058410,2.123875,0.014432,0.000000,0.985568
original,Bruggeman,610,3.077098,2.157325,0.015705,0.000000,0.984295
original,Bruggeman,620,3.097981,2.190438,0.017011,0.000000,0.982989
original,Bruggeman,630,3.117928,2.223939,0.018349,0.000000,0.981651
original,Bruggeman,640,3.138507,2.257473,0.019716,0.000000,0.980284
original,Bruggeman,650,3.160745,2.291612,0.021113,0.000000,0.978887
original,Bruggeman,660,3.306895,2.373775,0.022898,0.000000,0.977102
original,Bruggeman,670,3.503603,2.458547,0.024858,0.000000,0.975142
original,Bruggeman,680,3.710287,2.528606,0.026889,0.000000,0.973111
original,Bruggeman,690,3.921255,2.579140,0.028968,0.000000,0.971032
original,Bruggeman,700,4.092877,2.604059,0.030953,0.000000,0.969047
original,Bruggeman,710,4.269680,2.617118,0.032988,0.000000,0.967012
original,Bruggeman,720,4.450082,2.617351,0.035062,0.000000,0.964938
original,Bruggeman,730,4.633692,2.603886,0.037166,0.000000,0.962834
original,Bruggeman,740,4.790094,2.579546,0.039176,0.000000,0.960824
original,Bruggeman,750,4.948895,2.543736,0.041189,0.000000,0.958811
original,MLWA15,400,3.185116,0.877190,0.002247,0.000000,0.997753
original,MLWA15,410,3.182797,0.884084,0.002111,0.000000,0.997889
original,MLWA15,420,3.178065,0.885120,0.002201,0.000000,0.997799
original,MLWA15,430,3.168263,0.882756,0.002023,0.000000,0.997977
original,MLWA15,440,3.144459,0.879005,0.001746,0.000000,0.998253
original,MLWA15,450,3.095554,0.877481,0.001513,0.000001,0.998487
original,MLWA15,460,3.032278,0.874778,0.001432,0.000001,0.998567
original,MLWA15,470,2.952457,0.876305,0.001555,0.000001,0.998445
original,MLWA15,480,2.851283,0.886882,0.001873,0.000001,0.998126
original,MLWA15,490,2.695568,0.921772,0.002369,0.000000,0.997631
original,MLWA15,500,2.513026,0.993556,0.003008,0.000000,0.996991
original,MLWA15,510,2.275543,1.162938,0.004016,0.000000,0.995984
original,MLWA15,520,1.963624,1.432202,0.005912,0.000000,0.994088
original,MLWA15,530,1.610762,1.988760,0.010931,0.000000,0.989069
original,MLWA15,540,1.214322,3.000284,0.020851,0.000000,0.979149
original,MLWA15,550,1.333332,4.314891,0.025237,0.000000,0.974763
original,MLWA15,560,2.426371,6.051381,0.021810,0.000000,0.978190
original,MLWA15,570,3.703824,6.830095,0.017693,0.000000,0.982307
original,MLWA15,580,4.530243,7.093432,0.015970,0.000000,0.984030
original,MLWA15,590,5.488499,7.169680,0.014827,0.000000,0.985173
original,MLWA15,600,6.458382,7.005635,0.014635,0.000000,0.985365
original,MLWA15,610,7.364456,6.591211,0.015447,0.000000,0.984553
original,MLWA15,620,8.102010,5.940585,0.017222,0.000000,0.982778
original,MLWA15,630,8.641317,5.199201,0.019810,0.000000,0.980190
original,MLWA15,640,8.966543,4.418085,0.023134,0.000000,0.976866
original,MLWA15,650,9.097176,3.648814,0.027173,0.000000,0.972827
original,MLWA15,660,8.138954,1.926025,0.033435,0.000001,0.966564
original,MLWA15,670,7.156311,1.039452,0.036840,0.000329,0.962831
original,MLWA15,680,6.510851,0.638225,0.037766,0.005347,0.956887
original,MLWA15,690,6.079831,0.434347,0.038559,0.024290,0.937151
original,MLWA15,700,5.826211,0.336881,0.032511,0.052040,0.915449
original,MLWA15,710,5.625923,0.268933,0.036752,0.093264,0.869984
original,MLWA15,720,5.465283,0.219996,0.038311,0.138562,0.823127
original,MLWA15,730,5.333904,0.183566,0.020455,0.187107,0.792438
original,MLWA15,740,5.239524,0.160111,0.044209,0.235650,0.720141
original,MLWA15,750,5.157578,0.140959,0.053712,0.274458,0.671830
original,Lerer,400,3.194734,0.830971,0.002150,0.000000,0.997850
original,Lerer,410,3.188861,0.839821,0.002019,0.000000,0.997981
original,Lerer,420,3.178451,0.844531,0.002112,0.000000,0.997887
original,Lerer,430,3.162393,0.848297,0.001940,0.000001,0.998059
original,Lerer,440,3.133468,0.856700,0.001687,0.000001,0.998312
original,Lerer,450,3.082338,0.877743,0.001504,0.000001,0.998495
original,Lerer,460,3.015833,0.903503,0.001483,0.000000,0.998516
original,Lerer,470,2.932894,0.940527,0.001673,0.000000,0.998327
original,Lerer,480,2.829020,0.997308,0.002076,0.000000,0.997924
original,Lerer,490,2.672835,1.111323,0.002752,0.000000,0.997248
original,Lerer,500,2.498152,1.295236,0.003766,0.000000,0.996234
original,Lerer,510,2.323620,1.665444,0.005712,0.000000,0.994288
original,Lerer,520,2.187741,2.294714,0.009340,0.000000,0.990660
original,Lerer,530,2.568526,3.353490,0.012883,0.000000,0.987117
original,Lerer,540,4.059276,4.337618,0.011413,0.000000,0.988587
original,Lerer,550,5.546516,3.826406,0.007835,0.000000,0.992165
original,Lerer,560,6.294639,2.678775,0.006354,0.000000,0.993646
original,Lerer,570,6.399688,2.117992,0.007601,0.000000,0.992399
original,Lerer,580,6.428360,1.885405,0.009714,0.000000,0.990286
original,Lerer,590,6.432685,1.657641,0.012291,0.000000,0.987709
original,Lerer,600,6.416537,1.451402,0.015182,0.000003,0.984815
original,Lerer,610,6.382011,1.262069,0.018228,0.000017,0.981755
original,Lerer,620,6.326270,1.090345,0.021268,0.000079,0.978653
original,Lerer,630,6.267888,0.936166,0.024161,0.000302,0.975536
original,Lerer,640,6.202291,0.798254,0.026724,0.000992,0.972284
original,Lerer,650,6.128547,0.673525,0.029413,0.002871,0.967717
original,Lerer,660,5.719076,0.445923,0.029101,0.017363,0.953536
original,Lerer,670,5.350729,0.295356,0.025856,0.060174,0.913970
original,Lerer,680,5.091550,0.207227,0.035579,0.132339,0.832082
original,Lerer,690,4.904778,0.154337,0.015609,0.218777,0.765614
original,Lerer,700,4.789307,0.126868,0.027256,0.264882,0.707862
original,Lerer,710,4.693774,0.106052,0.046332,0.348804,0.604863
original,Lerer,720,4.614125,0.090017,0.031670,0.375546,0.592784
original,Lerer,730,4.546826,0.077402,0.004721,0.471409,0.523870
original,Lerer,740,4.497764,0.069234,0.045582,0.463073,0.491346
original,Lerer,750,4.454220,0.062310,0.063544,0.532024,0.404432
improved,MG,400,3.336663,0.874587,0.013307,0.000000,0.986693
improved,MG,410,3.328900,0.882620,0.010933,0.000000,0.989067
improved,MG,420,3.317252,0.885483,0.008852,0.000000,0.991148
improved,MG,430,3.300007,0.886273,0.007016,0.000000,0.992984
improved,MG,440,3.268788,0.889322,0.005309,0.000000,0.994691
improved,MG,450,3.212887,0.900809,0.003656,0.000000,0.996344
improved,MG,460,3.141378,0.913672,0.002205,0.000000,0.997795
improved,MG,470,3.052624,0.933814,0.001072,0.000000,0.998928
improved,MG,480,2.941474,0.967668,0.000346,0.000000,0.999654
improved,MG,490,2.772457,1.041361,0.000029,0.000000,0.999971
improved,MG,500,2.575719,1.166158,0.000088,0.000000,0.999912
improved,MG,510,2.333672,1.432955,0.000552,0.000000,0.999448
improved,MG,520,2.028343,1.878739,0.001806,0.000000,0.998194
improved,MG,530,1.835976,2.786649,0.004423,0.000000,0.995577
improved,MG,540,2.117461,4.402861,0.007488,0.000000,0.992512
improved,MG,550,3.621874,5.587037,0.006662,0.000000,0.993338
improved,MG,560,5.977617,5.444745,0.005155,0.000000,0.994845
improved,MG,570,6.964920,4.734642,0.004357,0.000000,0.995643
improved,MG,580,7.337936,4.354630,0.003709,0.000000,0.996291
improved,MG,590,7.639865,3.916424,0.003020,0.000000,0.996980
improved,MG,600,7.848218,3.471011,0.002274,0.000000,0.997726
improved,MG,610,7.971268,3.026829,0.001512,0.000000,0.998488
improved,MG,620,8.003862,2.596588,0.000866,0.000000,0.999134
improved,MG,630,7.992744,2.206188,0.000547,0.000000,0.999453
improved,MG,640,7.935589,1.853546,0.000485,0.000000,0.999515
improved,MG,650,7.838438,1.534721,0.000339,0.000000,0.999661
improved,MG,660,7.059088,0.900388,0.005021,0.000000,0.994979
improved,MG,670,6.389541,0.536460,0.020407,0.000001,0.979592
improved,MG,680,5.947555,0.350217,0.017451,0.000040,0.982509
improved,MG,690,5.644487,0.247951,0.006608,0.000341,0.993051
improved,MG,700,5.463574,0.197647,0.004258,0.000946,0.994796
improved,MG,710,5.317655,0.161118,0.010359,0.001874,0.987767
improved,MG,720,5.198554,0.133951,0.017945,0.003174,0.978881
improved,MG,730,5.099700,0.113197,0.056048,0.004361,0.939590
improved,MG,740,5.028634,0.099988,0.127186,0.005231,0.867583
improved,MG,750,4.966271,0.088996,0.003667,0.007603,0.988730
improved,Bruggeman,400,3.262711,0.789729,0.012549,0.000000,0.987451
improved,Bruggeman,410,3.256092,0.794313,0.010268,0.000000,0.989732
improved,Bruggeman,420,3.247505,0.794740,0.008306,0.000000,0.991694
improved,Bruggeman,430,3.235296,0.793064,0.006594,0.000000,0.993406
improved,Bruggeman,440,3.213091,0.791520,0.005016,0.000000,0.994984
improved,Bruggeman,450,3.173192,0.794040,0.003508,0.000000,0.996492
improved,Bruggeman,460,3.123410,0.797940,0.002184,0.000000,0.997816
improved,Bruggeman,470,3.063263,0.808507,0.001136,0.000000,0.998864
improved,Bruggeman,480,2.991458,0.831513,0.000435,0.000000,0.999565
improved,Bruggeman,490,2.893289,0.887104,0.000073,0.000000,0.999927
improved,Bruggeman,500,2.802298,0.977906,0.000004,0.000000,0.999996
improved,Bruggeman,510,2.737531,1.129135,0.000116,0.000000,0.999884
improved,Bruggeman,520,2.703811,1.307345,0.000363,0.000000,0.999637
improved,Bruggeman,530,2.736902,1.506156,0.000674,0.000000,0.999326
improved,Bruggeman,540,2.795338,1.702607,0.001041,0.000000,0.998959
improved,Bruggeman,550,2.873005,1.832078,0.001411,0.000000,0.998589
improved,Bruggeman,560,2.959776,1.958518,0.001822,0.000000,0.998178
improved,Bruggeman,570,3.004530,2.024050,0.002333,0.000000,0.997667
improved,Bruggeman,580,3.021985,2.056479,0.002953,0.000000,0.997047
improved,Bruggeman,590,3.040342,2.090469,0.003650,0.000000,0.996350
improved,Bruggeman,600,3.058410,2.123875,0.004423,0.000000,0.995577
improved,Bruggeman,610,3.077098,2.157325,0.005266,0.000000,0.994734
improved,Bruggeman,620,3.097981,2.190438,0.006171,0.000000,0.993829
improved,Bruggeman,630,3.117928,2.223939,0.007142,0.000000,0.992858
improved,Bruggeman,640,3.138507,2.257473,0.008172,0.000000,0.991828
improved,Bruggeman,650,3.160745,2.291612,0.009257,0.000000,0.990743
improved,Bruggeman,660,3.306895,2.373775,0.010176,0.000000,0.989824
improved,Bruggeman,670,3.503603,2.458547,0.011074,0.000000,0.988926
improved,Bruggeman,680,3.710287,2.528606,0.012030,0.000000,0.987970
improved,Bruggeman,690,3.921255,2.579140,0.013059,0.000000,0.986941
improved,Bruggeman,700,4.092877,2.604059,0.014231,0.000000,0.985769
improved,Bruggeman,710,4.269680,2.617118,0.015475,0.000000,0.984525
improved,Bruggeman,720,4.450082,2.617351,0.016791,0.000000,0.983209
improved,Bruggeman,730,4.633692,2.603886,0.018182,0.000000,0.981818
improved,Bruggeman,740,4.790094,2.579546,0.019683,0.000000,0.980317
improved,Bruggeman,750,4.948895,2.543736,0.021251,0.000000,0.978749
improved,MLWA15,400,3.185116,0.877190,0.011525,0.000000,0.988475
improved,MLWA15,410,3.182797,0.884084,0.009471,0.000000,0.990529
improved,MLWA15,420,3.178065,0.885120,0.007666,0.000000,0.992334
improved,MLWA15,430,3.168263,0.882756,0.006045,0.000000,0.993955
improved,MLWA15,440,3.144459,0.879005,0.004512,0.000000,0.995488
improved,MLWA15,450,3.095554,0.877481,0.003029,0.000000,0.996971
improved,MLWA15,460,3.032278,0.874778,0.001758,0.000000,0.998242
improved,MLWA15,470,2.952457,0.876305,0.000799,0.000000,0.999201
improved,MLWA15,480,2.851283,0.886882,0.000220,0.000000,0.999780
improved,MLWA15,490,2.695568,0.921772,0.000003,0.000000,0.999997
improved,MLWA15,500,2.513026,0.993556,0.000086,0.000000,0.999914
improved,MLWA15,510,2.275543,1.162938,0.000476,0.000000,0.999524
improved,MLWA15,520,1.963624,1.432202,0.001442,0.000000,0.998558
improved,MLWA15,530,1.610762,1.988760,0.003633,0.000000,0.996367
improved,MLWA15,540,1.214322,3.000284,0.008210,0.000000,0.991790
improved,MLWA15,550,1.333332,4.314891,0.010319,0.000000,0.989681
improved,MLWA15,560,2.426371,6.051381,0.009042,0.000000,0.990958
improved,MLWA15,570,3.703824,6.830095,0.007285,0.000000,0.992715
improved,MLWA15,580,4.530243,7.093432,0.006363,0.000000,0.993637
improved,MLWA15,590,5.488499,7.169680,0.005688,0.000000,0.994312
improved,MLWA15,600,6.458382,7.005635,0.005299,0.000000,0.994701
improved,MLWA15,610,7.364456,6.591211,0.005065,0.000000,0.994935
improved,MLWA15,620,8.102010,5.940585,0.004744,0.000000,0.995256
improved,MLWA15,630,8.641317,5.199201,0.004224,0.000000,0.995776
improved,MLWA15,640,8.966543,4.418085,0.003423,0.000000,0.996577
improved,MLWA15,650,9.097176,3.648814,0.002475,0.000000,0.997525
improved,MLWA15,660,8.138954,1.926025,0.001041,0.000000,0.998959
improved,MLWA15,670,7.156311,1.039452,0.005889,0.000000,0.994111
improved,MLWA15,680,6.510851,0.638225,0.019844,0.000000,0.980156
improved,MLWA15,690,6.079831,0.434347,0.016657,0.000008,0.983335
improved,MLWA15,700,5.826211,0.336881,0.007222,0.000063,0.992715
improved,MLWA15,710,5.625923,0.268933,0.002544,0.000252,0.997204
improved,MLWA15,720,5.465283,0.219996,0.003880,0.000655,0.995465
improved,MLWA15,730,5.333904,0.183566,0.026259,0.001283,0.972458
improved,MLWA15,740,5.239524,0.160111,0.016463,0.002024,0.981513
improved,MLWA15,750,5.157578,0.140959,0.091802,0.002632,0.905566
improved,Lerer,400,3.194734,0.830971,0.011671,0.000000,0.988329
improved,Lerer,410,3.188861,0.839821,0.009582,0.000000,0.990418
improved,Lerer,420,3.178451,0.844531,0.007732,0.000000,0.992268
improved,Lerer,430,3.162393,0.848297,0.006055,0.000000,0.993945
improved,Lerer,440,3.133468,0.856700,0.004462,0.000000,0.995538
improved,Lerer,450,3.082338,0.877743,0.002940,0.000000,0.997060
improved,Lerer,460,3.015833,0.903503,0.001663,0.000000,0.998337
improved,Lerer,470,2.932894,0.940527,0.000741,0.000000,0.999259
improved,Lerer,480,2.829020,0.997308,0.000213,0.000000,0.999787
improved,Lerer,490,2.672835,1.111323,0.000033,0.000000,0.999967
improved,Lerer,500,2.498152,1.295236,0.000171,0.000000,0.999829
improved,Lerer,510,2.323620,1.665444,0.000765,0.000000,0.999235
improved,Lerer,520,2.187741,2.294714,0.002154,0.000000,0.997846
improved,Lerer,530,2.568526,3.353490,0.003863,0.000000,0.996137
improved,Lerer,540,4.059276,4.337618,0.004391,0.000000,0.995609
improved,Lerer,550,5.546516,3.826406,0.003344,0.000000,0.996656
improved,Lerer,560,6.294639,2.678775,0.002165,0.000000,0.997835
improved,Lerer,570,6.399688,2.117992,0.001220,0.000000,0.998780
improved,Lerer,580,6.428360,1.885405,0.000600,0.000000,0.999400
improved,Lerer,590,6.432685,1.657641,0.000188,0.000000,0.999812
improved,Lerer,600,6.416537,1.451402,0.000009,0.000000,0.999991
improved,Lerer,610,6.382011,1.262069,0.000160,0.000000,0.999840
improved,Lerer,620,6.326270,1.090345,0.000907,0.000000,0.999093
improved,Lerer,630,6.267888,0.936166,0.002544,0.000001,0.997455
improved,Lerer,640,6.202291,0.798254,0.005168,0.000004,0.994828
improved,Lerer,650,6.128547,0.673525,0.008322,0.000016,0.991661
improved,Lerer,660,5.719076,0.445923,0.009686,0.000191,0.990123
improved,Lerer,670,5.350729,0.295356,0.002947,0.001032,0.996021
improved,Lerer,680,5.091550,0.207227,0.000923,0.002811,0.996266
improved,Lerer,690,4.904778,0.154337,0.048498,0.005028,0.946474
improved,Lerer,700,4.789307,0.126868,0.004554,0.007406,0.988040
improved,Lerer,710,4.693774,0.106052,0.143837,0.008125,0.848038
improved,Lerer,720,4.614125,0.090017,0.132742,0.010481,0.856777
improved,Lerer,730,4.546826,0.077402,0.040335,0.014084,0.945580
improved,Lerer,740,4.497764,0.069234,0.254519,0.012196,0.733285
improved,Lerer,750,4.454220,0.062310,0.350075,0.011778,0.638147
