lambda_nm,I_wcm2,P_lin,P_dec,P_sc,dP_dec,dP_sc,ratio_cyl_lin,ratio_film_lin,ratio_cyl_sc,ratio_film_sc,Re_eps_cyl_sc,Im_eps_cyl_sc,Re_eps_film_sc,Im_eps_film_sc,Re_eps_dec,Im_eps_dec,iterations,converged
400,1.000e+06,0.701497,0.701446,0.701471,-0.000051,-0.000026,0.81805,0.40859,0.81805,0.40862,3.22706,0.96455,3.22681,0.96460,3.22717,0.96453,9,1
400,5.000e+06,0.701497,0.701241,0.701366,-0.000256,-0.000131,0.81805,0.40859,0.81808,0.40872,3.22901,0.96417,3.22779,0.96441,3.22956,0.96407,11,1
400,2.000e+07,0.701497,0.700480,0.700975,-0.001017,-0.000521,0.81805,0.40859,0.81816,0.40912,3.23620,0.96276,3.23144,0.96370,3.23829,0.96234,13,1
410,1.000e+06,0.694230,0.694178,0.694203,-0.000053,-0.000027,0.82874,0.41017,0.82874,0.41020,3.22488,0.97019,3.22463,0.97024,3.22499,0.97017,9,1
410,5.000e+06,0.694230,0.693968,0.694094,-0.000263,-0.000136,0.82874,0.41017,0.82878,0.41030,3.22689,0.96979,3.22563,0.97004,3.22741,0.96969,11,1
410,2.000e+07,0.694230,0.693186,0.693688,-0.001045,-0.000543,0.82874,0.41017,0.82891,0.41070,3.23429,0.96831,3.22934,0.96931,3.23628,0.96790,13,1
420,1.000e+06,0.685601,0.685548,0.685573,-0.000053,-0.000028,0.84004,0.41302,0.84005,0.41304,3.21964,0.97148,3.21937,0.97153,3.21974,0.97146,9,1
420,5.000e+06,0.685601,0.685335,0.685461,-0.000267,-0.000140,0.84004,0.41302,0.84009,0.41314,3.22171,0.97108,3.22040,0.97133,3.22220,0.97098,11,1
420,2.000e+07,0.685601,0.684542,0.685042,-0.001059,-0.000559,0.84004,0.41302,0.84026,0.41351,3.22931,0.96958,3.22419,0.97060,3.23120,0.96920,13,1
430,1.000e+06,0.676381,0.676327,0.676353,-0.000054,-0.000029,0.85091,0.41675,0.85092,0.41677,3.21285,0.97055,3.21258,0.97060,3.21295,0.97053,9,1
430,5.000e+06,0.676381,0.676112,0.676237,-0.000269,-0.000144,0.85091,0.41675,0.85096,0.41686,3.21498,0.97016,3.21363,0.97041,3.21545,0.97007,11,1
430,2.000e+07,0.676381,0.675311,0.675805,-0.001071,-0.000576,0.85091,0.41675,0.85114,0.41719,3.22280,0.96869,3.21751,0.96969,3.22459,0.96834,13,1
440,1.000e+06,0.670099,0.670044,0.670069,-0.000055,-0.000030,0.85985,0.41932,0.85986,0.41934,3.18266,0.97574,3.18236,0.97579,3.18276,0.97572,9,1
440,5.000e+06,0.670099,0.669824,0.669949,-0.000275,-0.000150,0.85985,0.41932,0.85989,0.41941,3.18500,0.97537,3.18351,0.97561,3.18547,0.97530,11,1
440,2.000e+07,0.670099,0.669004,0.669499,-0.001096,-0.000600,0.85985,0.41932,0.86001,0.41969,3.19357,0.97398,3.18775,0.97493,3.19539,0.97368,13,1
450,1.000e+06,0.664533,0.664477,0.664502,-0.000056,-0.000031,0.86905,0.42254,0.86905,0.42256,3.14991,0.98060,3.14958,0.98065,3.15001,0.98059,9,1
450,5.000e+06,0.664533,0.664253,0.664377,-0.000280,-0.000157,0.86905,0.42254,0.86905,0.42261,3.15249,0.98027,3.15084,0.98048,3.15297,0.98021,11,1
450,2.000e+07,0.664533,0.663417,0.663908,-0.001117,-0.000625,0.86905,0.42254,0.86907,0.42283,3.16192,0.97900,3.15550,0.97987,3.16377,0.97874,13,1
460,1.000e+06,0.656524,0.656471,0.656493,-0.000052,-0.000030,0.88333,0.43001,0.88332,0.43001,3.11071,0.97374,3.11034,0.97378,3.11080,0.97374,9,1
460,5.000e+06,0.656524,0.656261,0.656372,-0.000262,-0.000151,0.88333,0.43001,0.88326,0.43004,3.11354,0.97350,3.11173,0.97366,3.11401,0.97346,11,1
460,2.000e+07,0.656524,0.655475,0.655919,-0.001048,-0.000605,0.88333,0.43001,0.88309,0.43015,3.12391,0.97256,3.11686,0.97321,3.12570,0.97239,13,1
470,1.000e+06,0.648887,0.648841,0.648859,-0.000046,-0.000028,0.90120,0.43887,0.90117,0.43887,3.07009,0.96369,3.06969,0.96370,3.07018,0.96369,9,1
470,5.000e+06,0.648887,0.648656,0.648748,-0.000231,-0.000138,0.90120,0.43887,0.90104,0.43886,3.07321,0.96357,3.07121,0.96365,3.07364,0.96356,11,1
470,2.000e+07,0.648887,0.647958,0.648331,-0.000929,-0.000555,0.90120,0.43887,0.90062,0.43884,3.08460,0.96307,3.07686,0.96342,3.08624,0.96299,13,1
480,1.000e+06,0.657525,0.657480,0.657497,-0.000045,-0.000028,0.91469,0.43748,0.91463,0.43746,2.98270,0.99136,2.98217,0.99135,2.98279,0.99136,10,1
480,5.000e+06,0.657525,0.657300,0.657385,-0.000225,-0.000140,0.91469,0.43748,0.91438,0.43741,2.98673,0.99139,2.98411,0.99137,2.98720,0.99140,12,1
480,2.000e+07,0.657525,0.656606,0.656958,-0.000919,-0.000567,0.91469,0.43748,0.91352,0.43723,3.00136,0.99141,2.99126,0.99142,3.00315,0.99140,14,1
490,1.000e+06,0.672476,0.672439,0.672451,-0.000038,-0.000025,0.93742,0.43518,0.93730,0.43515,2.87411,1.02468,2.87337,1.02463,2.87420,1.02469,10,1
490,5.000e+06,0.672476,0.672285,0.672350,-0.000191,-0.000126,0.93742,0.43518,0.93685,0.43502,2.87958,1.02502,2.87593,1.02480,2.88004,1.02504,12,1
490,2.000e+07,0.672476,0.671668,0.671956,-0.000809,-0.000521,0.93742,0.43518,0.93528,0.43458,2.89927,1.02603,2.88533,1.02535,2.90103,1.02610,14,1
500,1.000e+06,0.726815,0.726791,0.726801,-0.000024,-0.000014,1.00962,0.42053,1.00941,0.42048,2.72495,1.10387,2.72364,1.10375,2.72493,1.10387,11,1
500,5.000e+06,0.726815,0.726685,0.726740,-0.000130,-0.000076,1.00962,0.42053,1.00861,0.42029,2.73379,1.10470,2.72737,1.10410,2.73370,1.10469,13,1
500,2.000e+07,0.726815,0.726185,0.726462,-0.000630,-0.000353,1.00962,0.42053,1.00599,0.41967,2.76501,1.10714,2.74097,1.10532,2.76478,1.10713,15,1
510,1.000e+06,0.777580,0.777495,0.777534,-0.000085,-0.000046,0.99384,0.37017,0.99343,0.37013,2.49503,1.28550,2.49240,1.28525,2.49506,1.28550,12,1
510,5.000e+06,0.777580,0.777142,0.777344,-0.000438,-0.000236,0.99384,0.37017,0.99190,0.36998,2.51138,1.28691,2.49862,1.28582,2.51155,1.28692,14,1
510,2.000e+07,0.777580,0.775663,0.776554,-0.001917,-0.001026,0.99384,0.37017,0.98718,0.36959,2.56705,1.29041,2.52109,1.28766,2.56795,1.29045,16,1
520,1.000e+06,0.831137,0.830913,0.831057,-0.000225,-0.000081,0.95160,0.31375,0.95088,0.31375,2.17966,1.53865,2.17390,1.53816,2.18010,1.53868,13,1
520,5.000e+06,0.831137,0.829999,0.830713,-0.001139,-0.000424,0.95160,0.31375,0.94825,0.31379,2.21251,1.54111,2.18518,1.53910,2.21467,1.54125,15,1
520,2.000e+07,0.831137,0.826476,0.829231,-0.004661,-0.001907,0.95160,0.31375,0.94099,0.31424,2.31725,1.54508,2.22524,1.54190,2.32503,1.54514,17,1
530,1.000e+06,0.882608,0.882067,0.882517,-0.000541,-0.000091,0.86021,0.23534,0.85989,0.23565,1.96188,1.97373,1.95071,1.97437,1.96435,1.97358,14,1
530,5.000e+06,0.882608,0.879957,0.882088,-0.002652,-0.000520,0.86021,0.23534,0.85886,0.23685,2.01911,1.96965,1.96758,1.97339,2.03008,1.96870,16,1
530,2.000e+07,0.882608,0.872744,0.879942,-0.009864,-0.002666,0.86021,0.23534,0.85719,0.24100,2.18788,1.94950,2.02730,1.96895,2.21851,1.94453,17,1
540,1.000e+06,0.914981,0.914392,0.915173,-0.000590,+0.000192,0.73211,0.15956,0.73316,0.16024,1.79752,2.63272,1.77736,2.63835,1.80665,2.63013,15,1
540,5.000e+06,0.914981,0.912014,0.915678,-0.002967,+0.000696,0.73211,0.15956,0.73714,0.16282,1.89037,2.60502,1.80031,2.63193,1.92681,2.59334,16,1
540,2.000e+07,0.914981,0.903537,0.915463,-0.011445,+0.000482,0.73211,0.15956,0.74957,0.17097,2.14112,2.51509,1.88266,2.60743,2.22145,2.48138,18,1
550,1.000e+06,0.924406,0.924487,0.925146,+0.000081,+0.000740,0.58148,0.10111,0.58451,0.10196,1.82252,3.61911,1.79301,3.63880,1.84663,3.60281,15,1
550,5.000e+06,0.924406,0.923990,0.927541,-0.000415,+0.003135,0.58148,0.10111,0.59550,0.10512,1.94796,3.53227,1.81901,3.62147,2.03410,3.46959,17,1
550,2.000e+07,0.924406,0.918382,0.931929,-0.006024,+0.007523,0.58148,0.10111,0.62665,0.11503,2.26490,3.28850,1.91550,3.55523,2.41829,3.15659,19,1
560,1.000e+06,0.922162,0.922926,0.923060,+0.000764,+0.000898,0.44752,0.06936,0.45139,0.07001,2.44729,4.89812,2.42487,4.93860,2.47744,4.84326,15,1
560,5.000e+06,0.922162,0.924405,0.926193,+0.002243,+0.004031,0.44752,0.06936,0.46577,0.07255,2.54194,4.72413,2.44219,4.90735,2.64536,4.52786,17,1
560,2.000e+07,0.922162,0.922247,0.933600,+0.000085,+0.011438,0.44752,0.06936,0.50855,0.08107,2.78705,4.24751,2.50896,4.78534,2.95554,3.89486,20,1
570,1.000e+06,0.921505,0.921909,0.922026,+0.000404,+0.000521,0.36844,0.06237,0.37142,0.06276,4.11149,5.92762,4.11829,5.97151,4.09865,5.84267,14,1
570,5.000e+06,0.921505,0.922692,0.923978,+0.001187,+0.002472,0.36844,0.06237,0.38298,0.06434,4.08205,5.72853,4.11256,5.93458,4.03930,5.40764,17,1
570,2.000e+07,0.921505,0.920569,0.929634,-0.000936,+0.008129,0.36844,0.06237,0.42152,0.07018,4.00713,5.13134,4.09105,5.79101,3.95107,4.51983,20,1
580,1.000e+06,0.917729,0.917513,0.917857,-0.000216,+0.000128,0.36650,0.08363,0.36802,0.08381,6.33453,5.57640,6.35972,5.59576,6.28048,5.53411,14,1
580,5.000e+06,0.917729,0.916556,0.918355,-0.001173,+0.000626,0.36650,0.08363,0.37411,0.08458,6.21020,5.47755,6.32973,5.57269,5.99151,5.28942,16,1
580,2.000e+07,0.917729,0.912214,0.920001,-0.005514,+0.002272,0.36650,0.08363,0.39656,0.08769,5.82490,5.13257,6.21936,5.48503,5.37083,4.63262,19,1
590,1.000e+06,0.877754,0.878047,0.877827,+0.000293,+0.000073,0.44121,0.15220,0.44150,0.15204,7.53558,3.90367,7.55197,3.90322,7.50430,3.90429,13,1
590,5.000e+06,0.877754,0.878922,0.878105,+0.001168,+0.000351,0.44121,0.15220,0.44274,0.15144,7.43791,3.90464,7.51784,3.90406,7.29334,3.90081,15,1
590,2.000e+07,0.877754,0.879487,0.878987,+0.001733,+0.001233,0.44121,0.15220,0.44861,0.14992,7.10505,3.88637,7.39610,3.90418,6.67545,3.81239,17,1
600,1.000e+06,0.778135,0.779456,0.778574,+0.001320,+0.000439,0.55996,0.25870,0.55950,0.25810,7.57434,2.44285,7.58114,2.43913,7.56442,2.44821,12,1
600,5.000e+06,0.778135,0.784341,0.780265,+0.006206,+0.002130,0.55996,0.25870,0.55776,0.25581,7.52436,2.46927,7.55815,2.45158,7.47531,2.49371,14,1
600,2.000e+07,0.778135,0.798046,0.785806,+0.019911,+0.007671,0.55996,0.25870,0.55290,0.24845,7.34417,2.55222,7.47599,2.49338,7.16063,2.61852,16,1
610,1.000e+06,0.648096,0.649787,0.648902,+0.001691,+0.000806,0.70713,0.37177,0.70613,0.37093,7.22650,1.53836,7.22932,1.53539,7.22403,1.54096,12,1
610,5.000e+06,0.648096,0.656302,0.652036,+0.008206,+0.003940,0.70713,0.37177,0.70226,0.36767,7.20281,1.56282,7.21696,1.54832,7.19016,1.57550,14,1
610,2.000e+07,0.648096,0.677504,0.662622,+0.029408,+0.014526,0.70713,0.37177,0.68969,0.35676,7.11468,1.64620,7.17195,1.59333,7.06094,1.69183,15,1
620,1.000e+06,0.530687,0.532144,0.531582,+0.001458,+0.000895,0.86147,0.48759,0.86009,0.48657,6.84443,1.01186,6.84566,1.00984,6.84396,1.01262,11,1
620,5.000e+06,0.530687,0.537863,0.535085,+0.007176,+0.004399,0.86147,0.48759,0.85470,0.48260,6.83300,1.03017,6.83925,1.02022,6.83054,1.03403,13,1
620,2.000e+07,0.530687,0.557765,0.547223,+0.027078,+0.016537,0.86147,0.48759,0.83664,0.46908,6.78966,1.09459,6.81553,1.05704,6.77791,1.11084,14,1
630,1.000e+06,0.440708,0.441783,0.441523,+0.001075,+0.000816,1.01495,0.61383,1.01319,0.61255,6.52010,0.69949,6.52067,0.69816,6.52012,0.69944,11,1
630,5.000e+06,0.440708,0.446034,0.444727,+0.005326,+0.004019,1.01495,0.61383,1.00637,0.60753,6.51431,0.71276,6.51720,0.70618,6.51435,0.71265,12,1
630,2.000e+07,0.440708,0.461297,0.455958,+0.020589,+0.015250,1.01495,0.61383,0.98316,0.59038,6.49206,0.76016,6.50422,0.73489,6.49153,0.76123,14,1
640,1.000e+06,0.347999,0.348900,0.348774,+0.000901,+0.000775,1.09620,0.71417,1.09477,0.71304,6.25020,0.49837,6.25045,0.49758,6.25026,0.49818,10,1
640,5.000e+06,0.347999,0.352475,0.351829,+0.004476,+0.003830,1.09620,0.71417,1.08914,0.70859,6.24738,0.50743,6.24863,0.50347,6.24768,0.50650,12,1
640,2.000e+07,0.347999,0.365450,0.362678,+0.017451,+0.014679,1.09620,0.71417,1.06942,0.69296,6.23640,0.54029,6.24172,0.52484,6.23740,0.53745,14,1
650,1.000e+06,0.260418,0.261157,0.261076,+0.000739,+0.000657,1.08891,0.76903,1.08814,0.76832,6.02808,0.36384,6.02818,0.36341,6.02811,0.36373,9,1
650,5.000e+06,0.260418,0.264099,0.263687,+0.003680,+0.003268,1.08891,0.76903,1.08512,0.76547,6.02679,0.36971,6.02727,0.36755,6.02692,0.36914,11,1
650,2.000e+07,0.260418,0.274908,0.273157,+0.014490,+0.012738,1.08891,0.76903,1.07417,0.75514,6.02168,0.39136,6.02377,0.38277,6.02217,0.38937,13,1
660,1.000e+06,0.197535,0.198089,0.198040,+0.000554,+0.000505,1.07553,0.81568,1.07511,0.81520,5.84418,0.27185,5.84421,0.27162,5.84419,0.27179,9,1
660,5.000e+06,0.197535,0.200300,0.200054,+0.002765,+0.002519,1.07553,0.81568,1.07341,0.81326,5.84359,0.27575,5.84377,0.27457,5.84364,0.27542,11,1
660,2.000e+07,0.197535,0.208496,0.207458,+0.010961,+0.009923,1.07553,0.81568,1.06717,0.80614,5.84122,0.29024,5.84202,0.28551,5.84142,0.28902,13,1
670,1.000e+06,0.168989,0.169383,0.169367,+0.000394,+0.000377,1.08306,0.89179,1.08276,0.89129,5.68525,0.22283,5.68526,0.22271,5.68526,0.22278,8,1
670,5.000e+06,0.168989,0.170956,0.170876,+0.001966,+0.001886,1.08306,0.89179,1.08157,0.88931,5.68492,0.22551,5.68500,0.22492,5.68495,0.22526,10,1
670,2.000e+07,0.168989,0.176803,0.176443,+0.007813,+0.007454,1.08306,0.89179,1.07717,0.88199,5.68362,0.23554,5.68395,0.23311,5.68375,0.23458,12,1
680,1.000e+06,0.164768,0.164975,0.165002,+0.000206,+0.000234,1.20574,1.09470,1.20489,1.09302,5.55351,0.18616,5.55351,0.18611,5.55351,0.18608,8,1
680,5.000e+06,0.164768,0.165802,0.165939,+0.001033,+0.001171,1.20574,1.09470,1.20154,1.08639,5.55330,0.18827,5.55333,0.18802,5.55335,0.18783,10,1
680,2.000e+07,0.164768,0.168921,0.169399,+0.004153,+0.004631,1.20574,1.09470,1.18987,1.06337,5.55250,0.19608,5.55262,0.19497,5.55268,0.19442,12,1
690,1.000e+06,0.121967,0.122180,0.122182,+0.000213,+0.000215,1.17262,0.91573,1.17235,0.91544,5.44264,0.15793,5.44264,0.15785,5.44264,0.15788,8,1
690,5.000e+06,0.121967,0.123031,0.123043,+0.001064,+0.001076,1.17262,0.91573,1.17128,0.91428,5.44253,0.15942,5.44256,0.15902,5.44255,0.15915,10,1
690,2.000e+07,0.121967,0.126206,0.126239,+0.004239,+0.004273,1.17262,0.91573,1.16731,0.90996,5.44208,0.16500,5.44221,0.16336,5.44217,0.16393,11,1
700,1.000e+06,0.098341,0.098501,0.098494,+0.000160,+0.000152,1.11381,0.87167,1.11370,0.87154,5.34810,0.13577,5.34811,0.13572,5.34810,0.13575,7,1
700,5.000e+06,0.098341,0.099139,0.099108,+0.000797,+0.000767,1.11381,0.87167,1.11327,0.87105,5.34804,0.13683,5.34806,0.13654,5.34805,0.13669,9,1
700,2.000e+07,0.098341,0.101526,0.101401,+0.003185,+0.003059,1.11381,0.87167,1.11165,0.86922,5.34780,0.14077,5.34787,0.13962,5.34783,0.14024,11,1
