design,variant,lambda_nm,R,T,A_layers,A_total
original,square,400,0.002355,0.000000,0.997645,0.997645
original,square,450,0.001648,0.000001,0.998351,0.998352
original,square,500,0.003387,0.000000,0.996613,0.996613
original,square,550,0.015850,0.000000,0.984150,0.984150
original,square,600,0.012142,0.000000,0.987858,0.987858
original,square,650,0.030633,0.000011,0.969356,0.969367
original,square,700,0.036902,0.157280,0.805818,0.963098
original,square,750,0.028255,0.406105,0.565639,0.971745
original,circle_area,400,0.002518,0.000000,0.997481,0.997482
original,circle_area,450,0.001292,0.000001,0.998708,0.998708
original,circle_area,500,0.003748,0.000000,0.996252,0.996252
original,circle_area,550,0.014063,0.000000,0.985937,0.985937
original,circle_area,600,0.014236,0.000000,0.985764,0.985764
original,circle_area,650,0.035108,0.000011,0.964882,0.964892
original,circle_area,700,0.038631,0.155847,0.805522,0.961369
original,circle_area,750,0.027736,0.403138,0.569126,0.972264
original,circle_side,400,0.006531,0.000000,0.993469,0.993469
original,circle_side,450,0.001575,0.000001,0.998425,0.998425
original,circle_side,500,0.005324,0.000000,0.994676,0.994676
original,circle_side,550,0.011369,0.000000,0.988631,0.988631
original,circle_side,600,0.029767,0.000000,0.970233,0.970233
original,circle_side,650,0.049063,0.000011,0.950926,0.950937
original,circle_side,700,0.047543,0.162313,0.790144,0.952457
original,circle_side,750,0.014710,0.426960,0.558329,0.985290
original,ellipse_x,400,0.011756,0.000000,0.988244,0.988244
original,ellipse_x,450,0.010328,0.000000,0.989672,0.989672
original,ellipse_x,500,0.010228,0.000000,0.989772,0.989772
original,ellipse_x,550,0.057824,0.000000,0.942176,0.942176
original,ellipse_x,600,0.042440,0.000000,0.957560,0.957560
original,ellipse_x,650,0.043052,0.000009,0.956939,0.956948
original,ellipse_x,700,0.037676,0.153875,0.808449,0.962324
original,ellipse_x,750,0.046438,0.373809,0.579753,0.953562
original,ellipse_y,400,0.002736,0.000000,0.997264,0.997264
original,ellipse_y,450,0.000287,0.000001,0.999713,0.999713
original,ellipse_y,500,0.001569,0.000000,0.998431,0.998431
original,ellipse_y,550,0.001651,0.000000,0.998349,0.998349
original,ellipse_y,600,0.018361,0.000000,0.981639,0.981639
original,ellipse_y,650,0.037332,0.000011,0.962657,0.962668
original,ellipse_y,700,0.042207,0.161042,0.796751,0.957793
original,ellipse_y,750,0.015225,0.430418,0.554357,0.984775
original,frustum,400,0.024596,0.000000,0.975404,0.975404
original,frustum,450,0.022478,0.000001,0.977521,0.977522
original,frustum,500,0.024517,0.000000,0.975483,0.975483
original,frustum,550,0.088248,0.000000,0.911752,0.911752
original,frustum,600,0.120168,0.000000,0.879832,0.879832
original,frustum,650,0.118329,0.000012,0.881659,0.881671
original,frustum,700,0.098690,0.161386,0.739924,0.901310
original,frustum,750,0.031288,0.432909,0.535803,0.968712
original,cone,400,0.049284,0.000000,0.950715,0.950716
original,cone,450,0.052325,0.000001,0.947675,0.947675
original,cone,500,0.047574,0.000000,0.952426,0.952426
original,cone,550,0.172852,0.000000,0.827148,0.827148
original,cone,600,0.185067,0.000000,0.814933,0.814933
original,cone,650,0.171030,0.000015,0.828955,0.828970
original,cone,700,0.145656,0.165266,0.689078,0.854344
original,cone,750,0.054556,0.444212,0.501232,0.945444
original,cone_circle,400,0.050494,0.000000,0.949506,0.949506
original,cone_circle,450,0.053660,0.000001,0.946339,0.946340
original,cone_circle,500,0.048349,0.000000,0.951651,0.951651
original,cone_circle,550,0.176397,0.000000,0.823603,0.823603
original,cone_circle,600,0.188797,0.000000,0.811203,0.811203
original,cone_circle,650,0.174161,0.000014,0.825824,0.825839
original,cone_circle,700,0.146974,0.164524,0.688503,0.853026
original,cone_circle,750,0.055471,0.442060,0.502469,0.944529
original,cone_h150,400,0.027299,0.000000,0.972701,0.972701
original,cone_h150,450,0.028455,0.000001,0.971545,0.971545
original,cone_h150,500,0.027939,0.000000,0.972061,0.972061
original,cone_h150,550,0.104379,0.000000,0.895621,0.895621
original,cone_h150,600,0.128216,0.000000,0.871784,0.871784
original,cone_h150,650,0.119532,0.000012,0.880456,0.880468
original,cone_h150,700,0.103044,0.162756,0.734200,0.896956
original,cone_h150,750,0.032042,0.437244,0.530714,0.967958
original,frustum_h150,400,0.011094,0.000000,0.988906,0.988906
original,frustum_h150,450,0.005991,0.000001,0.994009,0.994009
original,frustum_h150,500,0.006528,0.000000,0.993472,0.993472
original,frustum_h150,550,0.018359,0.000000,0.981641,0.981641
original,frustum_h150,600,0.041692,0.000000,0.958308,0.958308
original,frustum_h150,650,0.045958,0.000008,0.954034,0.954042
original,frustum_h150,700,0.034918,0.151874,0.813207,0.965082
original,frustum_h150,750,0.008315,0.417400,0.574285,0.991685
original,two_step,400,0.002180,0.000000,0.997819,0.997820
original,two_step,450,0.001684,0.000000,0.998315,0.998316
original,two_step,500,0.001808,0.000000,0.998192,0.998192
original,two_step,550,0.005895,0.000000,0.994105,0.994105
original,two_step,600,0.009754,0.000000,0.990246,0.990246
original,two_step,650,0.009963,0.000007,0.990030,0.990037
original,two_step,700,0.005753,0.138332,0.855915,0.994247
original,two_step,750,0.008853,0.390714,0.600434,0.991147
improved,square,400,0.013307,0.000000,0.986693,0.986693
improved,square,450,0.003656,0.000000,0.996344,0.996344
improved,square,500,0.000088,0.000000,0.999912,0.999912
improved,square,550,0.006662,0.000000,0.993338,0.993338
improved,square,600,0.002274,0.000000,0.997726,0.997726
improved,square,650,0.000339,0.000000,0.999661,0.999661
improved,square,700,0.004258,0.000946,0.994796,0.995742
improved,square,750,0.003667,0.007603,0.988730,0.996333
improved,circle_area,400,0.012346,0.000000,0.987654,0.987654
improved,circle_area,450,0.003277,0.000000,0.996723,0.996723
improved,circle_area,500,0.000086,0.000000,0.999914,0.999914
improved,circle_area,550,0.004268,0.000000,0.995732,0.995732
improved,circle_area,600,0.000958,0.000000,0.999042,0.999042
improved,circle_area,650,0.000774,0.000000,0.999226,0.999226
improved,circle_area,700,0.005598,0.000946,0.993456,0.994402
improved,circle_area,750,0.002918,0.007613,0.989470,0.997082
improved,circle_side,400,0.010155,0.000000,0.989845,0.989845
improved,circle_side,450,0.004886,0.000000,0.995114,0.995114
improved,circle_side,500,0.003347,0.000000,0.996653,0.996653
improved,circle_side,550,0.002011,0.000000,0.997989,0.997989
improved,circle_side,600,0.007728,0.000000,0.992272,0.992272
improved,circle_side,650,0.017960,0.000000,0.982040,0.982040
improved,circle_side,700,0.020654,0.000938,0.978409,0.979346
improved,circle_side,750,0.004259,0.007625,0.988116,0.995741
improved,ellipse_x,400,0.016572,0.000000,0.983428,0.983428
improved,ellipse_x,450,0.005678,0.000000,0.994322,0.994322
improved,ellipse_x,500,0.001420,0.000000,0.998580,0.998580
improved,ellipse_x,550,0.032648,0.000000,0.967352,0.967352
improved,ellipse_x,600,0.024201,0.000000,0.975799,0.975799
improved,ellipse_x,650,0.010826,0.000000,0.989174,0.989174
improved,ellipse_x,700,0.002761,0.000940,0.996299,0.997239
improved,ellipse_x,750,0.010064,0.007531,0.982405,0.989936
improved,ellipse_y,400,0.012852,0.000000,0.987148,0.987148
improved,ellipse_y,450,0.004535,0.000000,0.995465,0.995465
improved,ellipse_y,500,0.000882,0.000000,0.999118,0.999118
improved,ellipse_y,550,0.000611,0.000000,0.999389,0.999389
improved,ellipse_y,600,0.003916,0.000000,0.996084,0.996084
improved,ellipse_y,650,0.011295,0.000000,0.988705,0.988705
improved,ellipse_y,700,0.013858,0.000943,0.985199,0.986142
improved,ellipse_y,750,0.002562,0.007633,0.989805,0.997438
improved,frustum,400,0.011715,0.000000,0.988285,0.988285
improved,frustum,450,0.016934,0.000000,0.983066,0.983066
improved,frustum,500,0.019632,0.000000,0.980368,0.980368
improved,frustum,550,0.057287,0.000000,0.942713,0.942713
improved,frustum,600,0.066153,0.000000,0.933847,0.933847
improved,frustum,650,0.070890,0.000000,0.929110,0.929110
improved,frustum,700,0.053072,0.000911,0.946017,0.946928
improved,frustum,750,0.019346,0.007524,0.973130,0.980654
improved,cone,400,0.038143,0.000000,0.961857,0.961857
improved,cone,450,0.044090,0.000000,0.955910,0.955910
improved,cone,500,0.042415,0.000000,0.957585,0.957585
improved,cone,550,0.142317,0.000000,0.857683,0.857683
improved,cone,600,0.146807,0.000000,0.853193,0.853193
improved,cone,650,0.135790,0.000000,0.864210,0.864210
improved,cone,700,0.087705,0.000883,0.911412,0.912295
improved,cone,750,0.038247,0.007396,0.954357,0.961753
improved,cone_circle,400,0.038905,0.000000,0.961095,0.961095
improved,cone_circle,450,0.044701,0.000000,0.955299,0.955299
improved,cone_circle,500,0.042848,0.000000,0.957152,0.957152
improved,cone_circle,550,0.145235,0.000000,0.854765,0.854765
improved,cone_circle,600,0.149244,0.000000,0.850756,0.850756
improved,cone_circle,650,0.137210,0.000000,0.862790,0.862790
improved,cone_circle,700,0.088219,0.000882,0.910899,0.911781
improved,cone_circle,750,0.038505,0.007394,0.954101,0.961495
improved,cone_h150,400,0.020307,0.000000,0.979693,0.979693
improved,cone_h150,450,0.024704,0.000000,0.975296,0.975296
improved,cone_h150,500,0.024793,0.000000,0.975207,0.975207
improved,cone_h150,550,0.075276,0.000000,0.924724,0.924724
improved,cone_h150,600,0.084276,0.000000,0.915724,0.915724
improved,cone_h150,650,0.085811,0.000000,0.914189,0.914189
improved,cone_h150,700,0.060373,0.000905,0.938721,0.939627
improved,cone_h150,750,0.022675,0.007503,0.969823,0.977325
improved,frustum_h150,400,0.020973,0.000000,0.979027,0.979027
improved,frustum_h150,450,0.017576,0.000000,0.982424,0.982424
improved,frustum_h150,500,0.010796,0.000000,0.989204,0.989204
improved,frustum_h150,550,0.019919,0.000000,0.980081,0.980081
improved,frustum_h150,600,0.024981,0.000000,0.975019,0.975019
improved,frustum_h150,650,0.031443,0.000000,0.968557,0.968557
improved,frustum_h150,700,0.025847,0.000931,0.973222,0.974153
improved,frustum_h150,750,0.004860,0.007614,0.987526,0.995140
improved,two_step,400,0.005139,0.000000,0.994861,0.994861
improved,two_step,450,0.008463,0.000000,0.991537,0.991537
improved,two_step,500,0.005797,0.000000,0.994203,0.994203
improved,two_step,550,0.008689,0.000000,0.991311,0.991311
improved,two_step,600,0.010678,0.000000,0.989322,0.989322
improved,two_step,650,0.015575,0.000000,0.984425,0.984425
improved,two_step,700,0.010056,0.000934,0.989010,0.989944
improved,two_step,750,0.001150,0.007603,0.991246,0.998850
