design,n_super,lambda_nm,R,T,A_layers,A_total
original,1.00,400,0.002355,0.000000,0.997645,0.997645
original,1.00,405,0.002069,0.000000,0.997930,0.997931
original,1.00,410,0.002340,0.000000,0.997660,0.997660
original,1.00,415,0.002449,0.000000,0.997551,0.997551
original,1.00,420,0.002446,0.000000,0.997554,0.997554
original,1.00,425,0.002371,0.000000,0.997629,0.997629
original,1.00,430,0.002243,0.000000,0.997756,0.997757
original,1.00,435,0.002086,0.000000,0.997913,0.997914
original,1.00,440,0.001924,0.000000,0.998076,0.998076
original,1.00,445,0.001773,0.000001,0.998226,0.998227
original,1.00,450,0.001648,0.000001,0.998351,0.998352
original,1.00,455,0.001566,0.000001,0.998434,0.998434
original,1.00,460,0.001533,0.000001,0.998466,0.998467
original,1.00,465,0.001563,0.000000,0.998436,0.998437
original,1.00,470,0.001644,0.000000,0.998355,0.998356
original,1.00,475,0.001773,0.000000,0.998227,0.998227
original,1.00,480,0.001984,0.000000,0.998015,0.998016
original,1.00,485,0.002260,0.000000,0.997740,0.997740
original,1.00,490,0.002568,0.000000,0.997432,0.997432
original,1.00,495,0.002897,0.000000,0.997103,0.997103
original,1.00,500,0.003387,0.000000,0.996613,0.996613
original,1.00,505,0.004028,0.000000,0.995972,0.995972
original,1.00,510,0.004860,0.000000,0.995140,0.995140
original,1.00,515,0.006047,0.000000,0.993953,0.993953
original,1.00,520,0.007904,0.000000,0.992096,0.992096
original,1.00,525,0.010610,0.000000,0.989390,0.989390
original,1.00,530,0.014056,0.000000,0.985944,0.985944
original,1.00,535,0.017547,0.000000,0.982453,0.982453
original,1.00,540,0.019442,0.000000,0.980558,0.980558
original,1.00,545,0.018365,0.000000,0.981635,0.981635
original,1.00,550,0.015850,0.000000,0.984150,0.984150
original,1.00,555,0.012833,0.000000,0.987167,0.987167
original,1.00,560,0.010051,0.000000,0.989949,0.989949
original,1.00,565,0.008481,0.000000,0.991519,0.991519
original,1.00,570,0.008466,0.000000,0.991534,0.991534
original,1.00,575,0.008622,0.000000,0.991378,0.991378
original,1.00,580,0.008975,0.000000,0.991025,0.991025
original,1.00,585,0.009480,0.000000,0.990520,0.990520
original,1.00,590,0.010183,0.000000,0.989817,0.989817
original,1.00,595,0.011070,0.000000,0.988930,0.988930
original,1.00,600,0.012142,0.000000,0.987858,0.987858
original,1.00,605,0.013397,0.000000,0.986603,0.986603
original,1.00,610,0.014830,0.000000,0.985170,0.985170
original,1.00,615,0.016459,0.000000,0.983541,0.983541
original,1.00,620,0.018217,0.000000,0.981783,0.981783
original,1.00,625,0.020112,0.000000,0.979888,0.979888
original,1.00,630,0.022118,0.000000,0.977882,0.977882
original,1.00,635,0.024206,0.000000,0.975793,0.975794
original,1.00,640,0.026343,0.000001,0.973656,0.973657
original,1.00,645,0.028507,0.000004,0.971489,0.971493
original,1.00,650,0.030633,0.000011,0.969356,0.969367
original,1.00,655,0.032793,0.000081,0.967126,0.967207
original,1.00,660,0.034299,0.000765,0.964936,0.965701
original,1.00,665,0.034455,0.003504,0.962041,0.965545
original,1.00,670,0.036333,0.010281,0.953386,0.963667
original,1.00,675,0.032012,0.023096,0.944893,0.967988
original,1.00,680,0.037410,0.042619,0.919972,0.962590
original,1.00,685,0.036273,0.070960,0.892768,0.963727
original,1.00,690,0.028293,0.096021,0.875686,0.971707
original,1.00,695,0.022901,0.127184,0.849916,0.977099
original,1.00,700,0.036902,0.157280,0.805818,0.963098
original,1.00,705,0.053313,0.177941,0.768746,0.946687
original,1.00,710,0.041348,0.210527,0.748126,0.958652
original,1.00,715,0.015175,0.252894,0.731931,0.984825
original,1.00,720,0.015083,0.267201,0.717716,0.984917
original,1.00,725,0.030821,0.287648,0.681531,0.969179
original,1.00,730,0.046039,0.333963,0.619999,0.953961
original,1.00,735,0.056443,0.365413,0.578144,0.943557
original,1.00,740,0.057561,0.371749,0.570689,0.942439
original,1.00,745,0.050396,0.369335,0.580269,0.949604
original,1.00,750,0.028255,0.406105,0.565639,0.971745
original,1.33,400,0.024055,0.000000,0.975945,0.975945
original,1.33,405,0.024199,0.000000,0.975800,0.975801
original,1.33,410,0.024341,0.000000,0.975659,0.975659
original,1.33,415,0.024440,0.000000,0.975560,0.975560
original,1.33,420,0.024489,0.000000,0.975511,0.975511
original,1.33,425,0.024526,0.000000,0.975474,0.975474
original,1.33,430,0.024502,0.000000,0.975498,0.975498
original,1.33,435,0.024410,0.000001,0.975590,0.975590
original,1.33,440,0.024300,0.000001,0.975699,0.975700
original,1.33,445,0.024109,0.000001,0.975890,0.975891
original,1.33,450,0.023790,0.000001,0.976210,0.976210
original,1.33,455,0.023429,0.000001,0.976570,0.976571
original,1.33,460,0.023037,0.000001,0.976962,0.976963
original,1.33,465,0.022587,0.000001,0.977412,0.977413
original,1.33,470,0.022088,0.000001,0.977911,0.977912
original,1.33,475,0.021536,0.000000,0.978463,0.978464
original,1.33,480,0.020990,0.000000,0.979009,0.979010
original,1.33,485,0.020418,0.000000,0.979582,0.979582
original,1.33,490,0.019812,0.000000,0.980188,0.980188
original,1.33,495,0.019116,0.000000,0.980884,0.980884
original,1.33,500,0.019469,0.000000,0.980531,0.980531
original,1.33,505,0.020353,0.000000,0.979647,0.979647
original,1.33,510,0.021628,0.000000,0.978372,0.978372
original,1.33,515,0.023414,0.000000,0.976586,0.976586
original,1.33,520,0.026050,0.000000,0.973950,0.973950
original,1.33,525,0.028071,0.000000,0.971929,0.971929
original,1.33,530,0.024525,0.000000,0.975475,0.975475
original,1.33,535,0.009481,0.000000,0.990519,0.990519
original,1.33,540,0.013170,0.000000,0.986830,0.986830
original,1.33,545,0.015085,0.000000,0.984915,0.984915
original,1.33,550,0.016004,0.000000,0.983996,0.983996
original,1.33,555,0.015804,0.000000,0.984196,0.984196
original,1.33,560,0.014429,0.000000,0.985571,0.985571
original,1.33,565,0.012729,0.000000,0.987271,0.987271
original,1.33,570,0.012132,0.000000,0.987868,0.987868
original,1.33,575,0.011431,0.000000,0.988569,0.988569
original,1.33,580,0.010612,0.000000,0.989388,0.989388
original,1.33,585,0.009732,0.000000,0.990268,0.990268
original,1.33,590,0.008860,0.000000,0.991140,0.991140
original,1.33,595,0.007969,0.000000,0.992031,0.992031
original,1.33,600,0.007081,0.000000,0.992919,0.992919
original,1.33,605,0.006213,0.000000,0.993787,0.993787
original,1.33,610,0.005383,0.000000,0.994617,0.994617
original,1.33,615,0.004575,0.000000,0.995425,0.995425
original,1.33,620,0.003870,0.000000,0.996130,0.996130
original,1.33,625,0.003241,0.000000,0.996759,0.996759
original,1.33,630,0.002695,0.000000,0.997305,0.997305
original,1.33,635,0.002239,0.000000,0.997761,0.997761
original,1.33,640,0.001877,0.000001,0.998122,0.998123
original,1.33,645,0.001603,0.000004,0.998393,0.998397
original,1.33,650,0.001436,0.000014,0.998551,0.998564
original,1.33,655,0.001324,0.000103,0.998573,0.998676
original,1.33,660,0.001506,0.000975,0.997519,0.998494
original,1.33,665,0.001736,0.004415,0.993849,0.998264
original,1.33,670,0.002648,0.012750,0.984601,0.997352
original,1.33,675,0.001858,0.028076,0.970066,0.998142
original,1.33,680,0.004048,0.050964,0.944988,0.995952
original,1.33,685,0.005109,0.082727,0.912164,0.994891
original,1.33,690,0.001546,0.112743,0.885711,0.998454
original,1.33,695,0.001567,0.141733,0.856700,0.998433
original,1.33,700,0.006507,0.177135,0.816358,0.993493
original,1.33,705,0.012803,0.204726,0.782470,0.987197
original,1.33,710,0.011606,0.229957,0.758437,0.988394
original,1.33,715,0.003321,0.271235,0.725444,0.996679
original,1.33,720,0.000847,0.299917,0.699235,0.999153
original,1.33,725,0.008427,0.316120,0.675452,0.991573
original,1.33,730,0.016177,0.353134,0.630689,0.983823
original,1.33,735,0.020551,0.390282,0.589166,0.979449
original,1.33,740,0.019687,0.410167,0.570146,0.980313
original,1.33,745,0.015287,0.410436,0.574277,0.984713
original,1.33,750,0.009602,0.425191,0.565207,0.990398
original,1.34,400,0.023217,0.000000,0.976783,0.976783
original,1.34,405,0.023367,0.000000,0.976632,0.976633
original,1.34,410,0.023513,0.000000,0.976487,0.976487
original,1.34,415,0.023615,0.000000,0.976385,0.976385
original,1.34,420,0.023667,0.000000,0.976333,0.976333
original,1.34,425,0.023707,0.000000,0.976293,0.976293
original,1.34,430,0.023687,0.000000,0.976313,0.976313
original,1.34,435,0.023600,0.000001,0.976399,0.976400
original,1.34,440,0.023497,0.000001,0.976503,0.976503
original,1.34,445,0.023314,0.000001,0.976685,0.976686
original,1.34,450,0.023007,0.000001,0.976992,0.976993
original,1.34,455,0.022662,0.000001,0.977338,0.977338
original,1.34,460,0.022287,0.000001,0.977713,0.977713
original,1.34,465,0.021859,0.000001,0.978141,0.978141
original,1.34,470,0.021385,0.000001,0.978614,0.978615
original,1.34,475,0.020862,0.000000,0.979137,0.979138
original,1.34,480,0.020359,0.000000,0.979641,0.979641
original,1.34,485,0.019842,0.000000,0.980158,0.980158
original,1.34,490,0.019303,0.000000,0.980697,0.980697
original,1.34,495,0.018690,0.000000,0.981310,0.981310
original,1.34,500,0.019166,0.000000,0.980834,0.980834
original,1.34,505,0.020232,0.000000,0.979768,0.979768
original,1.34,510,0.021783,0.000000,0.978217,0.978217
original,1.34,515,0.024028,0.000000,0.975972,0.975972
original,1.34,520,0.027498,0.000000,0.972502,0.972502
original,1.34,525,0.031270,0.000000,0.968730,0.968730
original,1.34,530,0.033238,0.000000,0.966762,0.966762
original,1.34,535,0.025268,0.000000,0.974732,0.974732
original,1.34,540,0.012754,0.000000,0.987246,0.987246
original,1.34,545,0.014569,0.000000,0.985431,0.985431
original,1.34,550,0.015492,0.000000,0.984508,0.984508
original,1.34,555,0.015362,0.000000,0.984638,0.984638
original,1.34,560,0.014089,0.000000,0.985911,0.985911
original,1.34,565,0.012489,0.000000,0.987511,0.987511
original,1.34,570,0.011961,0.000000,0.988039,0.988039
original,1.34,575,0.011323,0.000000,0.988677,0.988677
original,1.34,580,0.010557,0.000000,0.989443,0.989443
original,1.34,585,0.009724,0.000000,0.990276,0.990276
original,1.34,590,0.008891,0.000000,0.991109,0.991109
original,1.34,595,0.008033,0.000000,0.991967,0.991967
original,1.34,600,0.007171,0.000000,0.992829,0.992829
original,1.34,605,0.006322,0.000000,0.993678,0.993678
original,1.34,610,0.005504,0.000000,0.994496,0.994496
original,1.34,615,0.004700,0.000000,0.995300,0.995300
original,1.34,620,0.003994,0.000000,0.996006,0.996006
original,1.34,625,0.003358,0.000000,0.996642,0.996642
original,1.34,630,0.002800,0.000000,0.997200,0.997200
original,1.34,635,0.002325,0.000000,0.997675,0.997675
original,1.34,640,0.001938,0.000001,0.998060,0.998062
original,1.34,645,0.001635,0.000004,0.998361,0.998365
original,1.34,650,0.001433,0.000014,0.998553,0.998567
original,1.34,655,0.001256,0.000103,0.998640,0.998744
original,1.34,660,0.001358,0.000978,0.997664,0.998642
original,1.34,665,0.001534,0.004432,0.994034,0.998466
original,1.34,670,0.002375,0.012803,0.984822,0.997625
original,1.34,675,0.001632,0.028188,0.970181,0.998368
original,1.34,680,0.003688,0.051173,0.945139,0.996312
original,1.34,685,0.004777,0.083004,0.912219,0.995223
original,1.34,690,0.001338,0.113197,0.885465,0.998662
original,1.34,695,0.001392,0.142107,0.856501,0.998608
original,1.34,700,0.006144,0.177589,0.816267,0.993856
original,1.34,705,0.012191,0.205453,0.782356,0.987809
original,1.34,710,0.011157,0.230483,0.758359,0.988843
original,1.34,715,0.003299,0.271641,0.725061,0.996701
original,1.34,720,0.000901,0.300674,0.698424,0.999099
original,1.34,725,0.008236,0.316988,0.674775,0.991764
original,1.34,730,0.015758,0.353543,0.630699,0.984242
original,1.34,735,0.019982,0.390788,0.589230,0.980018
original,1.34,740,0.019125,0.410987,0.569888,0.980875
original,1.34,745,0.014762,0.411630,0.573608,0.985238
original,1.34,750,0.009360,0.425705,0.564935,0.990640
original,1.35,400,0.022390,0.000000,0.977609,0.977610
original,1.35,405,0.022547,0.000000,0.977453,0.977453
original,1.35,410,0.022697,0.000000,0.977302,0.977303
original,1.35,415,0.022803,0.000000,0.977197,0.977197
original,1.35,420,0.022858,0.000000,0.977142,0.977142
original,1.35,425,0.022900,0.000000,0.977099,0.977100
original,1.35,430,0.022884,0.000000,0.977115,0.977116
original,1.35,435,0.022803,0.000001,0.977197,0.977197
original,1.35,440,0.022705,0.000001,0.977295,0.977295
original,1.35,445,0.022531,0.000001,0.977469,0.977469
original,1.35,450,0.022236,0.000001,0.977764,0.977764
original,1.35,455,0.021903,0.000001,0.978096,0.978097
original,1.35,460,0.021544,0.000001,0.978455,0.978456
original,1.35,465,0.021136,0.000001,0.978863,0.978864
original,1.35,470,0.020686,0.000001,0.979314,0.979314
original,1.35,475,0.020189,0.000000,0.979810,0.979811
original,1.35,480,0.019723,0.000000,0.980276,0.980277
original,1.35,485,0.019256,0.000000,0.980743,0.980744
original,1.35,490,0.018778,0.000000,0.981222,0.981222
original,1.35,495,0.018238,0.000000,0.981762,0.981762
original,1.35,500,0.018819,0.000000,0.981181,0.981181
original,1.35,505,0.020035,0.000000,0.979965,0.979965
original,1.35,510,0.021810,0.000000,0.978190,0.978190
original,1.35,515,0.024412,0.000000,0.975588,0.975588
original,1.35,520,0.028477,0.000000,0.971523,0.971523
original,1.35,525,0.033333,0.000000,0.966667,0.966667
original,1.35,530,0.037646,0.000000,0.962354,0.962354
original,1.35,535,0.038833,0.000000,0.961167,0.961167
original,1.35,540,0.013507,0.000000,0.986493,0.986493
original,1.35,545,0.014016,0.000000,0.985984,0.985984
original,1.35,550,0.014926,0.000000,0.985074,0.985074
original,1.35,555,0.014859,0.000000,0.985141,0.985141
original,1.35,560,0.013690,0.000000,0.986310,0.986310
original,1.35,565,0.012194,0.000000,0.987806,0.987806
original,1.35,570,0.011742,0.000000,0.988258,0.988258
original,1.35,575,0.011170,0.000000,0.988830,0.988830
original,1.35,580,0.010463,0.000000,0.989537,0.989537
original,1.35,585,0.009681,0.000000,0.990319,0.990319
original,1.35,590,0.008891,0.000000,0.991109,0.991109
original,1.35,595,0.008069,0.000000,0.991931,0.991931
original,1.35,600,0.007236,0.000000,0.992764,0.992764
original,1.35,605,0.006410,0.000000,0.993590,0.993590
original,1.35,610,0.005608,0.000000,0.994392,0.994392
original,1.35,615,0.004813,0.000000,0.995187,0.995187
original,1.35,620,0.004110,0.000000,0.995890,0.995890
original,1.35,625,0.003471,0.000000,0.996529,0.996529
original,1.35,630,0.002904,0.000000,0.997096,0.997096
original,1.35,635,0.002415,0.000000,0.997584,0.997585
original,1.35,640,0.002008,0.000001,0.997990,0.997992
original,1.35,645,0.001678,0.000004,0.998317,0.998322
original,1.35,650,0.001446,0.000014,0.998540,0.998554
original,1.35,655,0.001209,0.000104,0.998687,0.998791
original,1.35,660,0.001234,0.000981,0.997785,0.998766
original,1.35,665,0.001358,0.004448,0.994195,0.998642
original,1.35,670,0.002129,0.012853,0.985018,0.997871
original,1.35,675,0.001429,0.028296,0.970275,0.998571
original,1.35,680,0.003352,0.051379,0.945269,0.996648
original,1.35,685,0.004468,0.083275,0.912258,0.995532
original,1.35,690,0.001153,0.113645,0.885202,0.998847
original,1.35,695,0.001233,0.142477,0.856290,0.998767
original,1.35,700,0.005801,0.178033,0.816166,0.994199
original,1.35,705,0.011605,0.206171,0.782224,0.988395
original,1.35,710,0.010727,0.231007,0.758266,0.989273
original,1.35,715,0.003286,0.272038,0.724676,0.996714
original,1.35,720,0.000969,0.301416,0.697615,0.999031
original,1.35,725,0.008064,0.317859,0.674077,0.991936
original,1.35,730,0.015359,0.353945,0.630696,0.984641
original,1.35,735,0.019434,0.391281,0.589285,0.980566
original,1.35,740,0.018586,0.411789,0.569625,0.981414
original,1.35,745,0.014262,0.412821,0.572917,0.985738
original,1.35,750,0.009130,0.426219,0.564650,0.990870
improved,1.00,400,0.013307,0.000000,0.986693,0.986693
improved,1.00,405,0.012077,0.000000,0.987923,0.987923
improved,1.00,410,0.010933,0.000000,0.989067,0.989067
improved,1.00,415,0.009858,0.000000,0.990142,0.990142
improved,1.00,420,0.008852,0.000000,0.991148,0.991148
improved,1.00,425,0.007918,0.000000,0.992082,0.992082
improved,1.00,430,0.007016,0.000000,0.992984,0.992984
improved,1.00,435,0.006136,0.000000,0.993864,0.993864
improved,1.00,440,0.005309,0.000000,0.994691,0.994691
improved,1.00,445,0.004485,0.000000,0.995515,0.995515
improved,1.00,450,0.003656,0.000000,0.996344,0.996344
improved,1.00,455,0.002892,0.000000,0.997108,0.997108
improved,1.00,460,0.002205,0.000000,0.997795,0.997795
improved,1.00,465,0.001586,0.000000,0.998414,0.998414
improved,1.00,470,0.001072,0.000000,0.998928,0.998928
improved,1.00,475,0.000664,0.000000,0.999336,0.999336
improved,1.00,480,0.000346,0.000000,0.999654,0.999654
improved,1.00,485,0.000134,0.000000,0.999866,0.999866
improved,1.00,490,0.000029,0.000000,0.999971,0.999971
improved,1.00,495,0.000015,0.000000,0.999985,0.999985
improved,1.00,500,0.000088,0.000000,0.999912,0.999912
improved,1.00,505,0.000255,0.000000,0.999745,0.999745
improved,1.00,510,0.000552,0.000000,0.999448,0.999448
improved,1.00,515,0.001057,0.000000,0.998943,0.998943
improved,1.00,520,0.001806,0.000000,0.998194,0.998194
improved,1.00,525,0.002903,0.000000,0.997097,0.997097
improved,1.00,530,0.004423,0.000000,0.995577,0.995577
improved,1.00,535,0.006178,0.000000,0.993822,0.993822
improved,1.00,540,0.007488,0.000000,0.992512,0.992512
improved,1.00,545,0.007353,0.000000,0.992647,0.992647
improved,1.00,550,0.006662,0.000000,0.993338,0.993338
improved,1.00,555,0.005845,0.000000,0.994155,0.994155
improved,1.00,560,0.005155,0.000000,0.994845,0.994845
improved,1.00,565,0.004669,0.000000,0.995331,0.995331
improved,1.00,570,0.004357,0.000000,0.995643,0.995643
improved,1.00,575,0.004046,0.000000,0.995954,0.995954
improved,1.00,580,0.003709,0.000000,0.996291,0.996291
improved,1.00,585,0.003367,0.000000,0.996633,0.996633
improved,1.00,590,0.003020,0.000000,0.996980,0.996980
improved,1.00,595,0.002655,0.000000,0.997345,0.997345
improved,1.00,600,0.002274,0.000000,0.997726,0.997726
improved,1.00,605,0.001888,0.000000,0.998112,0.998112
improved,1.00,610,0.001512,0.000000,0.998488,0.998488
improved,1.00,615,0.001149,0.000000,0.998851,0.998851
improved,1.00,620,0.000866,0.000000,0.999134,0.999134
improved,1.00,625,0.000663,0.000000,0.999337,0.999337
improved,1.00,630,0.000547,0.000000,0.999453,0.999453
improved,1.00,635,0.000502,0.000000,0.999498,0.999498
improved,1.00,640,0.000485,0.000000,0.999515,0.999515
improved,1.00,645,0.000435,0.000000,0.999565,0.999565
improved,1.00,650,0.000339,0.000000,0.999661,0.999661
improved,1.00,655,0.000399,0.000000,0.999601,0.999601
improved,1.00,660,0.005021,0.000000,0.994979,0.994979
improved,1.00,665,0.013870,0.000000,0.986129,0.986130
improved,1.00,670,0.020407,0.000001,0.979592,0.979593
improved,1.00,675,0.021215,0.000007,0.978778,0.978785
improved,1.00,680,0.017451,0.000040,0.982509,0.982549
improved,1.00,685,0.010204,0.000143,0.989653,0.989796
improved,1.00,690,0.006608,0.000341,0.993051,0.993392
improved,1.00,695,0.000926,0.000600,0.998474,0.999074
improved,1.00,700,0.004258,0.000946,0.994796,0.995742
improved,1.00,705,0.000414,0.001392,0.998193,0.999586
improved,1.00,710,0.010359,0.001874,0.987767,0.989641
improved,1.00,715,0.032277,0.002442,0.965281,0.967723
improved,1.00,720,0.017945,0.003174,0.978881,0.982055
improved,1.00,725,0.002451,0.003949,0.993600,0.997549
improved,1.00,730,0.056048,0.004361,0.939590,0.943952
improved,1.00,735,0.118889,0.004625,0.876486,0.881111
improved,1.00,740,0.127186,0.005231,0.867583,0.872814
improved,1.00,745,0.068617,0.006354,0.925030,0.931383
improved,1.00,750,0.003667,0.007603,0.988730,0.996333
improved,1.33,400,0.010777,0.000000,0.989223,0.989223
improved,1.33,405,0.010199,0.000000,0.989801,0.989801
improved,1.33,410,0.009659,0.000000,0.990341,0.990341
improved,1.33,415,0.009139,0.000000,0.990861,0.990861
improved,1.33,420,0.008637,0.000000,0.991363,0.991363
improved,1.33,425,0.008167,0.000000,0.991833,0.991833
improved,1.33,430,0.007689,0.000000,0.992311,0.992311
improved,1.33,435,0.007190,0.000000,0.992810,0.992810
improved,1.33,440,0.006696,0.000000,0.993304,0.993304
improved,1.33,445,0.006154,0.000000,0.993846,0.993846
improved,1.33,450,0.005540,0.000000,0.994460,0.994460
improved,1.33,455,0.004921,0.000000,0.995079,0.995079
improved,1.33,460,0.004309,0.000000,0.995691,0.995691
improved,1.33,465,0.003694,0.000000,0.996306,0.996306
improved,1.33,470,0.003118,0.000000,0.996882,0.996882
improved,1.33,475,0.002595,0.000000,0.997405,0.997405
improved,1.33,480,0.002109,0.000000,0.997891,0.997891
improved,1.33,485,0.001684,0.000000,0.998316,0.998316
improved,1.33,490,0.001334,0.000000,0.998666,0.998666
improved,1.33,495,0.001035,0.000000,0.998965,0.998965
improved,1.33,500,0.000850,0.000000,0.999150,0.999150
improved,1.33,505,0.000688,0.000000,0.999312,0.999312
improved,1.33,510,0.000551,0.000000,0.999449,0.999449
improved,1.33,515,0.000491,0.000000,0.999509,0.999509
improved,1.33,520,0.000726,0.000000,0.999274,0.999274
improved,1.33,525,0.001516,0.000000,0.998484,0.998484
improved,1.33,530,0.003252,0.000000,0.996748,0.996748
improved,1.33,535,0.006437,0.000000,0.993563,0.993563
improved,1.33,540,0.010753,0.000000,0.989247,0.989247
improved,1.33,545,0.013410,0.000000,0.986590,0.986590
improved,1.33,550,0.015316,0.000000,0.984684,0.984684
improved,1.33,555,0.016315,0.000000,0.983685,0.983685
improved,1.33,560,0.016423,0.000000,0.983577,0.983577
improved,1.33,565,0.015947,0.000000,0.984053,0.984053
improved,1.33,570,0.015347,0.000000,0.984653,0.984653
improved,1.33,575,0.014736,0.000000,0.985264,0.985264
improved,1.33,580,0.014062,0.000000,0.985938,0.985938
improved,1.33,585,0.013425,0.000000,0.986575,0.986575
improved,1.33,590,0.012794,0.000000,0.987206,0.987206
improved,1.33,595,0.012152,0.000000,0.987848,0.987848
improved,1.33,600,0.011495,0.000000,0.988505,0.988505
improved,1.33,605,0.010813,0.000000,0.989187,0.989187
improved,1.33,610,0.010101,0.000000,0.989899,0.989899
improved,1.33,615,0.009296,0.000000,0.990704,0.990704
improved,1.33,620,0.008529,0.000000,0.991471,0.991471
improved,1.33,625,0.007764,0.000000,0.992236,0.992236
improved,1.33,630,0.007052,0.000000,0.992948,0.992948
improved,1.33,635,0.006459,0.000000,0.993541,0.993541
improved,1.33,640,0.006058,0.000000,0.993942,0.993942
improved,1.33,645,0.005910,0.000000,0.994090,0.994090
improved,1.33,650,0.006020,0.000000,0.993980,0.993980
improved,1.33,655,0.006818,0.000000,0.993182,0.993182
improved,1.33,660,0.006701,0.000000,0.993299,0.993299
improved,1.33,665,0.004990,0.000000,0.995010,0.995010
improved,1.33,670,0.003412,0.000001,0.996587,0.996588
improved,1.33,675,0.002701,0.000007,0.997292,0.997299
improved,1.33,680,0.002656,0.000041,0.997303,0.997344
improved,1.33,685,0.002274,0.000144,0.997582,0.997726
improved,1.33,690,0.003738,0.000340,0.995921,0.996262
improved,1.33,695,0.004619,0.000596,0.994785,0.995381
improved,1.33,700,0.001175,0.000946,0.997880,0.998825
improved,1.33,705,0.006254,0.001380,0.992366,0.993746
improved,1.33,710,0.018431,0.001853,0.979717,0.981569
improved,1.33,715,0.016012,0.002476,0.981512,0.983988
improved,1.33,720,0.001166,0.003221,0.995613,0.998834
improved,1.33,725,0.012351,0.003901,0.983748,0.987649
improved,1.33,730,0.053579,0.004361,0.942060,0.946421
improved,1.33,735,0.079566,0.004819,0.915615,0.920434
improved,1.33,740,0.069767,0.005565,0.924667,0.930233
improved,1.33,745,0.032017,0.006594,0.961389,0.967983
improved,1.33,750,0.009670,0.007545,0.982785,0.990330
improved,1.34,400,0.010547,0.000000,0.989453,0.989453
improved,1.34,405,0.009989,0.000000,0.990011,0.990011
improved,1.34,410,0.009468,0.000000,0.990532,0.990532
improved,1.34,415,0.008966,0.000000,0.991034,0.991034
improved,1.34,420,0.008482,0.000000,0.991518,0.991518
improved,1.34,425,0.008028,0.000000,0.991972,0.991972
improved,1.34,430,0.007565,0.000000,0.992435,0.992435
improved,1.34,435,0.007082,0.000000,0.992918,0.992918
improved,1.34,440,0.006603,0.000000,0.993397,0.993397
improved,1.34,445,0.006075,0.000000,0.993925,0.993925
improved,1.34,450,0.005477,0.000000,0.994523,0.994523
improved,1.34,455,0.004871,0.000000,0.995129,0.995129
improved,1.34,460,0.004271,0.000000,0.995729,0.995729
improved,1.34,465,0.003668,0.000000,0.996332,0.996332
improved,1.34,470,0.003102,0.000000,0.996898,0.996898
improved,1.34,475,0.002586,0.000000,0.997414,0.997414
improved,1.34,480,0.002109,0.000000,0.997891,0.997891
improved,1.34,485,0.001691,0.000000,0.998309,0.998309
improved,1.34,490,0.001347,0.000000,0.998653,0.998653
improved,1.34,495,0.001052,0.000000,0.998948,0.998948
improved,1.34,500,0.000872,0.000000,0.999128,0.999128
improved,1.34,505,0.000712,0.000000,0.999288,0.999288
improved,1.34,510,0.000575,0.000000,0.999425,0.999425
improved,1.34,515,0.000511,0.000000,0.999489,0.999489
improved,1.34,520,0.000740,0.000000,0.999260,0.999260
improved,1.34,525,0.001523,0.000000,0.998477,0.998477
improved,1.34,530,0.003256,0.000000,0.996744,0.996744
improved,1.34,535,0.006454,0.000000,0.993546,0.993546
improved,1.34,540,0.010812,0.000000,0.989188,0.989188
improved,1.34,545,0.013521,0.000000,0.986479,0.986479
improved,1.34,550,0.015488,0.000000,0.984512,0.984512
improved,1.34,555,0.016542,0.000000,0.983458,0.983458
improved,1.34,560,0.016687,0.000000,0.983313,0.983313
improved,1.34,565,0.016224,0.000000,0.983776,0.983776
improved,1.34,570,0.015628,0.000000,0.984372,0.984372
improved,1.34,575,0.015020,0.000000,0.984980,0.984980
improved,1.34,580,0.014346,0.000000,0.985654,0.985654
improved,1.34,585,0.013710,0.000000,0.986290,0.986290
improved,1.34,590,0.013078,0.000000,0.986922,0.986922
improved,1.34,595,0.012436,0.000000,0.987564,0.987564
improved,1.34,600,0.011777,0.000000,0.988223,0.988223
improved,1.34,605,0.011094,0.000000,0.988906,0.988906
improved,1.34,610,0.010379,0.000000,0.989621,0.989621
improved,1.34,615,0.009569,0.000000,0.990431,0.990431
improved,1.34,620,0.008797,0.000000,0.991203,0.991203
improved,1.34,625,0.008027,0.000000,0.991973,0.991973
improved,1.34,630,0.007307,0.000000,0.992693,0.992693
improved,1.34,635,0.006708,0.000000,0.993292,0.993292
improved,1.34,640,0.006302,0.000000,0.993698,0.993698
improved,1.34,645,0.006156,0.000000,0.993844,0.993844
improved,1.34,650,0.006274,0.000000,0.993726,0.993726
improved,1.34,655,0.007097,0.000000,0.992903,0.992903
improved,1.34,660,0.006925,0.000000,0.993075,0.993075
improved,1.34,665,0.005036,0.000000,0.994964,0.994964
improved,1.34,670,0.003293,0.000001,0.996707,0.996707
improved,1.34,675,0.002526,0.000007,0.997466,0.997474
improved,1.34,680,0.002532,0.000041,0.997427,0.997468
improved,1.34,685,0.002274,0.000144,0.997582,0.997726
improved,1.34,690,0.003831,0.000340,0.995829,0.996169
improved,1.34,695,0.004858,0.000596,0.994546,0.995142
improved,1.34,700,0.001302,0.000946,0.997752,0.998698
improved,1.34,705,0.006542,0.001380,0.992079,0.993458
improved,1.34,710,0.018816,0.001852,0.979332,0.981184
improved,1.34,715,0.015954,0.002476,0.981570,0.984046
improved,1.34,720,0.001042,0.003221,0.995737,0.998958
improved,1.34,725,0.012761,0.003899,0.983340,0.987239
improved,1.34,730,0.053842,0.004359,0.941799,0.946158
improved,1.34,735,0.079090,0.004821,0.916089,0.920910
improved,1.34,740,0.068816,0.005571,0.925613,0.931184
improved,1.34,745,0.031433,0.006598,0.961969,0.968567
improved,1.34,750,0.009979,0.007542,0.982479,0.990021
improved,1.35,400,0.010314,0.000000,0.989686,0.989686
improved,1.35,405,0.009776,0.000000,0.990224,0.990224
improved,1.35,410,0.009274,0.000000,0.990726,0.990726
improved,1.35,415,0.008789,0.000000,0.991211,0.991211
improved,1.35,420,0.008322,0.000000,0.991678,0.991678
improved,1.35,425,0.007884,0.000000,0.992116,0.992116
improved,1.35,430,0.007437,0.000000,0.992563,0.992563
improved,1.35,435,0.006970,0.000000,0.993030,0.993030
improved,1.35,440,0.006506,0.000000,0.993494,0.993494
improved,1.35,445,0.005993,0.000000,0.994007,0.994007
improved,1.35,450,0.005408,0.000000,0.994592,0.994592
improved,1.35,455,0.004816,0.000000,0.995184,0.995184
improved,1.35,460,0.004229,0.000000,0.995771,0.995771
improved,1.35,465,0.003637,0.000000,0.996363,0.996363
improved,1.35,470,0.003081,0.000000,0.996919,0.996919
improved,1.35,475,0.002575,0.000000,0.997425,0.997425
improved,1.35,480,0.002106,0.000000,0.997894,0.997894
improved,1.35,485,0.001696,0.000000,0.998304,0.998304
improved,1.35,490,0.001358,0.000000,0.998642,0.998642
improved,1.35,495,0.001068,0.000000,0.998932,0.998932
improved,1.35,500,0.000892,0.000000,0.999108,0.999108
improved,1.35,505,0.000735,0.000000,0.999265,0.999265
improved,1.35,510,0.000599,0.000000,0.999401,0.999401
improved,1.35,515,0.000532,0.000000,0.999468,0.999468
improved,1.35,520,0.000755,0.000000,0.999245,0.999245
improved,1.35,525,0.001532,0.000000,0.998468,0.998468
improved,1.35,530,0.003261,0.000000,0.996739,0.996739
improved,1.35,535,0.006471,0.000000,0.993529,0.993529
improved,1.35,540,0.010868,0.000000,0.989132,0.989132
improved,1.35,545,0.013627,0.000000,0.986373,0.986373
improved,1.35,550,0.015653,0.000000,0.984347,0.984347
improved,1.35,555,0.016760,0.000000,0.983240,0.983240
improved,1.35,560,0.016941,0.000000,0.983059,0.983059
improved,1.35,565,0.016490,0.000000,0.983510,0.983510
improved,1.35,570,0.015899,0.000000,0.984101,0.984101
improved,1.35,575,0.015294,0.000000,0.984706,0.984706
improved,1.35,580,0.014621,0.000000,0.985379,0.985379
improved,1.35,585,0.013986,0.000000,0.986014,0.986014
improved,1.35,590,0.013355,0.000000,0.986645,0.986645
improved,1.35,595,0.012712,0.000000,0.987288,0.987288
improved,1.35,600,0.012052,0.000000,0.987948,0.987948
improved,1.35,605,0.011368,0.000000,0.988632,0.988632
improved,1.35,610,0.010651,0.000000,0.989349,0.989349
improved,1.35,615,0.009837,0.000000,0.990163,0.990163
improved,1.35,620,0.009060,0.000000,0.990940,0.990940
improved,1.35,625,0.008284,0.000000,0.991716,0.991716
improved,1.35,630,0.007557,0.000000,0.992443,0.992443
improved,1.35,635,0.006952,0.000000,0.993048,0.993048
improved,1.35,640,0.006543,0.000000,0.993457,0.993457
improved,1.35,645,0.006398,0.000000,0.993602,0.993602
improved,1.35,650,0.006525,0.000000,0.993475,0.993475
improved,1.35,655,0.007373,0.000000,0.992627,0.992627
improved,1.35,660,0.007149,0.000000,0.992851,0.992851
improved,1.35,665,0.005088,0.000000,0.994912,0.994912
improved,1.35,670,0.003183,0.000001,0.996816,0.996817
improved,1.35,675,0.002363,0.000007,0.997630,0.997637
improved,1.35,680,0.002416,0.000041,0.997543,0.997584
improved,1.35,685,0.002279,0.000144,0.997577,0.997721
improved,1.35,690,0.003926,0.000340,0.995734,0.996074
improved,1.35,695,0.005094,0.000596,0.994310,0.994906
improved,1.35,700,0.001432,0.000946,0.997622,0.998568
improved,1.35,705,0.006827,0.001379,0.991794,0.993173
improved,1.35,710,0.019199,0.001851,0.978950,0.980801
improved,1.35,715,0.015907,0.002476,0.981617,0.984093
improved,1.35,720,0.000928,0.003221,0.995850,0.999072
improved,1.35,725,0.013167,0.003897,0.982936,0.986833
improved,1.35,730,0.054109,0.004358,0.941533,0.945891
improved,1.35,735,0.078637,0.004823,0.916540,0.921363
improved,1.35,740,0.067897,0.005576,0.926527,0.932103
improved,1.35,745,0.030869,0.006602,0.962529,0.969131
improved,1.35,750,0.010286,0.007540,0.982174,0.989714
