design,au_model,lambda_nm,R,T,A_layers,A_total
original,lerer_fit,300.0,0.061087,0.000000,0.938913,0.938913
original,lerer_fit,310.0,0.060612,0.000000,0.939388,0.939388
original,lerer_fit,320.0,0.059312,0.000000,0.940688,0.940688
original,lerer_fit,330.0,0.057675,0.000000,0.942325,0.942325
original,lerer_fit,340.0,0.056290,0.000000,0.943710,0.943710
original,lerer_fit,350.0,0.055216,0.000000,0.944784,0.944784
original,lerer_fit,360.0,0.054224,0.000000,0.945776,0.945776
original,lerer_fit,370.0,0.052935,0.000000,0.947065,0.947065
original,lerer_fit,380.0,0.050363,0.000000,0.949637,0.949637
original,lerer_fit,390.0,0.044075,0.000000,0.955925,0.955925
original,lerer_fit,400.0,0.002355,0.000000,0.997645,0.997645
original,lerer_fit,410.0,0.002340,0.000000,0.997660,0.997660
original,lerer_fit,420.0,0.002446,0.000000,0.997554,0.997554
original,lerer_fit,430.0,0.002243,0.000000,0.997756,0.997757
original,lerer_fit,440.0,0.001924,0.000000,0.998076,0.998076
original,lerer_fit,450.0,0.001648,0.000001,0.998351,0.998352
original,lerer_fit,460.0,0.001533,0.000001,0.998466,0.998467
original,lerer_fit,470.0,0.001644,0.000000,0.998355,0.998356
original,lerer_fit,480.0,0.001984,0.000000,0.998015,0.998016
original,lerer_fit,490.0,0.002568,0.000000,0.997432,0.997432
original,lerer_fit,500.0,0.003387,0.000000,0.996613,0.996613
original,lerer_fit,510.0,0.004860,0.000000,0.995140,0.995140
original,lerer_fit,520.0,0.007904,0.000000,0.992096,0.992096
original,lerer_fit,530.0,0.014056,0.000000,0.985944,0.985944
original,lerer_fit,540.0,0.019442,0.000000,0.980558,0.980558
original,lerer_fit,550.0,0.015850,0.000000,0.984150,0.984150
original,lerer_fit,560.0,0.010051,0.000000,0.989949,0.989949
original,lerer_fit,570.0,0.008466,0.000000,0.991534,0.991534
original,lerer_fit,580.0,0.008975,0.000000,0.991025,0.991025
original,lerer_fit,590.0,0.010183,0.000000,0.989817,0.989817
original,lerer_fit,600.0,0.012142,0.000000,0.987858,0.987858
original,lerer_fit,610.0,0.014830,0.000000,0.985170,0.985170
original,lerer_fit,620.0,0.018217,0.000000,0.981783,0.981783
original,lerer_fit,630.0,0.022118,0.000000,0.977882,0.977882
original,lerer_fit,640.0,0.026343,0.000001,0.973656,0.973657
original,lerer_fit,650.0,0.030633,0.000011,0.969356,0.969367
original,lerer_fit,660.0,0.034299,0.000765,0.964936,0.965701
original,lerer_fit,670.0,0.036333,0.010281,0.953386,0.963667
original,lerer_fit,680.0,0.037410,0.042619,0.919972,0.962590
original,lerer_fit,690.0,0.028293,0.096021,0.875686,0.971707
original,lerer_fit,700.0,0.036902,0.157280,0.805818,0.963098
original,lerer_fit,710.0,0.041348,0.210527,0.748126,0.958652
original,lerer_fit,720.0,0.015083,0.267201,0.717716,0.984917
original,lerer_fit,730.0,0.046039,0.333963,0.619999,0.953961
original,lerer_fit,740.0,0.057561,0.371749,0.570689,0.942439
original,lerer_fit,750.0,0.028255,0.406105,0.565639,0.971745
original,lerer_fit,760.0,0.009392,0.476089,0.514519,0.990608
original,lerer_fit,770.0,0.055558,0.468076,0.476366,0.944442
original,lerer_fit,780.0,0.077057,0.528076,0.394867,0.922943
original,lerer_fit,790.0,0.070765,0.512317,0.416917,0.929235
original,lerer_fit,800.0,0.019755,0.604347,0.375898,0.980245
original,lerer_fit,820.0,0.034145,0.643674,0.322181,0.965855
original,lerer_fit,840.0,0.099402,0.638768,0.261830,0.900598
original,lerer_fit,860.0,0.039155,0.709332,0.251512,0.960845
original,lerer_fit,880.0,0.009228,0.758057,0.232715,0.990772
original,lerer_fit,900.0,0.091110,0.714109,0.194782,0.908890
original,lerer_fit,920.0,0.115257,0.710817,0.173926,0.884743
original,lerer_fit,940.0,0.047490,0.780664,0.171845,0.952510
original,lerer_fit,960.0,0.004578,0.829291,0.166131,0.995422
original,lerer_fit,980.0,0.063688,0.789899,0.146412,0.936312
original,lerer_fit,1000.0,0.131433,0.740851,0.127716,0.868567
original,lerer_fit,1020.0,0.133999,0.745534,0.120467,0.866001
original,lerer_fit,1040.0,0.073810,0.805716,0.120474,0.926190
original,lerer_fit,1060.0,0.013049,0.867747,0.119204,0.986951
original,lerer_fit,1080.0,0.024162,0.866656,0.109182,0.975838
original,lerer_fit,1100.0,0.092157,0.813150,0.094693,0.907843
original,lerer_fit,1120.0,0.149877,0.767405,0.082718,0.850123
original,lerer_fit,1140.0,0.161318,0.761138,0.077544,0.838682
original,lerer_fit,1160.0,0.126297,0.796326,0.077377,0.873703
original,lerer_fit,1180.0,0.065783,0.855088,0.079129,0.934217
original,lerer_fit,1200.0,0.018231,0.902570,0.079198,0.981769
original,lerer_fit,1220.0,0.018069,0.906301,0.075630,0.981931
original,lerer_fit,1240.0,0.063137,0.867696,0.069167,0.936863
original,lerer_fit,1260.0,0.110483,0.807512,0.082005,0.889517
original,lerer_fit,1280.0,0.156047,0.763680,0.080272,0.843953
original,lerer_fit,1300.0,0.179272,0.745323,0.075404,0.820728
original,lerer_fit,1320.0,0.173044,0.753416,0.073539,0.826956
original,lerer_fit,1340.0,0.141368,0.784608,0.074024,0.858632
original,lerer_fit,1360.0,0.094207,0.830254,0.075539,0.905793
original,lerer_fit,1380.0,0.038530,0.903921,0.057549,0.961470
original,lerer_fit,1400.0,0.018610,0.911982,0.069408,0.981390
original,lerer_fit,1420.0,0.022167,0.904499,0.073334,0.977833
original,lerer_fit,1440.0,0.051942,0.879171,0.068887,0.948058
original,lerer_fit,1460.0,0.095998,0.840526,0.063476,0.904002
original,lerer_fit,1480.0,0.139804,0.801614,0.058582,0.860196
original,lerer_fit,1500.0,0.173500,0.771915,0.054585,0.826500
original,lerer_fit,1520.0,0.192389,0.755822,0.051789,0.807611
original,lerer_fit,1540.0,0.195297,0.754567,0.050136,0.804703
original,lerer_fit,1560.0,0.178390,0.788024,0.033586,0.821610
original,lerer_fit,1580.0,0.155532,0.801295,0.043173,0.844468
original,lerer_fit,1600.0,0.124323,0.826274,0.049403,0.875677
original,lerer_fit,1620.0,0.087477,0.862206,0.050317,0.912523
original,lerer_fit,1640.0,0.053816,0.895461,0.050723,0.946184
original,lerer_fit,1660.0,0.030099,0.919796,0.050105,0.969901
original,lerer_fit,1680.0,0.021336,0.929918,0.048746,0.978664
original,lerer_fit,1700.0,0.028739,0.924462,0.046799,0.971261
original,lerer_fit,1720.0,0.049746,0.905996,0.044258,0.950254
original,lerer_fit,1740.0,0.079372,0.879007,0.041621,0.920628
original,lerer_fit,1760.0,0.112167,0.848869,0.038964,0.887833
original,lerer_fit,1780.0,0.149151,0.824814,0.026035,0.850849
original,lerer_fit,1800.0,0.172877,0.798365,0.028758,0.827123
original,lerer_fit,1820.0,0.190841,0.777004,0.032155,0.809159
original,lerer_fit,1840.0,0.203577,0.764827,0.031596,0.796423
original,lerer_fit,1860.0,0.209038,0.760503,0.030459,0.790962
original,lerer_fit,1880.0,0.207163,0.763123,0.029714,0.792837
original,lerer_fit,1900.0,0.198578,0.771929,0.029493,0.801422
original,lerer_fit,1920.0,0.184057,0.786443,0.029500,0.815943
original,lerer_fit,1940.0,0.164629,0.805766,0.029605,0.835371
original,lerer_fit,1960.0,0.141506,0.828834,0.029660,0.858494
original,lerer_fit,1980.0,0.116370,0.853880,0.029751,0.883630
original,lerer_fit,2000.0,0.091086,0.879101,0.029813,0.908914
original,lerer_fit,2050.0,0.039981,0.930058,0.029961,0.960019
original,lerer_fit,2100.0,0.026090,0.945239,0.028671,0.973910
original,lerer_fit,2150.0,0.052523,0.921117,0.026360,0.947477
original,lerer_fit,2200.0,0.101929,0.874369,0.023702,0.898071
original,lerer_fit,2250.0,0.153056,0.825641,0.021303,0.846944
original,lerer_fit,2300.0,0.192359,0.788195,0.019445,0.807641
original,lerer_fit,2350.0,0.214467,0.767367,0.018165,0.785533
original,lerer_fit,2400.0,0.218535,0.764064,0.017402,0.781465
original,lerer_fit,2450.0,0.207304,0.775700,0.016996,0.792696
original,lerer_fit,2500.0,0.182846,0.800293,0.016861,0.817154
original,lerer_fit,2550.0,0.149135,0.833989,0.016877,0.850865
original,lerer_fit,2600.0,0.111285,0.871794,0.016921,0.888715
original,lerer_fit,2650.0,0.075290,0.907831,0.016879,0.924710
original,lerer_fit,2700.0,0.047122,0.936218,0.016661,0.952878
original,lerer_fit,2750.0,0.031337,0.952444,0.016219,0.968663
original,lerer_fit,2800.0,0.029850,0.954590,0.015561,0.970150
original,lerer_fit,2850.0,0.041604,0.943656,0.014740,0.958396
original,lerer_fit,2900.0,0.063336,0.922830,0.013833,0.936664
original,lerer_fit,2950.0,0.090872,0.896212,0.012917,0.909128
original,lerer_fit,3000.0,0.120277,0.867674,0.012049,0.879723
original,lerer_fit,3050.0,0.148491,0.840243,0.011266,0.851509
original,lerer_fit,3100.0,0.173460,0.815954,0.010586,0.826540
original,lerer_fit,3150.0,0.194005,0.795984,0.010010,0.805995
original,lerer_fit,3200.0,0.209586,0.780879,0.009535,0.790414
original,lerer_fit,3250.0,0.220083,0.770767,0.009150,0.779917
original,lerer_fit,3300.0,0.225638,0.765519,0.008843,0.774362
original,lerer_fit,3350.0,0.226543,0.764853,0.008604,0.773457
original,lerer_fit,3400.0,0.223180,0.768400,0.008420,0.776820
original,lerer_fit,3450.0,0.215987,0.775731,0.008281,0.784013
original,lerer_fit,3500.0,0.205448,0.786374,0.008178,0.794552
original,lerer_fit,3550.0,0.192086,0.799813,0.008101,0.807914
original,lerer_fit,3600.0,0.176466,0.815492,0.008042,0.823534
original,lerer_fit,3650.0,0.159196,0.832811,0.007994,0.840804
original,lerer_fit,3700.0,0.140920,0.851132,0.007948,0.859080
original,lerer_fit,3750.0,0.122309,0.869792,0.007899,0.877691
original,lerer_fit,3800.0,0.104043,0.888117,0.007840,0.895957
original,lerer_fit,3850.0,0.086782,0.905450,0.007768,0.913218
original,lerer_fit,3900.0,0.071136,0.921186,0.007678,0.928864
original,lerer_fit,3950.0,0.057636,0.934794,0.007569,0.942364
original,lerer_fit,4000.0,0.046705,0.945855,0.007440,0.953295
original,lerer_fit,2500.0,0.182846,0.800293,0.016861,0.817154
original,lerer_fit,2699.6,0.047301,0.936035,0.016663,0.952699
original,lerer_fit,2915.1,0.071255,0.915192,0.013554,0.928745
original,lerer_fit,3147.9,0.193236,0.796732,0.010033,0.806764
original,lerer_fit,3399.2,0.223263,0.768315,0.008422,0.776737
original,lerer_fit,3670.6,0.151745,0.840281,0.007975,0.848255
original,lerer_fit,3963.7,0.054376,0.938088,0.007536,0.945624
original,lerer_fit,4280.1,0.039145,0.954456,0.006399,0.960855
original,lerer_fit,4621.9,0.111316,0.883711,0.004973,0.888684
original,lerer_fit,4990.9,0.189714,0.806402,0.003884,0.810286
original,lerer_fit,5389.4,0.228912,0.767866,0.003222,0.771088
original,lerer_fit,5819.7,0.224292,0.772863,0.002844,0.775708
original,lerer_fit,6284.3,0.185603,0.811792,0.002605,0.814397
original,lerer_fit,6786.0,0.128606,0.868991,0.002403,0.871394
original,lerer_fit,7327.8,0.073484,0.924344,0.002172,0.926516
original,lerer_fit,7912.9,0.039297,0.958809,0.001894,0.960703
original,lerer_fit,8544.7,0.035069,0.963340,0.001591,0.964931
original,lerer_fit,9226.9,0.056607,0.942093,0.001300,0.943393
original,lerer_fit,9963.6,0.092400,0.906551,0.001050,0.907600
original,lerer_fit,10759.1,0.131382,0.867768,0.000850,0.868618
original,lerer_fit,11618.1,0.166491,0.832813,0.000696,0.833509
original,lerer_fit,12545.7,0.194494,0.804927,0.000579,0.805506
original,lerer_fit,13547.4,0.214603,0.784906,0.000490,0.785397
original,lerer_fit,14629.0,0.227274,0.772305,0.000421,0.772726
original,lerer_fit,15797.0,0.233473,0.766161,0.000367,0.766527
original,lerer_fit,17058.2,0.234305,0.765373,0.000322,0.765695
original,lerer_fit,18420.2,0.230847,0.768868,0.000285,0.769153
original,lerer_fit,19890.8,0.224077,0.775670,0.000253,0.775923
original,lerer_fit,21478.9,0.214858,0.784917,0.000225,0.785142
original,lerer_fit,23193.8,0.203932,0.795868,0.000200,0.796068
original,lerer_fit,25045.7,0.191928,0.807895,0.000178,0.808072
original,lerer_fit,27045.3,0.179366,0.820476,0.000158,0.820634
original,lerer_fit,29204.6,0.166670,0.833190,0.000140,0.833330
original,lerer_fit,31536.4,0.154170,0.845706,0.000124,0.845830
original,lerer_fit,34054.2,0.142117,0.857774,0.000109,0.857883
original,lerer_fit,36773.2,0.130692,0.869213,0.000096,0.869308
original,lerer_fit,39709.2,0.120013,0.879903,0.000084,0.879987
original,lerer_fit,42879.6,0.110152,0.889775,0.000074,0.889848
original,lerer_fit,46303.1,0.101138,0.898798,0.000064,0.898862
original,lerer_fit,50000.0,0.092970,0.906974,0.000056,0.907030
original,lerer_ordal,2500.0,0.181837,0.814104,0.004059,0.818163
original,lerer_ordal,2699.6,0.045540,0.950445,0.004014,0.954460
original,lerer_ordal,2915.1,0.072384,0.924360,0.003256,0.927616
original,lerer_ordal,3147.9,0.194589,0.803000,0.002411,0.805411
original,lerer_ordal,3399.2,0.223577,0.774395,0.002029,0.776423
original,lerer_ordal,3670.6,0.151188,0.846889,0.001923,0.848812
original,lerer_ordal,3963.7,0.053696,0.944486,0.001818,0.946304
original,lerer_ordal,4280.1,0.039111,0.959346,0.001543,0.960889
original,lerer_ordal,4621.9,0.111735,0.887067,0.001199,0.888265
original,lerer_ordal,4990.9,0.190138,0.808926,0.000936,0.809862
original,lerer_ordal,5389.4,0.229181,0.770042,0.000777,0.770819
original,lerer_ordal,5819.7,0.224396,0.774918,0.000686,0.775604
original,lerer_ordal,6284.3,0.185568,0.813803,0.000629,0.814432
original,lerer_ordal,6786.0,0.128480,0.870940,0.000580,0.871520
original,lerer_ordal,7327.8,0.073330,0.926145,0.000524,0.926670
original,lerer_ordal,7912.9,0.039179,0.960364,0.000457,0.960821
original,lerer_ordal,8544.7,0.035017,0.964599,0.000384,0.964983
original,lerer_ordal,9226.9,0.056614,0.943072,0.000314,0.943386
original,lerer_ordal,9963.6,0.092442,0.907304,0.000253,0.907558
original,lerer_ordal,10759.1,0.131438,0.868356,0.000205,0.868562
original,lerer_ordal,11618.1,0.166548,0.833284,0.000168,0.833452
original,lerer_ordal,12545.7,0.194545,0.805315,0.000140,0.805455
original,lerer_ordal,13547.4,0.214646,0.785236,0.000118,0.785354
original,lerer_ordal,14629.0,0.227308,0.772590,0.000102,0.772692
original,lerer_ordal,15797.0,0.233500,0.766412,0.000089,0.766500
original,lerer_ordal,17058.2,0.234326,0.765597,0.000078,0.765674
original,lerer_ordal,18420.2,0.230862,0.769069,0.000069,0.769138
original,lerer_ordal,19890.8,0.224087,0.775852,0.000061,0.775913
original,lerer_ordal,21478.9,0.214864,0.785082,0.000054,0.785136
original,lerer_ordal,23193.8,0.203935,0.796017,0.000048,0.796065
original,lerer_ordal,25045.7,0.191928,0.808029,0.000043,0.808072
original,lerer_ordal,27045.3,0.179365,0.820597,0.000038,0.820635
original,lerer_ordal,29204.6,0.166667,0.833300,0.000034,0.833333
original,lerer_ordal,31536.4,0.154166,0.845805,0.000030,0.845834
original,lerer_ordal,34054.2,0.142112,0.857862,0.000026,0.857888
original,lerer_ordal,36773.2,0.130686,0.869291,0.000023,0.869314
original,lerer_ordal,39709.2,0.120007,0.879972,0.000020,0.879993
original,lerer_ordal,42879.6,0.110146,0.889836,0.000018,0.889854
original,lerer_ordal,46303.1,0.101132,0.898852,0.000016,0.898868
original,lerer_ordal,50000.0,0.092965,0.907021,0.000014,0.907035
improved,lerer_fit,300.0,0.038247,0.000000,0.961753,0.961753
improved,lerer_fit,310.0,0.036655,0.000000,0.963345,0.963345
improved,lerer_fit,320.0,0.034422,0.000000,0.965578,0.965578
improved,lerer_fit,330.0,0.031528,0.000000,0.968472,0.968472
improved,lerer_fit,340.0,0.028650,0.000000,0.971350,0.971350
improved,lerer_fit,350.0,0.026092,0.000000,0.973908,0.973908
improved,lerer_fit,360.0,0.023680,0.000000,0.976320,0.976320
improved,lerer_fit,370.0,0.021201,0.000000,0.978799,0.978799
improved,lerer_fit,380.0,0.018562,0.000000,0.981438,0.981438
improved,lerer_fit,390.0,0.015865,0.000000,0.984135,0.984135
improved,lerer_fit,400.0,0.013307,0.000000,0.986693,0.986693
improved,lerer_fit,410.0,0.010933,0.000000,0.989067,0.989067
improved,lerer_fit,420.0,0.008852,0.000000,0.991148,0.991148
improved,lerer_fit,430.0,0.007016,0.000000,0.992984,0.992984
improved,lerer_fit,440.0,0.005309,0.000000,0.994691,0.994691
improved,lerer_fit,450.0,0.003656,0.000000,0.996344,0.996344
improved,lerer_fit,460.0,0.002205,0.000000,0.997795,0.997795
improved,lerer_fit,470.0,0.001072,0.000000,0.998928,0.998928
improved,lerer_fit,480.0,0.000346,0.000000,0.999654,0.999654
improved,lerer_fit,490.0,0.000029,0.000000,0.999971,0.999971
improved,lerer_fit,500.0,0.000155,0.000000,0.999845,0.999845
improved,lerer_fit,510.0,0.000717,0.000000,0.999283,0.999283
improved,lerer_fit,520.0,0.002198,0.000000,0.997802,0.997802
improved,lerer_fit,530.0,0.005435,0.000000,0.994565,0.994565
improved,lerer_fit,540.0,0.009950,0.000000,0.990050,0.990050
improved,lerer_fit,550.0,0.010145,0.000000,0.989855,0.989855
improved,lerer_fit,560.0,0.008580,0.000000,0.991420,0.991420
improved,lerer_fit,570.0,0.007393,0.000000,0.992607,0.992607
improved,lerer_fit,580.0,0.006469,0.000000,0.993531,0.993531
improved,lerer_fit,590.0,0.005459,0.000000,0.994541,0.994541
improved,lerer_fit,600.0,0.004357,0.000000,0.995643,0.995643
improved,lerer_fit,610.0,0.003192,0.000000,0.996808,0.996808
improved,lerer_fit,620.0,0.002097,0.000000,0.997903,0.997903
improved,lerer_fit,630.0,0.001368,0.000000,0.998632,0.998632
improved,lerer_fit,640.0,0.000994,0.000000,0.999006,0.999006
improved,lerer_fit,650.0,0.000582,0.000000,0.999418,0.999418
improved,lerer_fit,660.0,0.003086,0.000000,0.996914,0.996914
improved,lerer_fit,670.0,0.017875,0.000001,0.982125,0.982125
improved,lerer_fit,680.0,0.016884,0.000040,0.983076,0.983116
improved,lerer_fit,690.0,0.006969,0.000340,0.992691,0.993031
improved,lerer_fit,700.0,0.003506,0.000945,0.995549,0.996494
improved,lerer_fit,710.0,0.008630,0.001875,0.989496,0.991370
improved,lerer_fit,720.0,0.016633,0.003175,0.980191,0.983367
improved,lerer_fit,730.0,0.052032,0.004376,0.943592,0.947968
improved,lerer_fit,740.0,0.123600,0.005250,0.871150,0.876400
improved,lerer_fit,750.0,0.004364,0.007593,0.988043,0.995636
improved,lerer_fit,760.0,0.145478,0.007645,0.846877,0.854522
improved,lerer_fit,770.0,0.271768,0.007480,0.720751,0.728232
improved,lerer_fit,780.0,0.134166,0.010391,0.855443,0.865834
improved,lerer_fit,790.0,0.036956,0.013310,0.949734,0.963044
improved,lerer_fit,800.0,0.272465,0.011085,0.716449,0.727535
improved,lerer_fit,820.0,0.307718,0.012291,0.679991,0.692282
improved,lerer_fit,840.0,0.181802,0.017513,0.800685,0.818198
improved,lerer_fit,860.0,0.444384,0.013541,0.542076,0.555616
improved,lerer_fit,880.0,0.310740,0.018306,0.670954,0.689260
improved,lerer_fit,900.0,0.364935,0.018977,0.616089,0.635065
improved,lerer_fit,920.0,0.539340,0.015703,0.444958,0.460660
improved,lerer_fit,940.0,0.431904,0.021401,0.546695,0.568096
improved,lerer_fit,960.0,0.367546,0.025545,0.606909,0.632454
improved,lerer_fit,980.0,0.611664,0.016752,0.371584,0.388336
improved,lerer_fit,1000.0,0.689641,0.014534,0.295825,0.310359
improved,lerer_fit,1020.0,0.593595,0.020869,0.385535,0.406405
improved,lerer_fit,1040.0,0.367572,0.035422,0.597005,0.632428
improved,lerer_fit,1060.0,0.560352,0.026380,0.413268,0.439648
improved,lerer_fit,1080.0,0.752847,0.015590,0.231563,0.247153
improved,lerer_fit,1100.0,0.797366,0.013438,0.189196,0.202634
improved,lerer_fit,1120.0,0.758317,0.017104,0.224579,0.241683
improved,lerer_fit,1140.0,0.612826,0.029511,0.357664,0.387174
improved,lerer_fit,1160.0,0.479611,0.042718,0.477672,0.520389
improved,lerer_fit,1180.0,0.654010,0.030244,0.315747,0.345990
improved,lerer_fit,1200.0,0.788373,0.019342,0.192284,0.211627
improved,lerer_fit,1220.0,0.835843,0.015479,0.148678,0.164157
improved,lerer_fit,1240.0,0.836060,0.015872,0.148068,0.163940
improved,lerer_fit,1260.0,0.771910,0.020248,0.207841,0.228090
improved,lerer_fit,1280.0,0.687233,0.027909,0.284858,0.312767
improved,lerer_fit,1300.0,0.563656,0.040833,0.395511,0.436344
improved,lerer_fit,1320.0,0.514624,0.047970,0.437406,0.485376
improved,lerer_fit,1340.0,0.620472,0.039601,0.339926,0.379528
improved,lerer_fit,1360.0,0.731090,0.029502,0.239408,0.268910
improved,lerer_fit,1380.0,0.847108,0.019990,0.132902,0.152892
improved,lerer_fit,1400.0,0.826560,0.021435,0.152005,0.173440
improved,lerer_fit,1420.0,0.805259,0.023765,0.170977,0.194741
improved,lerer_fit,1440.0,0.773249,0.028396,0.198354,0.226751
improved,lerer_fit,1460.0,0.715257,0.036623,0.248120,0.284743
improved,lerer_fit,1480.0,0.644591,0.047017,0.308392,0.355409
improved,lerer_fit,1500.0,0.617341,0.052167,0.330492,0.382659
improved,lerer_fit,1520.0,0.667797,0.046744,0.285459,0.332203
improved,lerer_fit,1540.0,0.744631,0.037119,0.218250,0.255369
improved,lerer_fit,1560.0,0.873121,0.022096,0.104783,0.126879
improved,lerer_fit,1580.0,0.861495,0.022667,0.115837,0.138505
improved,lerer_fit,1600.0,0.859917,0.022509,0.117574,0.140083
improved,lerer_fit,1620.0,0.864982,0.022295,0.112723,0.135018
improved,lerer_fit,1640.0,0.860144,0.023777,0.116080,0.139856
improved,lerer_fit,1660.0,0.845233,0.027146,0.127621,0.154767
improved,lerer_fit,1680.0,0.817021,0.033086,0.149893,0.182979
improved,lerer_fit,1700.0,0.772583,0.042341,0.185076,0.227417
improved,lerer_fit,1720.0,0.716266,0.054341,0.229392,0.283734
improved,lerer_fit,1740.0,0.670863,0.064722,0.264415,0.329137
improved,lerer_fit,1760.0,0.674941,0.065514,0.259545,0.325059
improved,lerer_fit,1780.0,0.811684,0.043893,0.144423,0.188316
improved,lerer_fit,1800.0,0.829130,0.038443,0.132427,0.170870
improved,lerer_fit,1820.0,0.842044,0.034155,0.123800,0.157956
improved,lerer_fit,1840.0,0.871307,0.028081,0.100612,0.128693
improved,lerer_fit,1860.0,0.893700,0.023612,0.082688,0.106300
improved,lerer_fit,1880.0,0.907614,0.020865,0.071521,0.092386
improved,lerer_fit,1900.0,0.915219,0.019399,0.065382,0.084781
improved,lerer_fit,1920.0,0.918801,0.018831,0.062368,0.081199
improved,lerer_fit,1940.0,0.919268,0.018995,0.061737,0.080732
improved,lerer_fit,1960.0,0.917020,0.019868,0.063111,0.082980
improved,lerer_fit,1980.0,0.911580,0.021570,0.066850,0.088420
improved,lerer_fit,2000.0,0.902455,0.024275,0.073270,0.097545
improved,lerer_fit,2050.0,0.852667,0.039150,0.108183,0.147333
improved,lerer_fit,2100.0,0.760586,0.067454,0.171960,0.239414
improved,lerer_fit,2150.0,0.722401,0.082774,0.194825,0.277599
improved,lerer_fit,2200.0,0.815855,0.057689,0.126456,0.184145
improved,lerer_fit,2250.0,0.888662,0.036272,0.075066,0.111338
improved,lerer_fit,2300.0,0.922861,0.025869,0.051270,0.077139
improved,lerer_fit,2350.0,0.937936,0.021263,0.040801,0.062064
improved,lerer_fit,2400.0,0.943354,0.019751,0.036895,0.056646
improved,lerer_fit,2450.0,0.942589,0.020366,0.037044,0.057411
improved,lerer_fit,2500.0,0.936344,0.023030,0.040626,0.063656
improved,lerer_fit,2550.0,0.923594,0.028296,0.048110,0.076406
improved,lerer_fit,2600.0,0.901852,0.037355,0.060793,0.098148
improved,lerer_fit,2650.0,0.868324,0.051678,0.079997,0.131676
improved,lerer_fit,2700.0,0.826297,0.070456,0.103247,0.173703
improved,lerer_fit,2750.0,0.798158,0.084682,0.117160,0.201842
improved,lerer_fit,2800.0,0.810463,0.082205,0.107332,0.189537
improved,lerer_fit,2850.0,0.849243,0.067475,0.083282,0.150757
improved,lerer_fit,2900.0,0.886289,0.052382,0.061329,0.113711
improved,lerer_fit,2950.0,0.912567,0.041324,0.046109,0.087433
improved,lerer_fit,3000.0,0.929634,0.034010,0.036357,0.070366
improved,lerer_fit,3050.0,0.940445,0.029343,0.030212,0.059555
improved,lerer_fit,3100.0,0.947142,0.026476,0.026382,0.052858
improved,lerer_fit,3150.0,0.951038,0.024876,0.024086,0.048962
improved,lerer_fit,3200.0,0.952895,0.024235,0.022871,0.047105
improved,lerer_fit,3250.0,0.953132,0.024390,0.022479,0.046868
improved,lerer_fit,3300.0,0.951951,0.025275,0.022774,0.048049
improved,lerer_fit,3350.0,0.949406,0.026895,0.023699,0.050594
improved,lerer_fit,3400.0,0.945444,0.029309,0.025247,0.054556
improved,lerer_fit,3450.0,0.939931,0.032621,0.027448,0.060069
improved,lerer_fit,3500.0,0.932696,0.036960,0.030344,0.067304
improved,lerer_fit,3550.0,0.923593,0.042446,0.033961,0.076407
improved,lerer_fit,3600.0,0.912639,0.049114,0.038247,0.087361
improved,lerer_fit,3650.0,0.900238,0.056778,0.042984,0.099762
improved,lerer_fit,3700.0,0.887465,0.064854,0.047681,0.112535
improved,lerer_fit,3750.0,0.876219,0.072244,0.051537,0.123781
improved,lerer_fit,3800.0,0.868874,0.077509,0.053618,0.131126
improved,lerer_fit,3850.0,0.867263,0.079458,0.053279,0.132737
improved,lerer_fit,3900.0,0.871628,0.077809,0.050564,0.128372
improved,lerer_fit,3950.0,0.880517,0.073310,0.046173,0.119483
improved,lerer_fit,4000.0,0.891729,0.067224,0.041047,0.108271
improved,lerer_fit,2500.0,0.936344,0.023030,0.040626,0.063656
improved,lerer_fit,2699.6,0.826622,0.070305,0.103073,0.173378
improved,lerer_fit,2915.1,0.895395,0.048580,0.056025,0.104605
improved,lerer_fit,3147.9,0.950919,0.024922,0.024159,0.049081
improved,lerer_fit,3399.2,0.945517,0.029265,0.025218,0.054483
improved,lerer_fit,3670.6,0.894926,0.060109,0.044964,0.105074
improved,lerer_fit,3963.7,0.883446,0.071748,0.044806,0.116554
improved,lerer_fit,4280.1,0.941659,0.038406,0.019935,0.058341
improved,lerer_fit,4621.9,0.960453,0.027453,0.012094,0.039547
improved,lerer_fit,4990.9,0.960663,0.028527,0.010810,0.039337
improved,lerer_fit,5389.4,0.946890,0.040123,0.012987,0.053110
improved,lerer_fit,5819.7,0.914624,0.067112,0.018264,0.085376
improved,lerer_fit,6284.3,0.892905,0.087290,0.019805,0.107095
improved,lerer_fit,6786.0,0.923955,0.063869,0.012176,0.076045
improved,lerer_fit,7327.8,0.952684,0.040660,0.006656,0.047316
improved,lerer_fit,7912.9,0.966525,0.029256,0.004219,0.033475
improved,lerer_fit,8544.7,0.972604,0.024256,0.003140,0.027396
improved,lerer_fit,9226.9,0.974743,0.022610,0.002647,0.025257
improved,lerer_fit,9963.6,0.974409,0.023150,0.002442,0.025591
improved,lerer_fit,10759.1,0.972019,0.025579,0.002402,0.027981
improved,lerer_fit,11618.1,0.967437,0.030086,0.002477,0.032563
improved,lerer_fit,12545.7,0.960160,0.037199,0.002640,0.039840
improved,lerer_fit,13547.4,0.949516,0.047618,0.002865,0.050484
improved,lerer_fit,14629.0,0.935252,0.061651,0.003097,0.064748
improved,lerer_fit,15797.0,0.918997,0.077787,0.003216,0.081003
improved,lerer_fit,17058.2,0.905852,0.091086,0.003062,0.094148
improved,lerer_fit,18420.2,0.902190,0.095235,0.002575,0.097810
improved,lerer_fit,19890.8,0.909121,0.088961,0.001917,0.090879
improved,lerer_fit,21478.9,0.921658,0.077029,0.001313,0.078342
improved,lerer_fit,23193.8,0.934635,0.064501,0.000864,0.065365
improved,lerer_fit,25045.7,0.945683,0.053754,0.000563,0.054317
improved,lerer_fit,27045.3,0.954399,0.045233,0.000368,0.045601
improved,lerer_fit,29204.6,0.961112,0.038644,0.000244,0.038888
improved,lerer_fit,31536.4,0.966281,0.033556,0.000164,0.033719
improved,lerer_fit,34054.2,0.970302,0.029587,0.000111,0.029698
improved,lerer_fit,36773.2,0.973478,0.026446,0.000076,0.026522
improved,lerer_fit,39709.2,0.976027,0.023920,0.000053,0.023973
improved,lerer_fit,42879.6,0.978106,0.021857,0.000037,0.021894
improved,lerer_fit,46303.1,0.979830,0.020144,0.000026,0.020170
improved,lerer_fit,50000.0,0.981281,0.018700,0.000019,0.018719
improved,lerer_ordal,2500.0,0.983055,0.006722,0.010223,0.016945
improved,lerer_ordal,2699.6,0.950760,0.021777,0.027463,0.049240
improved,lerer_ordal,2915.1,0.973271,0.013401,0.013329,0.026729
improved,lerer_ordal,3147.9,0.987196,0.006959,0.005845,0.012804
improved,lerer_ordal,3399.2,0.985343,0.008386,0.006271,0.014657
improved,lerer_ordal,3670.6,0.970819,0.017701,0.011480,0.029181
improved,lerer_ordal,3963.7,0.968488,0.020448,0.011064,0.031512
improved,lerer_ordal,4280.1,0.984469,0.010713,0.004818,0.015531
improved,lerer_ordal,4621.9,0.989366,0.007697,0.002938,0.010634
improved,lerer_ordal,4990.9,0.989271,0.008079,0.002650,0.010729
improved,lerer_ordal,5389.4,0.985263,0.011516,0.003221,0.014737
improved,lerer_ordal,5819.7,0.975865,0.019547,0.004588,0.024135
improved,lerer_ordal,6284.3,0.969717,0.025335,0.004948,0.030283
improved,lerer_ordal,6786.0,0.978828,0.018193,0.002979,0.021172
improved,lerer_ordal,7327.8,0.986868,0.011517,0.001615,0.013132
improved,lerer_ordal,7912.9,0.990669,0.008307,0.001023,0.009331
improved,lerer_ordal,8544.7,0.992312,0.006925,0.000763,0.007688
improved,lerer_ordal,9226.9,0.992856,0.006500,0.000644,0.007144
improved,lerer_ordal,9963.6,0.992696,0.006708,0.000595,0.007304
improved,lerer_ordal,10759.1,0.991932,0.007480,0.000587,0.008068
improved,lerer_ordal,11618.1,0.990502,0.008891,0.000607,0.009498
improved,lerer_ordal,12545.7,0.988225,0.011125,0.000650,0.011775
improved,lerer_ordal,13547.4,0.984858,0.014434,0.000708,0.015142
improved,lerer_ordal,14629.0,0.980267,0.018964,0.000769,0.019733
improved,lerer_ordal,15797.0,0.974920,0.024278,0.000801,0.025080
improved,lerer_ordal,17058.2,0.970462,0.028774,0.000763,0.029538
improved,lerer_ordal,18420.2,0.969033,0.030328,0.000639,0.030967
improved,lerer_ordal,19890.8,0.971043,0.028484,0.000472,0.028957
improved,lerer_ordal,21478.9,0.974872,0.024807,0.000321,0.025128
improved,lerer_ordal,23193.8,0.978853,0.020938,0.000210,0.021147
improved,lerer_ordal,25045.7,0.982236,0.017628,0.000136,0.017764
improved,lerer_ordal,27045.3,0.984897,0.015014,0.000089,0.015103
improved,lerer_ordal,29204.6,0.986940,0.013001,0.000058,0.013060
improved,lerer_ordal,31536.4,0.988507,0.011454,0.000039,0.011493
improved,lerer_ordal,34054.2,0.989721,0.010252,0.000027,0.010279
improved,lerer_ordal,36773.2,0.990674,0.009307,0.000018,0.009326
improved,lerer_ordal,39709.2,0.991435,0.008552,0.000013,0.008565
improved,lerer_ordal,42879.6,0.992052,0.007939,0.000009,0.007948
improved,lerer_ordal,46303.1,0.992561,0.007433,0.000006,0.007439
improved,lerer_ordal,50000.0,0.992987,0.007008,0.000004,0.007013
improved_no_mirror,lerer_fit,300.0,0.038247,0.000000,0.961753,0.961753
improved_no_mirror,lerer_fit,310.0,0.036655,0.000000,0.963345,0.963345
improved_no_mirror,lerer_fit,320.0,0.034422,0.000000,0.965578,0.965578
improved_no_mirror,lerer_fit,330.0,0.031528,0.000000,0.968472,0.968472
improved_no_mirror,lerer_fit,340.0,0.028650,0.000000,0.971350,0.971350
improved_no_mirror,lerer_fit,350.0,0.026092,0.000000,0.973908,0.973908
improved_no_mirror,lerer_fit,360.0,0.023680,0.000000,0.976320,0.976320
improved_no_mirror,lerer_fit,370.0,0.021201,0.000000,0.978799,0.978799
improved_no_mirror,lerer_fit,380.0,0.018562,0.000000,0.981438,0.981438
improved_no_mirror,lerer_fit,390.0,0.015865,0.000000,0.984135,0.984135
improved_no_mirror,lerer_fit,400.0,0.013307,0.000000,0.986693,0.986693
improved_no_mirror,lerer_fit,410.0,0.010933,0.000000,0.989067,0.989067
improved_no_mirror,lerer_fit,420.0,0.008852,0.000000,0.991148,0.991148
improved_no_mirror,lerer_fit,430.0,0.007016,0.000000,0.992984,0.992984
improved_no_mirror,lerer_fit,440.0,0.005309,0.000000,0.994691,0.994691
improved_no_mirror,lerer_fit,450.0,0.003656,0.000000,0.996344,0.996344
improved_no_mirror,lerer_fit,460.0,0.002205,0.000000,0.997795,0.997795
improved_no_mirror,lerer_fit,470.0,0.001072,0.000000,0.998928,0.998928
improved_no_mirror,lerer_fit,480.0,0.000346,0.000000,0.999654,0.999654
improved_no_mirror,lerer_fit,490.0,0.000029,0.000000,0.999971,0.999971
improved_no_mirror,lerer_fit,500.0,0.000155,0.000000,0.999845,0.999845
improved_no_mirror,lerer_fit,510.0,0.000717,0.000000,0.999283,0.999283
improved_no_mirror,lerer_fit,520.0,0.002198,0.000000,0.997802,0.997802
improved_no_mirror,lerer_fit,530.0,0.005435,0.000000,0.994565,0.994565
improved_no_mirror,lerer_fit,540.0,0.009950,0.000000,0.990050,0.990050
improved_no_mirror,lerer_fit,550.0,0.010145,0.000000,0.989855,0.989855
improved_no_mirror,lerer_fit,560.0,0.008580,0.000000,0.991420,0.991420
improved_no_mirror,lerer_fit,570.0,0.007393,0.000000,0.992607,0.992607
improved_no_mirror,lerer_fit,580.0,0.006469,0.000000,0.993531,0.993531
improved_no_mirror,lerer_fit,590.0,0.005459,0.000000,0.994541,0.994541
improved_no_mirror,lerer_fit,600.0,0.004357,0.000000,0.995643,0.995643
improved_no_mirror,lerer_fit,610.0,0.003192,0.000000,0.996808,0.996808
improved_no_mirror,lerer_fit,620.0,0.002097,0.000000,0.997903,0.997903
improved_no_mirror,lerer_fit,630.0,0.001368,0.000000,0.998632,0.998632
improved_no_mirror,lerer_fit,640.0,0.000994,0.000000,0.999006,0.999006
improved_no_mirror,lerer_fit,650.0,0.000582,0.000000,0.999418,0.999418
improved_no_mirror,lerer_fit,660.0,0.003086,0.000000,0.996914,0.996914
improved_no_mirror,lerer_fit,670.0,0.017878,0.000016,0.982106,0.982122
improved_no_mirror,lerer_fit,680.0,0.016677,0.001082,0.982241,0.983323
improved_no_mirror,lerer_fit,690.0,0.006215,0.009417,0.984368,0.993785
improved_no_mirror,lerer_fit,700.0,0.001472,0.026480,0.972048,0.998528
improved_no_mirror,lerer_fit,710.0,0.003325,0.054251,0.942423,0.996675
improved_no_mirror,lerer_fit,720.0,0.018571,0.090961,0.890468,0.981429
improved_no_mirror,lerer_fit,730.0,0.019874,0.134386,0.845741,0.980126
improved_no_mirror,lerer_fit,740.0,0.067157,0.163886,0.768957,0.932843
improved_no_mirror,lerer_fit,750.0,0.040584,0.209652,0.749764,0.959416
improved_no_mirror,lerer_fit,760.0,0.039167,0.249802,0.711031,0.960833
improved_no_mirror,lerer_fit,770.0,0.111370,0.264990,0.623641,0.888630
improved_no_mirror,lerer_fit,780.0,0.101004,0.300236,0.598760,0.898996
improved_no_mirror,lerer_fit,790.0,0.029062,0.359231,0.611707,0.970938
improved_no_mirror,lerer_fit,800.0,0.037805,0.389831,0.572365,0.962195
improved_no_mirror,lerer_fit,820.0,0.121912,0.404136,0.473952,0.878088
improved_no_mirror,lerer_fit,840.0,0.005739,0.503088,0.491173,0.994261
improved_no_mirror,lerer_fit,860.0,0.069368,0.509207,0.421425,0.930632
improved_no_mirror,lerer_fit,880.0,0.071549,0.537971,0.390480,0.928451
improved_no_mirror,lerer_fit,900.0,0.001685,0.607033,0.391282,0.998315
improved_no_mirror,lerer_fit,920.0,0.082124,0.585947,0.331929,0.917876
improved_no_mirror,lerer_fit,940.0,0.107841,0.595781,0.296377,0.892159
improved_no_mirror,lerer_fit,960.0,0.019264,0.677052,0.303684,0.980736
improved_no_mirror,lerer_fit,980.0,0.033058,0.682892,0.284051,0.966942
improved_no_mirror,lerer_fit,1000.0,0.160089,0.605688,0.234223,0.839911
improved_no_mirror,lerer_fit,1020.0,0.205942,0.584188,0.209870,0.794058
improved_no_mirror,lerer_fit,1040.0,0.129229,0.656108,0.214663,0.870771
improved_no_mirror,lerer_fit,1060.0,0.022594,0.753927,0.223479,0.977406
improved_no_mirror,lerer_fit,1080.0,0.059282,0.740389,0.200329,0.940718
improved_no_mirror,lerer_fit,1100.0,0.186128,0.650569,0.163303,0.813872
improved_no_mirror,lerer_fit,1120.0,0.256359,0.602942,0.140699,0.743641
improved_no_mirror,lerer_fit,1140.0,0.234480,0.627259,0.138261,0.765520
improved_no_mirror,lerer_fit,1160.0,0.140522,0.711097,0.148380,0.859478
improved_no_mirror,lerer_fit,1180.0,0.037047,0.804821,0.158132,0.962953
improved_no_mirror,lerer_fit,1200.0,0.017581,0.829379,0.153040,0.982419
improved_no_mirror,lerer_fit,1220.0,0.090673,0.774126,0.135201,0.909327
improved_no_mirror,lerer_fit,1240.0,0.176802,0.705379,0.117819,0.823198
improved_no_mirror,lerer_fit,1260.0,0.207877,0.651248,0.140875,0.792123
improved_no_mirror,lerer_fit,1280.0,0.216919,0.638932,0.144149,0.783081
improved_no_mirror,lerer_fit,1300.0,0.181237,0.672408,0.146355,0.818763
improved_no_mirror,lerer_fit,1320.0,0.110501,0.735233,0.154266,0.889499
improved_no_mirror,lerer_fit,1340.0,0.036821,0.801296,0.161883,0.963179
improved_no_mirror,lerer_fit,1360.0,0.001247,0.836681,0.162072,0.998753
improved_no_mirror,lerer_fit,1380.0,0.042237,0.845591,0.112172,0.957763
improved_no_mirror,lerer_fit,1400.0,0.087586,0.786897,0.125518,0.912414
improved_no_mirror,lerer_fit,1420.0,0.136627,0.737732,0.125642,0.863373
improved_no_mirror,lerer_fit,1440.0,0.172560,0.710620,0.116820,0.827440
improved_no_mirror,lerer_fit,1460.0,0.179808,0.708064,0.112128,0.820192
improved_no_mirror,lerer_fit,1480.0,0.158962,0.729330,0.111708,0.841038
improved_no_mirror,lerer_fit,1500.0,0.116287,0.769768,0.113945,0.883713
improved_no_mirror,lerer_fit,1520.0,0.063786,0.818983,0.117231,0.936214
improved_no_mirror,lerer_fit,1540.0,0.019291,0.861449,0.119259,0.980709
improved_no_mirror,lerer_fit,1560.0,0.002761,0.917036,0.080203,0.997239
improved_no_mirror,lerer_fit,1580.0,0.021953,0.880186,0.097861,0.978047
improved_no_mirror,lerer_fit,1600.0,0.061071,0.835507,0.103422,0.938929
improved_no_mirror,lerer_fit,1620.0,0.115994,0.788687,0.095320,0.884006
improved_no_mirror,lerer_fit,1640.0,0.168441,0.744153,0.087406,0.831559
improved_no_mirror,lerer_fit,1660.0,0.209363,0.710266,0.080371,0.790637
improved_no_mirror,lerer_fit,1680.0,0.234243,0.690424,0.075334,0.765757
improved_no_mirror,lerer_fit,1700.0,0.242159,0.685484,0.072356,0.757841
improved_no_mirror,lerer_fit,1720.0,0.233842,0.695280,0.070878,0.766158
improved_no_mirror,lerer_fit,1740.0,0.210829,0.718235,0.070937,0.789171
improved_no_mirror,lerer_fit,1760.0,0.175746,0.752367,0.071887,0.824254
improved_no_mirror,lerer_fit,1780.0,0.117039,0.829175,0.053786,0.882961
improved_no_mirror,lerer_fit,1800.0,0.079102,0.857477,0.063420,0.920898
improved_no_mirror,lerer_fit,1820.0,0.047706,0.877778,0.074516,0.952294
improved_no_mirror,lerer_fit,1840.0,0.023494,0.900589,0.075916,0.976506
improved_no_mirror,lerer_fit,1860.0,0.018069,0.908149,0.073781,0.981931
improved_no_mirror,lerer_fit,1880.0,0.033589,0.895999,0.070412,0.966411
improved_no_mirror,lerer_fit,1900.0,0.065848,0.867502,0.066651,0.934152
improved_no_mirror,lerer_fit,1920.0,0.108354,0.829226,0.062420,0.891646
improved_no_mirror,lerer_fit,1940.0,0.154324,0.787628,0.058047,0.845676
improved_no_mirror,lerer_fit,1960.0,0.198574,0.747696,0.053730,0.801426
improved_no_mirror,lerer_fit,1980.0,0.237269,0.712727,0.050004,0.762731
improved_no_mirror,lerer_fit,2000.0,0.268527,0.684535,0.046938,0.731473
improved_no_mirror,lerer_fit,2050.0,0.310568,0.646724,0.042708,0.689432
improved_no_mirror,lerer_fit,2100.0,0.303568,0.655127,0.041305,0.696432
improved_no_mirror,lerer_fit,2150.0,0.255236,0.702606,0.042158,0.744764
improved_no_mirror,lerer_fit,2200.0,0.177570,0.778177,0.044253,0.822430
improved_no_mirror,lerer_fit,2250.0,0.093630,0.860164,0.046206,0.906370
improved_no_mirror,lerer_fit,2300.0,0.037054,0.916503,0.046443,0.962946
improved_no_mirror,lerer_fit,2350.0,0.032870,0.922960,0.044170,0.967130
improved_no_mirror,lerer_fit,2400.0,0.076745,0.883206,0.040049,0.923255
improved_no_mirror,lerer_fit,2450.0,0.142859,0.821669,0.035471,0.857141
improved_no_mirror,lerer_fit,2500.0,0.206891,0.761642,0.031467,0.793109
improved_no_mirror,lerer_fit,2550.0,0.255985,0.715584,0.028431,0.744015
improved_no_mirror,lerer_fit,2600.0,0.286168,0.687465,0.026368,0.713832
improved_no_mirror,lerer_fit,2650.0,0.297650,0.677213,0.025137,0.702350
improved_no_mirror,lerer_fit,2700.0,0.292045,0.683379,0.024576,0.707955
improved_no_mirror,lerer_fit,2750.0,0.271361,0.704105,0.024534,0.728639
improved_no_mirror,lerer_fit,2800.0,0.237954,0.737180,0.024866,0.762046
improved_no_mirror,lerer_fit,2850.0,0.194884,0.779690,0.025426,0.805116
improved_no_mirror,lerer_fit,2900.0,0.146341,0.827606,0.026053,0.853659
improved_no_mirror,lerer_fit,2950.0,0.097770,0.875659,0.026571,0.902230
improved_no_mirror,lerer_fit,3000.0,0.055374,0.917812,0.026814,0.944626
improved_no_mirror,lerer_fit,3050.0,0.024887,0.948457,0.026655,0.975113
improved_no_mirror,lerer_fit,3100.0,0.010031,0.963919,0.026050,0.989969
improved_no_mirror,lerer_fit,3150.0,0.011485,0.963475,0.025039,0.988515
improved_no_mirror,lerer_fit,3200.0,0.026987,0.949278,0.023735,0.973013
improved_no_mirror,lerer_fit,3250.0,0.052426,0.925297,0.022277,0.947574
improved_no_mirror,lerer_fit,3300.0,0.083235,0.895972,0.020793,0.916765
improved_no_mirror,lerer_fit,3350.0,0.115420,0.865200,0.019380,0.884580
improved_no_mirror,lerer_fit,3400.0,0.146020,0.835883,0.018097,0.853980
improved_no_mirror,lerer_fit,3450.0,0.173122,0.809905,0.016973,0.826878
improved_no_mirror,lerer_fit,3500.0,0.195664,0.788323,0.016013,0.804336
improved_no_mirror,lerer_fit,3550.0,0.213177,0.771610,0.015213,0.786823
improved_no_mirror,lerer_fit,3600.0,0.225577,0.759865,0.014558,0.774423
improved_no_mirror,lerer_fit,3650.0,0.233002,0.752964,0.014033,0.766998
improved_no_mirror,lerer_fit,3700.0,0.235717,0.750661,0.013622,0.764283
improved_no_mirror,lerer_fit,3750.0,0.234052,0.752640,0.013308,0.765948
improved_no_mirror,lerer_fit,3800.0,0.228374,0.758549,0.013076,0.771626
improved_no_mirror,lerer_fit,3850.0,0.219079,0.768007,0.012914,0.780921
improved_no_mirror,lerer_fit,3900.0,0.206589,0.780604,0.012807,0.793411
improved_no_mirror,lerer_fit,3950.0,0.191358,0.795898,0.012744,0.808642
improved_no_mirror,lerer_fit,4000.0,0.173883,0.813404,0.012713,0.826117
improved_no_mirror,lerer_fit,2500.0,0.206891,0.761642,0.031467,0.793109
improved_no_mirror,lerer_fit,2699.6,0.292152,0.683270,0.024579,0.707848
improved_no_mirror,lerer_fit,2915.1,0.131358,0.842412,0.026230,0.868642
improved_no_mirror,lerer_fit,3147.9,0.011115,0.963796,0.025089,0.988885
improved_no_mirror,lerer_fit,3399.2,0.145564,0.836320,0.018116,0.854436
improved_no_mirror,lerer_fit,3670.6,0.234674,0.751475,0.013851,0.765326
improved_no_mirror,lerer_fit,3963.7,0.186778,0.800489,0.012733,0.813222
improved_no_mirror,lerer_fit,4280.1,0.062029,0.925327,0.012644,0.937971
improved_no_mirror,lerer_fit,4621.9,0.002947,0.985592,0.011461,0.997053
improved_no_mirror,lerer_fit,4990.9,0.077862,0.913115,0.009023,0.922138
improved_no_mirror,lerer_fit,5389.4,0.184704,0.808464,0.006832,0.815296
improved_no_mirror,lerer_fit,5819.7,0.245821,0.748730,0.005450,0.754179
improved_no_mirror,lerer_fit,6284.3,0.250293,0.745029,0.004678,0.749707
improved_no_mirror,lerer_fit,6786.0,0.208506,0.787252,0.004242,0.791494
improved_no_mirror,lerer_fit,7327.8,0.138059,0.858009,0.003932,0.861941
improved_no_mirror,lerer_fit,7912.9,0.065429,0.930976,0.003595,0.934571
improved_no_mirror,lerer_fit,8544.7,0.021100,0.975745,0.003156,0.978900
improved_no_mirror,lerer_fit,9226.9,0.022372,0.974991,0.002637,0.977628
improved_no_mirror,lerer_fit,9963.6,0.062614,0.935263,0.002123,0.937386
improved_no_mirror,lerer_fit,10759.1,0.121601,0.876717,0.001683,0.878399
improved_no_mirror,lerer_fit,11618.1,0.181436,0.817225,0.001339,0.818564
improved_no_mirror,lerer_fit,12545.7,0.232485,0.766432,0.001083,0.767515
improved_no_mirror,lerer_fit,13547.4,0.271591,0.727514,0.000895,0.728409
improved_no_mirror,lerer_fit,14629.0,0.298929,0.700315,0.000755,0.701071
improved_no_mirror,lerer_fit,15797.0,0.315941,0.683409,0.000650,0.684059
improved_no_mirror,lerer_fit,17058.2,0.324345,0.675088,0.000567,0.675655
improved_no_mirror,lerer_fit,18420.2,0.325761,0.673738,0.000501,0.674239
improved_no_mirror,lerer_fit,19890.8,0.321604,0.677950,0.000446,0.678396
improved_no_mirror,lerer_fit,21478.9,0.313084,0.686516,0.000400,0.686916
improved_no_mirror,lerer_fit,23193.8,0.301233,0.698408,0.000359,0.698767
improved_no_mirror,lerer_fit,25045.7,0.286936,0.712742,0.000322,0.713064
improved_no_mirror,lerer_fit,27045.3,0.270952,0.728759,0.000289,0.729048
improved_no_mirror,lerer_fit,29204.6,0.253932,0.745809,0.000259,0.746068
improved_no_mirror,lerer_fit,31536.4,0.236426,0.763342,0.000232,0.763574
improved_no_mirror,lerer_fit,34054.2,0.218892,0.780901,0.000207,0.781108
improved_no_mirror,lerer_fit,36773.2,0.201703,0.798113,0.000184,0.798297
improved_no_mirror,lerer_fit,39709.2,0.185147,0.814689,0.000163,0.814853
improved_no_mirror,lerer_fit,42879.6,0.169441,0.830415,0.000144,0.830559
improved_no_mirror,lerer_fit,46303.1,0.154733,0.845139,0.000127,0.845267
improved_no_mirror,lerer_fit,50000.0,0.141115,0.858773,0.000112,0.858885
improved_no_mirror,lerer_ordal,2500.0,0.215090,0.777367,0.007543,0.784910
improved_no_mirror,lerer_ordal,2699.6,0.294209,0.699849,0.005942,0.705791
improved_no_mirror,lerer_ordal,2915.1,0.128080,0.865541,0.006379,0.871920
improved_no_mirror,lerer_ordal,3147.9,0.011224,0.982707,0.006070,0.988776
improved_no_mirror,lerer_ordal,3399.2,0.149028,0.846609,0.004363,0.850972
improved_no_mirror,lerer_ordal,3670.6,0.236664,0.759995,0.003341,0.763336
improved_no_mirror,lerer_ordal,3963.7,0.186923,0.809998,0.003079,0.813077
improved_no_mirror,lerer_ordal,4280.1,0.061200,0.935740,0.003060,0.938800
improved_no_mirror,lerer_ordal,4621.9,0.002932,0.994297,0.002771,0.997068
improved_no_mirror,lerer_ordal,4990.9,0.078965,0.918857,0.002178,0.921035
improved_no_mirror,lerer_ordal,5389.4,0.185942,0.812409,0.001649,0.814058
improved_no_mirror,lerer_ordal,5819.7,0.246736,0.751948,0.001316,0.753264
improved_no_mirror,lerer_ordal,6284.3,0.250832,0.748038,0.001130,0.749168
improved_no_mirror,lerer_ordal,6786.0,0.208707,0.790268,0.001025,0.791293
improved_no_mirror,lerer_ordal,7327.8,0.137998,0.861052,0.000950,0.862002
improved_no_mirror,lerer_ordal,7912.9,0.065238,0.933894,0.000869,0.934762
improved_no_mirror,lerer_ordal,8544.7,0.020940,0.978297,0.000762,0.979060
improved_no_mirror,lerer_ordal,9226.9,0.022344,0.977019,0.000637,0.977656
improved_no_mirror,lerer_ordal,9963.6,0.062714,0.936774,0.000513,0.937286
improved_no_mirror,lerer_ordal,10759.1,0.121771,0.877823,0.000406,0.878229
improved_no_mirror,lerer_ordal,11618.1,0.181626,0.818051,0.000323,0.818374
improved_no_mirror,lerer_ordal,12545.7,0.232666,0.767073,0.000262,0.767334
improved_no_mirror,lerer_ordal,13547.4,0.271751,0.728033,0.000216,0.728249
improved_no_mirror,lerer_ordal,14629.0,0.299067,0.700751,0.000182,0.700933
improved_no_mirror,lerer_ordal,15797.0,0.316057,0.683786,0.000157,0.683943
improved_no_mirror,lerer_ordal,17058.2,0.324442,0.675421,0.000137,0.675558
improved_no_mirror,lerer_ordal,18420.2,0.325841,0.674038,0.000121,0.674159
improved_no_mirror,lerer_ordal,19890.8,0.321669,0.678223,0.000108,0.678331
improved_no_mirror,lerer_ordal,21478.9,0.313136,0.686767,0.000097,0.686864
improved_no_mirror,lerer_ordal,23193.8,0.301274,0.698639,0.000087,0.698726
improved_no_mirror,lerer_ordal,25045.7,0.286967,0.712955,0.000078,0.713033
improved_no_mirror,lerer_ordal,27045.3,0.270975,0.728955,0.000070,0.729025
improved_no_mirror,lerer_ordal,29204.6,0.253948,0.745990,0.000063,0.746052
improved_no_mirror,lerer_ordal,31536.4,0.236436,0.763508,0.000056,0.763564
improved_no_mirror,lerer_ordal,34054.2,0.218898,0.781052,0.000050,0.781102
improved_no_mirror,lerer_ordal,36773.2,0.201705,0.798251,0.000044,0.798295
improved_no_mirror,lerer_ordal,39709.2,0.185147,0.814814,0.000039,0.814853
improved_no_mirror,lerer_ordal,42879.6,0.169439,0.830527,0.000035,0.830561
improved_no_mirror,lerer_ordal,46303.1,0.154729,0.845240,0.000031,0.845271
improved_no_mirror,lerer_ordal,50000.0,0.141110,0.858863,0.000027,0.858890
improved,jc_fit,300.0,0.035845,0.000000,0.964155,0.964155
improved,jc_fit,310.0,0.033910,0.000000,0.966090,0.966090
improved,jc_fit,320.0,0.031735,0.000000,0.968265,0.968265
improved,jc_fit,330.0,0.028675,0.000000,0.971325,0.971325
improved,jc_fit,340.0,0.026126,0.000000,0.973874,0.973874
improved,jc_fit,350.0,0.023899,0.000000,0.976101,0.976101
improved,jc_fit,360.0,0.021585,0.000000,0.978415,0.978415
improved,jc_fit,370.0,0.019085,0.000000,0.980915,0.980915
improved,jc_fit,380.0,0.016565,0.000000,0.983435,0.983435
improved,jc_fit,390.0,0.014202,0.000000,0.985798,0.985798
improved,jc_fit,400.0,0.011966,0.000000,0.988034,0.988034
improved,jc_fit,410.0,0.009862,0.000000,0.990138,0.990138
improved,jc_fit,420.0,0.007984,0.000000,0.992016,0.992016
improved,jc_fit,430.0,0.006321,0.000000,0.993679,0.993679
improved,jc_fit,440.0,0.004697,0.000000,0.995303,0.995303
improved,jc_fit,450.0,0.003273,0.000000,0.996727,0.996727
improved,jc_fit,460.0,0.002060,0.000000,0.997940,0.997940
improved,jc_fit,470.0,0.001122,0.000000,0.998878,0.998878
improved,jc_fit,480.0,0.000412,0.000000,0.999588,0.999588
improved,jc_fit,490.0,0.000064,0.000000,0.999936,0.999936
improved,jc_fit,500.0,0.000074,0.000000,0.999926,0.999926
improved,jc_fit,510.0,0.000431,0.000000,0.999569,0.999569
improved,jc_fit,520.0,0.001380,0.000000,0.998620,0.998620
improved,jc_fit,530.0,0.003017,0.000000,0.996983,0.996983
improved,jc_fit,540.0,0.005690,0.000000,0.994310,0.994310
improved,jc_fit,550.0,0.008906,0.000000,0.991094,0.991094
improved,jc_fit,560.0,0.010532,0.000000,0.989468,0.989468
improved,jc_fit,570.0,0.009707,0.000000,0.990293,0.990293
improved,jc_fit,580.0,0.007783,0.000000,0.992217,0.992217
improved,jc_fit,590.0,0.005304,0.000000,0.994696,0.994696
improved,jc_fit,600.0,0.002420,0.000000,0.997580,0.997580
improved,jc_fit,610.0,0.000902,0.000000,0.999098,0.999098
improved,jc_fit,620.0,0.000402,0.000000,0.999598,0.999598
improved,jc_fit,630.0,0.002605,0.000000,0.997395,0.997395
improved,jc_fit,640.0,0.010406,0.000001,0.989593,0.989594
improved,jc_fit,650.0,0.018613,0.000020,0.981367,0.981387
improved,jc_fit,660.0,0.020408,0.000139,0.979453,0.979592
improved,jc_fit,670.0,0.011262,0.000402,0.988335,0.988738
improved,jc_fit,680.0,0.012253,0.000851,0.986896,0.987747
improved,jc_fit,690.0,0.002601,0.001520,0.995879,0.997399
improved,jc_fit,700.0,0.004179,0.002315,0.993506,0.995821
improved,jc_fit,710.0,0.037933,0.003061,0.959006,0.962067
improved,jc_fit,720.0,0.021696,0.004135,0.974170,0.978304
improved,jc_fit,730.0,0.044676,0.004873,0.950451,0.955324
improved,jc_fit,740.0,0.164713,0.005068,0.830219,0.835287
improved,jc_fit,750.0,0.066431,0.006858,0.926710,0.933569
improved,jc_fit,760.0,0.047336,0.008065,0.944599,0.952664
improved,jc_fit,770.0,0.263933,0.006866,0.729200,0.736067
improved,jc_fit,780.0,0.270786,0.007618,0.721596,0.729214
improved,jc_fit,790.0,0.073783,0.011070,0.915147,0.926217
improved,jc_fit,800.0,0.097107,0.012085,0.890807,0.902893
improved,jc_fit,820.0,0.386343,0.009364,0.604293,0.613657
improved,jc_fit,840.0,0.129333,0.015840,0.854827,0.870667
improved,jc_fit,860.0,0.404987,0.012857,0.582155,0.595013
improved,jc_fit,880.0,0.402723,0.014214,0.583062,0.597277
improved,jc_fit,900.0,0.303629,0.018358,0.678013,0.696371
improved,jc_fit,920.0,0.519754,0.014410,0.465836,0.480246
improved,jc_fit,940.0,0.492785,0.016993,0.490222,0.507215
improved,jc_fit,960.0,0.310604,0.024889,0.664507,0.689396
improved,jc_fit,980.0,0.524286,0.018312,0.457403,0.475714
improved,jc_fit,1000.0,0.672841,0.013684,0.313475,0.327159
improved,jc_fit,1020.0,0.629744,0.017088,0.353168,0.370256
improved,jc_fit,1040.0,0.396735,0.030603,0.572662,0.603265
improved,jc_fit,1060.0,0.444104,0.030312,0.525584,0.555896
improved,jc_fit,1080.0,0.695789,0.017422,0.286789,0.304211
improved,jc_fit,1100.0,0.774938,0.013489,0.211573,0.225062
improved,jc_fit,1120.0,0.754775,0.015583,0.229642,0.245225
improved,jc_fit,1140.0,0.631048,0.025255,0.343697,0.368952
improved,jc_fit,1160.0,0.434514,0.041962,0.523524,0.565486
improved,jc_fit,1180.0,0.552255,0.035699,0.412046,0.447745
improved,jc_fit,1200.0,0.733103,0.022434,0.244463,0.266897
improved,jc_fit,1220.0,0.806816,0.016852,0.176331,0.193184
improved,jc_fit,1240.0,0.820132,0.016215,0.163653,0.179868
improved,jc_fit,1260.0,0.790013,0.019621,0.190366,0.209987
improved,jc_fit,1280.0,0.711276,0.028213,0.260511,0.288724
improved,jc_fit,1300.0,0.606743,0.040541,0.352715,0.393257
improved,jc_fit,1320.0,0.613999,0.042161,0.343840,0.386001
improved,jc_fit,1340.0,0.725125,0.031755,0.243121,0.274875
improved,jc_fit,1360.0,0.806845,0.023447,0.169707,0.193155
improved,jc_fit,1380.0,0.845435,0.019549,0.135016,0.154565
improved,jc_fit,1400.0,0.856102,0.018840,0.125057,0.143898
improved,jc_fit,1420.0,0.845642,0.020860,0.133498,0.154358
improved,jc_fit,1440.0,0.814344,0.025838,0.159818,0.185656
improved,jc_fit,1460.0,0.762646,0.034024,0.203330,0.237354
improved,jc_fit,1480.0,0.712490,0.042506,0.245004,0.287510
improved,jc_fit,1500.0,0.714831,0.043546,0.241624,0.285169
improved,jc_fit,1520.0,0.770247,0.036271,0.193482,0.229753
improved,jc_fit,1540.0,0.827906,0.028092,0.144001,0.172094
improved,jc_fit,1560.0,0.866713,0.022486,0.110801,0.133287
improved,jc_fit,1580.0,0.888865,0.019359,0.091776,0.111135
improved,jc_fit,1600.0,0.899386,0.018077,0.082537,0.100614
improved,jc_fit,1620.0,0.900339,0.018481,0.081180,0.099661
improved,jc_fit,1640.0,0.892447,0.020599,0.086954,0.107553
improved,jc_fit,1660.0,0.875368,0.024631,0.100001,0.124632
improved,jc_fit,1680.0,0.846536,0.031267,0.122196,0.153464
improved,jc_fit,1700.0,0.804322,0.041059,0.154619,0.195678
improved,jc_fit,1720.0,0.756411,0.052569,0.191020,0.243589
improved,jc_fit,1740.0,0.730665,0.059684,0.209651,0.269335
improved,jc_fit,1760.0,0.751771,0.056371,0.191858,0.248229
improved,jc_fit,1780.0,0.800982,0.046218,0.152800,0.199018
improved,jc_fit,1800.0,0.847704,0.036091,0.116205,0.152296
improved,jc_fit,1820.0,0.881558,0.028585,0.089856,0.118442
improved,jc_fit,1840.0,0.903944,0.023571,0.072485,0.096056
improved,jc_fit,1860.0,0.918236,0.020376,0.061388,0.081764
improved,jc_fit,1880.0,0.927014,0.018459,0.054527,0.072986
improved,jc_fit,1900.0,0.931885,0.017481,0.050634,0.068115
improved,jc_fit,1920.0,0.933749,0.017259,0.048992,0.066251
improved,jc_fit,1940.0,0.934532,0.017092,0.048377,0.065468
improved,jc_fit,1960.0,0.931447,0.018200,0.050354,0.068553
improved,jc_fit,1980.0,0.925619,0.020106,0.054275,0.074381
improved,jc_fit,2000.0,0.916477,0.023018,0.060505,0.083523
improved,jc_fit,2050.0,0.872348,0.037092,0.090560,0.127652
improved,jc_fit,2100.0,0.793079,0.063593,0.143328,0.206921
improved,jc_fit,2150.0,0.778533,0.071800,0.149667,0.221467
improved,jc_fit,2200.0,0.859924,0.047545,0.092531,0.140076
improved,jc_fit,2250.0,0.914589,0.030048,0.055363,0.085411
improved,jc_fit,2300.0,0.939684,0.021785,0.038531,0.060316
improved,jc_fit,2350.0,0.950609,0.018190,0.031201,0.049391
improved,jc_fit,2400.0,0.954240,0.017131,0.028630,0.045760
improved,jc_fit,2450.0,0.953008,0.017884,0.029108,0.046992
improved,jc_fit,2500.0,0.947258,0.020458,0.032285,0.052742
improved,jc_fit,2550.0,0.935949,0.025413,0.038638,0.064051
improved,jc_fit,2600.0,0.916838,0.033880,0.049282,0.083162
improved,jc_fit,2650.0,0.887660,0.047139,0.065201,0.112340
improved,jc_fit,2700.0,0.852381,0.063925,0.083694,0.147619
improved,jc_fit,2750.0,0.832010,0.075119,0.092871,0.167990
improved,jc_fit,2800.0,0.846452,0.070849,0.082699,0.153548
improved,jc_fit,2850.0,0.879725,0.057160,0.063115,0.120275
improved,jc_fit,2900.0,0.909514,0.044176,0.046310,0.090486
improved,jc_fit,2950.0,0.930162,0.034919,0.034919,0.069838
improved,jc_fit,3000.0,0.943463,0.028860,0.027677,0.056537
improved,jc_fit,3050.0,0.951851,0.025018,0.023131,0.048149
improved,jc_fit,3100.0,0.957013,0.022678,0.020309,0.042987
improved,jc_fit,3150.0,0.959965,0.021400,0.018636,0.040035
improved,jc_fit,3200.0,0.961291,0.020933,0.017777,0.038709
improved,jc_fit,3250.0,0.961309,0.021146,0.017545,0.038691
improved,jc_fit,3300.0,0.960165,0.021991,0.017844,0.039835
improved,jc_fit,3350.0,0.957887,0.023479,0.018635,0.042113
improved,jc_fit,3400.0,0.954416,0.025667,0.019917,0.045584
improved,jc_fit,3450.0,0.949630,0.028651,0.021718,0.050370
improved,jc_fit,3500.0,0.943378,0.032548,0.024074,0.056622
improved,jc_fit,3550.0,0.935536,0.037462,0.027002,0.064464
improved,jc_fit,3600.0,0.926137,0.043410,0.030453,0.073863
improved,jc_fit,3650.0,0.915564,0.050200,0.034235,0.084436
improved,jc_fit,3700.0,0.904802,0.057269,0.037929,0.095198
improved,jc_fit,3750.0,0.895535,0.063596,0.040869,0.104465
improved,jc_fit,3800.0,0.889788,0.067899,0.042314,0.110212
improved,jc_fit,3850.0,0.889008,0.069193,0.041799,0.110992
improved,jc_fit,3900.0,0.893214,0.067352,0.039434,0.106786
improved,jc_fit,3950.0,0.901034,0.063135,0.035831,0.098966
improved,jc_fit,4000.0,0.910583,0.057679,0.031737,0.089417
