lower_fill,lower_t_nm,spacer_nm,lambda_nm,A_layers
0.20,1500,0,400,0.986693
0.20,1500,0,410,0.989067
0.20,1500,0,420,0.991148
0.20,1500,0,430,0.992984
0.20,1500,0,440,0.994691
0.20,1500,0,450,0.996344
0.20,1500,0,460,0.997795
0.20,1500,0,470,0.998928
0.20,1500,0,480,0.999654
0.20,1500,0,490,0.999971
0.20,1500,0,500,0.999912
0.20,1500,0,510,0.999448
0.20,1500,0,520,0.998194
0.20,1500,0,530,0.995577
0.20,1500,0,540,0.992512
0.20,1500,0,550,0.993338
0.20,1500,0,560,0.994845
0.20,1500,0,570,0.995643
0.20,1500,0,580,0.996291
0.20,1500,0,590,0.996980
0.20,1500,0,600,0.997726
0.20,1500,0,610,0.998488
0.20,1500,0,620,0.999134
0.20,1500,0,630,0.999453
0.20,1500,0,640,0.999515
0.20,1500,0,650,0.999661
0.20,1500,0,660,0.994979
0.20,1500,0,670,0.979589
0.20,1500,0,680,0.982669
0.20,1500,0,690,0.994273
0.20,1500,0,700,0.995155
0.20,1500,0,710,0.978015
0.20,1500,0,720,0.991754
0.20,1500,0,730,0.895475
0.20,1500,0,740,0.945661
0.20,1500,0,750,0.928682
0.20,1500,25,400,0.986693
0.20,1500,25,410,0.989067
0.20,1500,25,420,0.991148
0.20,1500,25,430,0.992984
0.20,1500,25,440,0.994691
0.20,1500,25,450,0.996344
0.20,1500,25,460,0.997795
0.20,1500,25,470,0.998928
0.20,1500,25,480,0.999654
0.20,1500,25,490,0.999971
0.20,1500,25,500,0.999912
0.20,1500,25,510,0.999448
0.20,1500,25,520,0.998194
0.20,1500,25,530,0.995577
0.20,1500,25,540,0.992512
0.20,1500,25,550,0.993338
0.20,1500,25,560,0.994845
0.20,1500,25,570,0.995643
0.20,1500,25,580,0.996291
0.20,1500,25,590,0.996980
0.20,1500,25,600,0.997726
0.20,1500,25,610,0.998488
0.20,1500,25,620,0.999134
0.20,1500,25,630,0.999453
0.20,1500,25,640,0.999515
0.20,1500,25,650,0.999661
0.20,1500,25,660,0.994979
0.20,1500,25,670,0.979592
0.20,1500,25,680,0.982539
0.20,1500,25,690,0.993515
0.20,1500,25,700,0.994749
0.20,1500,25,710,0.983088
0.20,1500,25,720,0.988221
0.20,1500,25,730,0.916603
0.20,1500,25,740,0.895346
0.20,1500,25,750,0.984742
0.20,1500,50,400,0.986693
0.20,1500,50,410,0.989067
0.20,1500,50,420,0.991148
0.20,1500,50,430,0.992984
0.20,1500,50,440,0.994691
0.20,1500,50,450,0.996344
0.20,1500,50,460,0.997795
0.20,1500,50,470,0.998928
0.20,1500,50,480,0.999654
0.20,1500,50,490,0.999971
0.20,1500,50,500,0.999912
0.20,1500,50,510,0.999448
0.20,1500,50,520,0.998194
0.20,1500,50,530,0.995577
0.20,1500,50,540,0.992512
0.20,1500,50,550,0.993338
0.20,1500,50,560,0.994845
0.20,1500,50,570,0.995643
0.20,1500,50,580,0.996291
0.20,1500,50,590,0.996980
0.20,1500,50,600,0.997726
0.20,1500,50,610,0.998488
0.20,1500,50,620,0.999134
0.20,1500,50,630,0.999453
0.20,1500,50,640,0.999515
0.20,1500,50,650,0.999661
0.20,1500,50,660,0.994979
0.20,1500,50,670,0.979592
0.20,1500,50,680,0.982509
0.20,1500,50,690,0.993051
0.20,1500,50,700,0.994796
0.20,1500,50,710,0.987767
0.20,1500,50,720,0.978881
0.20,1500,50,730,0.939590
0.20,1500,50,740,0.867583
0.20,1500,50,750,0.988730
0.20,1500,75,400,0.986693
0.20,1500,75,410,0.989067
0.20,1500,75,420,0.991148
0.20,1500,75,430,0.992984
0.20,1500,75,440,0.994691
0.20,1500,75,450,0.996344
0.20,1500,75,460,0.997795
0.20,1500,75,470,0.998928
0.20,1500,75,480,0.999654
0.20,1500,75,490,0.999971
0.20,1500,75,500,0.999912
0.20,1500,75,510,0.999448
0.20,1500,75,520,0.998194
0.20,1500,75,530,0.995577
0.20,1500,75,540,0.992512
0.20,1500,75,550,0.993338
0.20,1500,75,560,0.994845
0.20,1500,75,570,0.995643
0.20,1500,75,580,0.996291
0.20,1500,75,590,0.996980
0.20,1500,75,600,0.997726
0.20,1500,75,610,0.998488
0.20,1500,75,620,0.999134
0.20,1500,75,630,0.999453
0.20,1500,75,640,0.999515
0.20,1500,75,650,0.999661
0.20,1500,75,660,0.994979
0.20,1500,75,670,0.979592
0.20,1500,75,680,0.982518
0.20,1500,75,690,0.992781
0.20,1500,75,700,0.994990
0.20,1500,75,710,0.991275
0.20,1500,75,720,0.969834
0.20,1500,75,730,0.958288
0.20,1500,75,740,0.854157
0.20,1500,75,750,0.970496
0.20,1500,100,400,0.986693
0.20,1500,100,410,0.989067
0.20,1500,100,420,0.991148
0.20,1500,100,430,0.992984
0.20,1500,100,440,0.994691
0.20,1500,100,450,0.996344
0.20,1500,100,460,0.997795
0.20,1500,100,470,0.998928
0.20,1500,100,480,0.999654
0.20,1500,100,490,0.999971
0.20,1500,100,500,0.999912
0.20,1500,100,510,0.999448
0.20,1500,100,520,0.998194
0.20,1500,100,530,0.995577
0.20,1500,100,540,0.992512
0.20,1500,100,550,0.993338
0.20,1500,100,560,0.994845
0.20,1500,100,570,0.995643
0.20,1500,100,580,0.996291
0.20,1500,100,590,0.996980
0.20,1500,100,600,0.997726
0.20,1500,100,610,0.998488
0.20,1500,100,620,0.999134
0.20,1500,100,630,0.999453
0.20,1500,100,640,0.999515
0.20,1500,100,650,0.999661
0.20,1500,100,660,0.994979
0.20,1500,100,670,0.979591
0.20,1500,100,680,0.982550
0.20,1500,100,690,0.992625
0.20,1500,100,700,0.995259
0.20,1500,100,710,0.993964
0.20,1500,100,720,0.961637
0.20,1500,100,730,0.973288
0.20,1500,100,740,0.848748
0.20,1500,100,750,0.943752
0.20,1500,125,400,0.986693
0.20,1500,125,410,0.989067
0.20,1500,125,420,0.991148
0.20,1500,125,430,0.992984
0.20,1500,125,440,0.994691
0.20,1500,125,450,0.996344
0.20,1500,125,460,0.997795
0.20,1500,125,470,0.998928
0.20,1500,125,480,0.999654
0.20,1500,125,490,0.999971
0.20,1500,125,500,0.999912
0.20,1500,125,510,0.999448
0.20,1500,125,520,0.998194
0.20,1500,125,530,0.995577
0.20,1500,125,540,0.992512
0.20,1500,125,550,0.993338
0.20,1500,125,560,0.994845
0.20,1500,125,570,0.995643
0.20,1500,125,580,0.996291
0.20,1500,125,590,0.996980
0.20,1500,125,600,0.997726
0.20,1500,125,610,0.998488
0.20,1500,125,620,0.999134
0.20,1500,125,630,0.999453
0.20,1500,125,640,0.999515
0.20,1500,125,650,0.999661
0.20,1500,125,660,0.994979
0.20,1500,125,670,0.979590
0.20,1500,125,680,0.982607
0.20,1500,125,690,0.992571
0.20,1500,125,700,0.995609
0.20,1500,125,710,0.996027
0.20,1500,125,720,0.953974
0.20,1500,125,730,0.985244
0.20,1500,125,740,0.849370
0.20,1500,125,750,0.911997
0.20,1500,150,400,0.986693
0.20,1500,150,410,0.989067
0.20,1500,150,420,0.991148
0.20,1500,150,430,0.992984
0.20,1500,150,440,0.994691
0.20,1500,150,450,0.996344
0.20,1500,150,460,0.997795
0.20,1500,150,470,0.998928
0.20,1500,150,480,0.999654
0.20,1500,150,490,0.999971
0.20,1500,150,500,0.999912
0.20,1500,150,510,0.999448
0.20,1500,150,520,0.998194
0.20,1500,150,530,0.995577
0.20,1500,150,540,0.992512
0.20,1500,150,550,0.993338
0.20,1500,150,560,0.994845
0.20,1500,150,570,0.995643
0.20,1500,150,580,0.996291
0.20,1500,150,590,0.996980
0.20,1500,150,600,0.997726
0.20,1500,150,610,0.998488
0.20,1500,150,620,0.999134
0.20,1500,150,630,0.999453
0.20,1500,150,640,0.999515
0.20,1500,150,650,0.999661
0.20,1500,150,660,0.994979
0.20,1500,150,670,0.979587
0.20,1500,150,680,0.982710
0.20,1500,150,690,0.992682
0.20,1500,150,700,0.996081
0.20,1500,150,710,0.997211
0.20,1500,150,720,0.946867
0.20,1500,150,730,0.993020
0.20,1500,150,740,0.857321
0.20,1500,150,750,0.875204
0.20,2000,0,400,0.986693
0.20,2000,0,410,0.989067
0.20,2000,0,420,0.991148
0.20,2000,0,430,0.992984
0.20,2000,0,440,0.994691
0.20,2000,0,450,0.996344
0.20,2000,0,460,0.997795
0.20,2000,0,470,0.998928
0.20,2000,0,480,0.999654
0.20,2000,0,490,0.999971
0.20,2000,0,500,0.999912
0.20,2000,0,510,0.999448
0.20,2000,0,520,0.998194
0.20,2000,0,530,0.995577
0.20,2000,0,540,0.992512
0.20,2000,0,550,0.993338
0.20,2000,0,560,0.994845
0.20,2000,0,570,0.995643
0.20,2000,0,580,0.996291
0.20,2000,0,590,0.996980
0.20,2000,0,600,0.997726
0.20,2000,0,610,0.998488
0.20,2000,0,620,0.999134
0.20,2000,0,630,0.999453
0.20,2000,0,640,0.999515
0.20,2000,0,650,0.999661
0.20,2000,0,660,0.994979
0.20,2000,0,670,0.979588
0.20,2000,0,680,0.982867
0.20,2000,0,690,0.994403
0.20,2000,0,700,0.997398
0.20,2000,0,710,0.990769
0.20,2000,0,720,0.989906
0.20,2000,0,730,0.931922
0.20,2000,0,740,0.981934
0.20,2000,0,750,0.856376
0.20,2000,25,400,0.986693
0.20,2000,25,410,0.989067
0.20,2000,25,420,0.991148
0.20,2000,25,430,0.992984
0.20,2000,25,440,0.994691
0.20,2000,25,450,0.996344
0.20,2000,25,460,0.997795
0.20,2000,25,470,0.998928
0.20,2000,25,480,0.999654
0.20,2000,25,490,0.999971
0.20,2000,25,500,0.999912
0.20,2000,25,510,0.999448
0.20,2000,25,520,0.998194
0.20,2000,25,530,0.995577
0.20,2000,25,540,0.992512
0.20,2000,25,550,0.993338
0.20,2000,25,560,0.994845
0.20,2000,25,570,0.995643
0.20,2000,25,580,0.996291
0.20,2000,25,590,0.996980
0.20,2000,25,600,0.997726
0.20,2000,25,610,0.998488
0.20,2000,25,620,0.999134
0.20,2000,25,630,0.999453
0.20,2000,25,640,0.999515
0.20,2000,25,650,0.999661
0.20,2000,25,660,0.994979
0.20,2000,25,670,0.979588
0.20,2000,25,680,0.982842
0.20,2000,25,690,0.994757
0.20,2000,25,700,0.998233
0.20,2000,25,710,0.994360
0.20,2000,25,720,0.986364
0.20,2000,25,730,0.933086
0.20,2000,25,740,0.979396
0.20,2000,25,750,0.881656
0.20,2000,50,400,0.986693
0.20,2000,50,410,0.989067
0.20,2000,50,420,0.991148
0.20,2000,50,430,0.992984
0.20,2000,50,440,0.994691
0.20,2000,50,450,0.996344
0.20,2000,50,460,0.997795
0.20,2000,50,470,0.998928
0.20,2000,50,480,0.999654
0.20,2000,50,490,0.999971
0.20,2000,50,500,0.999912
0.20,2000,50,510,0.999448
0.20,2000,50,520,0.998194
0.20,2000,50,530,0.995577
0.20,2000,50,540,0.992512
0.20,2000,50,550,0.993338
0.20,2000,50,560,0.994845
0.20,2000,50,570,0.995643
0.20,2000,50,580,0.996291
0.20,2000,50,590,0.996980
0.20,2000,50,600,0.997726
0.20,2000,50,610,0.998488
0.20,2000,50,620,0.999134
0.20,2000,50,630,0.999453
0.20,2000,50,640,0.999515
0.20,2000,50,650,0.999661
0.20,2000,50,660,0.994979
0.20,2000,50,670,0.979588
0.20,2000,50,680,0.982829
0.20,2000,50,690,0.994897
0.20,2000,50,700,0.998707
0.20,2000,50,710,0.996103
0.20,2000,50,720,0.981019
0.20,2000,50,730,0.941551
0.20,2000,50,740,0.963069
0.20,2000,50,750,0.912129
0.20,2000,75,400,0.986693
0.20,2000,75,410,0.989067
0.20,2000,75,420,0.991148
0.20,2000,75,430,0.992984
0.20,2000,75,440,0.994691
0.20,2000,75,450,0.996344
0.20,2000,75,460,0.997795
0.20,2000,75,470,0.998928
0.20,2000,75,480,0.999654
0.20,2000,75,490,0.999971
0.20,2000,75,500,0.999912
0.20,2000,75,510,0.999448
0.20,2000,75,520,0.998194
0.20,2000,75,530,0.995577
0.20,2000,75,540,0.992512
0.20,2000,75,550,0.993338
0.20,2000,75,560,0.994845
0.20,2000,75,570,0.995643
0.20,2000,75,580,0.996291
0.20,2000,75,590,0.996980
0.20,2000,75,600,0.997726
0.20,2000,75,610,0.998488
0.20,2000,75,620,0.999134
0.20,2000,75,630,0.999453
0.20,2000,75,640,0.999515
0.20,2000,75,650,0.999661
0.20,2000,75,660,0.994979
0.20,2000,75,670,0.979588
0.20,2000,75,680,0.982823
0.20,2000,75,690,0.994935
0.20,2000,75,700,0.998954
0.20,2000,75,710,0.996788
0.20,2000,75,720,0.976334
0.20,2000,75,730,0.950841
0.20,2000,75,740,0.946317
0.20,2000,75,750,0.937941
0.20,2000,100,400,0.986693
0.20,2000,100,410,0.989067
0.20,2000,100,420,0.991148
0.20,2000,100,430,0.992984
0.20,2000,100,440,0.994691
0.20,2000,100,450,0.996344
0.20,2000,100,460,0.997795
0.20,2000,100,470,0.998928
0.20,2000,100,480,0.999654
0.20,2000,100,490,0.999971
0.20,2000,100,500,0.999912
0.20,2000,100,510,0.999448
0.20,2000,100,520,0.998194
0.20,2000,100,530,0.995577
0.20,2000,100,540,0.992512
0.20,2000,100,550,0.993338
0.20,2000,100,560,0.994845
0.20,2000,100,570,0.995643
0.20,2000,100,580,0.996291
0.20,2000,100,590,0.996980
0.20,2000,100,600,0.997726
0.20,2000,100,610,0.998488
0.20,2000,100,620,0.999134
0.20,2000,100,630,0.999453
0.20,2000,100,640,0.999515
0.20,2000,100,650,0.999661
0.20,2000,100,660,0.994979
0.20,2000,100,670,0.979588
0.20,2000,100,680,0.982819
0.20,2000,100,690,0.994916
0.20,2000,100,700,0.999065
0.20,2000,100,710,0.996854
0.20,2000,100,720,0.972332
0.20,2000,100,730,0.959982
0.20,2000,100,740,0.931071
0.20,2000,100,750,0.958928
0.20,2000,125,400,0.986693
0.20,2000,125,410,0.989067
0.20,2000,125,420,0.991148
0.20,2000,125,430,0.992984
0.20,2000,125,440,0.994691
0.20,2000,125,450,0.996344
0.20,2000,125,460,0.997795
0.20,2000,125,470,0.998928
0.20,2000,125,480,0.999654
0.20,2000,125,490,0.999971
0.20,2000,125,500,0.999912
0.20,2000,125,510,0.999448
0.20,2000,125,520,0.998194
0.20,2000,125,530,0.995577
0.20,2000,125,540,0.992512
0.20,2000,125,550,0.993338
0.20,2000,125,560,0.994845
0.20,2000,125,570,0.995643
0.20,2000,125,580,0.996291
0.20,2000,125,590,0.996980
0.20,2000,125,600,0.997726
0.20,2000,125,610,0.998488
0.20,2000,125,620,0.999134
0.20,2000,125,630,0.999453
0.20,2000,125,640,0.999515
0.20,2000,125,650,0.999661
0.20,2000,125,660,0.994979
0.20,2000,125,670,0.979588
0.20,2000,125,680,0.982819
0.20,2000,125,690,0.994839
0.20,2000,125,700,0.999058
0.20,2000,125,710,0.996375
0.20,2000,125,720,0.968805
0.20,2000,125,730,0.969189
0.20,2000,125,740,0.916952
0.20,2000,125,750,0.975707
0.20,2000,150,400,0.986693
0.20,2000,150,410,0.989067
0.20,2000,150,420,0.991148
0.20,2000,150,430,0.992984
0.20,2000,150,440,0.994691
0.20,2000,150,450,0.996344
0.20,2000,150,460,0.997795
0.20,2000,150,470,0.998928
0.20,2000,150,480,0.999654
0.20,2000,150,490,0.999971
0.20,2000,150,500,0.999912
0.20,2000,150,510,0.999448
0.20,2000,150,520,0.998194
0.20,2000,150,530,0.995577
0.20,2000,150,540,0.992512
0.20,2000,150,550,0.993338
0.20,2000,150,560,0.994845
0.20,2000,150,570,0.995643
0.20,2000,150,580,0.996291
0.20,2000,150,590,0.996980
0.20,2000,150,600,0.997726
0.20,2000,150,610,0.998488
0.20,2000,150,620,0.999134
0.20,2000,150,630,0.999453
0.20,2000,150,640,0.999515
0.20,2000,150,650,0.999661
0.20,2000,150,660,0.994979
0.20,2000,150,670,0.979588
0.20,2000,150,680,0.982826
0.20,2000,150,690,0.994670
0.20,2000,150,700,0.998870
0.20,2000,150,710,0.995123
0.20,2000,150,720,0.965846
0.20,2000,150,730,0.978566
0.20,2000,150,740,0.903814
0.20,2000,150,750,0.987026
0.30,1500,0,400,0.986891
0.30,1500,0,410,0.989279
0.30,1500,0,420,0.991254
0.30,1500,0,430,0.992934
0.30,1500,0,440,0.994525
0.30,1500,0,450,0.996175
0.30,1500,0,460,0.997716
0.30,1500,0,470,0.998944
0.30,1500,0,480,0.999697
0.30,1500,0,490,0.999975
0.30,1500,0,500,0.999906
0.30,1500,0,510,0.999458
0.30,1500,0,520,0.998197
0.30,1500,0,530,0.995577
0.30,1500,0,540,0.992512
0.30,1500,0,550,0.993338
0.30,1500,0,560,0.994845
0.30,1500,0,570,0.995644
0.30,1500,0,580,0.996292
0.30,1500,0,590,0.996987
0.30,1500,0,600,0.997747
0.30,1500,0,610,0.998540
0.30,1500,0,620,0.999178
0.30,1500,0,630,0.999310
0.30,1500,0,640,0.998985
0.30,1500,0,650,0.999105
0.30,1500,0,660,0.989801
0.30,1500,0,670,0.953083
0.30,1500,0,680,0.959341
0.30,1500,0,690,0.985398
0.30,1500,0,700,0.996142
0.30,1500,0,710,0.988304
0.30,1500,0,720,0.964979
0.30,1500,0,730,0.942834
0.30,1500,0,740,0.922501
0.30,1500,0,750,0.883456
0.30,1500,25,400,0.986891
0.30,1500,25,410,0.989279
0.30,1500,25,420,0.991254
0.30,1500,25,430,0.992934
0.30,1500,25,440,0.994525
0.30,1500,25,450,0.996175
0.30,1500,25,460,0.997716
0.30,1500,25,470,0.998944
0.30,1500,25,480,0.999697
0.30,1500,25,490,0.999975
0.30,1500,25,500,0.999906
0.30,1500,25,510,0.999458
0.30,1500,25,520,0.998197
0.30,1500,25,530,0.995577
0.30,1500,25,540,0.992512
0.30,1500,25,550,0.993338
0.30,1500,25,560,0.994845
0.30,1500,25,570,0.995644
0.30,1500,25,580,0.996292
0.30,1500,25,590,0.996987
0.30,1500,25,600,0.997747
0.30,1500,25,610,0.998540
0.30,1500,25,620,0.999178
0.30,1500,25,630,0.999310
0.30,1500,25,640,0.998985
0.30,1500,25,650,0.999105
0.30,1500,25,660,0.989801
0.30,1500,25,670,0.953083
0.30,1500,25,680,0.959341
0.30,1500,25,690,0.985400
0.30,1500,25,700,0.996138
0.30,1500,25,710,0.988264
0.30,1500,25,720,0.966147
0.30,1500,25,730,0.949557
0.30,1500,25,740,0.909309
0.30,1500,25,750,0.909522
0.30,1500,50,400,0.986891
0.30,1500,50,410,0.989279
0.30,1500,50,420,0.991254
0.30,1500,50,430,0.992934
0.30,1500,50,440,0.994525
0.30,1500,50,450,0.996175
0.30,1500,50,460,0.997716
0.30,1500,50,470,0.998944
0.30,1500,50,480,0.999697
0.30,1500,50,490,0.999975
0.30,1500,50,500,0.999906
0.30,1500,50,510,0.999458
0.30,1500,50,520,0.998197
0.30,1500,50,530,0.995577
0.30,1500,50,540,0.992512
0.30,1500,50,550,0.993338
0.30,1500,50,560,0.994845
0.30,1500,50,570,0.995644
0.30,1500,50,580,0.996292
0.30,1500,50,590,0.996987
0.30,1500,50,600,0.997747
0.30,1500,50,610,0.998540
0.30,1500,50,620,0.999178
0.30,1500,50,630,0.999310
0.30,1500,50,640,0.998985
0.30,1500,50,650,0.999105
0.30,1500,50,660,0.989801
0.30,1500,50,670,0.953083
0.30,1500,50,680,0.959341
0.30,1500,50,690,0.985401
0.30,1500,50,700,0.996140
0.30,1500,50,710,0.988325
0.30,1500,50,720,0.967273
0.30,1500,50,730,0.951737
0.30,1500,50,740,0.903095
0.30,1500,50,750,0.923390
0.30,1500,75,400,0.986891
0.30,1500,75,410,0.989279
0.30,1500,75,420,0.991254
0.30,1500,75,430,0.992934
0.30,1500,75,440,0.994525
0.30,1500,75,450,0.996175
0.30,1500,75,460,0.997716
0.30,1500,75,470,0.998944
0.30,1500,75,480,0.999697
0.30,1500,75,490,0.999975
0.30,1500,75,500,0.999906
0.30,1500,75,510,0.999458
0.30,1500,75,520,0.998197
0.30,1500,75,530,0.995577
0.30,1500,75,540,0.992512
0.30,1500,75,550,0.993338
0.30,1500,75,560,0.994845
0.30,1500,75,570,0.995644
0.30,1500,75,580,0.996292
0.30,1500,75,590,0.996987
0.30,1500,75,600,0.997747
0.30,1500,75,610,0.998540
0.30,1500,75,620,0.999178
0.30,1500,75,630,0.999310
0.30,1500,75,640,0.998985
0.30,1500,75,650,0.999105
0.30,1500,75,660,0.989801
0.30,1500,75,670,0.953083
0.30,1500,75,680,0.959341
0.30,1500,75,690,0.985402
0.30,1500,75,700,0.996143
0.30,1500,75,710,0.988401
0.30,1500,75,720,0.968153
0.30,1500,75,730,0.952149
0.30,1500,75,740,0.900215
0.30,1500,75,750,0.930228
0.30,1500,100,400,0.986891
0.30,1500,100,410,0.989279
0.30,1500,100,420,0.991254
0.30,1500,100,430,0.992934
0.30,1500,100,440,0.994525
0.30,1500,100,450,0.996175
0.30,1500,100,460,0.997716
0.30,1500,100,470,0.998944
0.30,1500,100,480,0.999697
0.30,1500,100,490,0.999975
0.30,1500,100,500,0.999906
0.30,1500,100,510,0.999458
0.30,1500,100,520,0.998197
0.30,1500,100,530,0.995577
0.30,1500,100,540,0.992512
0.30,1500,100,550,0.993338
0.30,1500,100,560,0.994845
0.30,1500,100,570,0.995644
0.30,1500,100,580,0.996292
0.30,1500,100,590,0.996987
0.30,1500,100,600,0.997747
0.30,1500,100,610,0.998540
0.30,1500,100,620,0.999178
0.30,1500,100,630,0.999310
0.30,1500,100,640,0.998985
0.30,1500,100,650,0.999105
0.30,1500,100,660,0.989801
0.30,1500,100,670,0.953083
0.30,1500,100,680,0.959341
0.30,1500,100,690,0.985403
0.30,1500,100,700,0.996147
0.30,1500,100,710,0.988483
0.30,1500,100,720,0.968895
0.30,1500,100,730,0.951706
0.30,1500,100,740,0.898986
0.30,1500,100,750,0.933309
0.30,1500,125,400,0.986891
0.30,1500,125,410,0.989279
0.30,1500,125,420,0.991254
0.30,1500,125,430,0.992934
0.30,1500,125,440,0.994525
0.30,1500,125,450,0.996175
0.30,1500,125,460,0.997716
0.30,1500,125,470,0.998944
0.30,1500,125,480,0.999697
0.30,1500,125,490,0.999975
0.30,1500,125,500,0.999906
0.30,1500,125,510,0.999458
0.30,1500,125,520,0.998197
0.30,1500,125,530,0.995577
0.30,1500,125,540,0.992512
0.30,1500,125,550,0.993338
0.30,1500,125,560,0.994845
0.30,1500,125,570,0.995644
0.30,1500,125,580,0.996292
0.30,1500,125,590,0.996987
0.30,1500,125,600,0.997747
0.30,1500,125,610,0.998540
0.30,1500,125,620,0.999178
0.30,1500,125,630,0.999310
0.30,1500,125,640,0.998985
0.30,1500,125,650,0.999105
0.30,1500,125,660,0.989801
0.30,1500,125,670,0.953083
0.30,1500,125,680,0.959341
0.30,1500,125,690,0.985403
0.30,1500,125,700,0.996152
0.30,1500,125,710,0.988580
0.30,1500,125,720,0.969590
0.30,1500,125,730,0.950552
0.30,1500,125,740,0.898937
0.30,1500,125,750,0.933670
0.30,1500,150,400,0.986891
0.30,1500,150,410,0.989279
0.30,1500,150,420,0.991254
0.30,1500,150,430,0.992934
0.30,1500,150,440,0.994525
0.30,1500,150,450,0.996175
0.30,1500,150,460,0.997716
0.30,1500,150,470,0.998944
0.30,1500,150,480,0.999697
0.30,1500,150,490,0.999975
0.30,1500,150,500,0.999906
0.30,1500,150,510,0.999458
0.30,1500,150,520,0.998197
0.30,1500,150,530,0.995577
0.30,1500,150,540,0.992512
0.30,1500,150,550,0.993338
0.30,1500,150,560,0.994845
0.30,1500,150,570,0.995644
0.30,1500,150,580,0.996292
0.30,1500,150,590,0.996987
0.30,1500,150,600,0.997747
0.30,1500,150,610,0.998540
0.30,1500,150,620,0.999178
0.30,1500,150,630,0.999310
0.30,1500,150,640,0.998985
0.30,1500,150,650,0.999105
0.30,1500,150,660,0.989801
0.30,1500,150,670,0.953083
0.30,1500,150,680,0.959341
0.30,1500,150,690,0.985403
0.30,1500,150,700,0.996160
0.30,1500,150,710,0.988708
0.30,1500,150,720,0.970282
0.30,1500,150,730,0.948364
0.30,1500,150,740,0.900364
0.30,1500,150,750,0.930796
