material,N,target_deg,scenario,phase_scale,mean_loss_db,peak_angle_deg,pointing_error_deg,beamwidth_3db_deg,sll_db,eta_tx,eta_peak,eta_target,eta_coherent,main_lobe_fraction,status
GSST,32,-60.0,eim_prediction,0.9794910748195975,7.506554457152814,-60.0,0.0,6.32,-10.66076673893506,0.2844681037825012,0.22841990819059846,0.22841990819059846,0.8029719506452783,0.7759369810588528,ok
GSST,32,-60.0,planar_calibrated,0.9794910748195975,4.5827635282248,-60.0,0.0,6.340000000000003,-13.248850896892515,0.4087216950716355,0.3779606003077299,0.3779606003077299,0.9247382873607572,0.8461703569379532,ok
GSST,32,-60.0,planar_response_to_eim_design,0.9794910748195975,4.488775973904961,-59.97,0.030000000000001137,6.329999999999998,-13.20959088302056,0.4150319066829373,0.384449497643912,0.3844313181710388,0.9263131134098838,0.847676296022652,ok
Sb2S3,32,-60.0,eim_prediction,2.695111708382328,0.6626069877133767,-60.0,0.0,6.3700000000000045,-13.231507660553097,0.8587862179415254,0.8586421032174456,0.8586421032174456,0.9998321878937168,0.8857677279128586,EIM buffer slice below cutoff
Sb2S3,32,-60.0,planar_calibrated,2.695111708382328,1.5671370972596956,-60.0,0.0,6.3700000000000045,-13.228372788272784,0.6994164322026547,0.6982503941883437,0.6982503941883437,0.9983328415510072,0.8850503350922022,EIM buffer slice below cutoff
Sb2S3,32,-60.0,planar_response_to_eim_design,2.695111708382328,4.223609539464901,-36.5,23.5,3.9599999999999937,0.0,0.387379428410091,0.2791850562321678,0.0050937329727314806,0.7207018126337222,0.041582147043613675,EIM buffer slice below cutoff
Sb2Se3,32,-60.0,eim_prediction,1.6521309314586994,0.1954784884060805,-60.0,0.0,6.3700000000000045,-13.23208793394646,0.9560964659636342,0.9560419104009318,0.9560419104009318,0.9999429392695773,0.8858163842486254,ok
Sb2Se3,32,-60.0,planar_calibrated,1.6521309314586994,0.6192230564256481,-60.0,0.0,6.3700000000000045,-13.229857474862865,0.8684647331483937,0.8677906094470373,0.8677906094470373,0.9992237753870413,0.8854813319670787,ok
Sb2Se3,32,-60.0,planar_response_to_eim_design,1.6521309314586994,1.0230375649932086,15.760000000000005,75.76,3.299999999999997,0.0,0.7934815673793724,0.5219846137388262,0.1413693587880639,0.6578408814999726,0.276540341981947,ok
GSST,32,-55.0,eim_prediction,0.9794910748195975,7.212257873699343,-55.0,0.0,5.399999999999999,-11.387111203781533,0.30259867345760816,0.24344148172373767,0.24344148172373767,0.8045028054554312,0.7472798753971908,ok
GSST,32,-55.0,planar_calibrated,0.9794910748195975,4.416067422604218,-55.0,0.0,5.460000000000001,-12.252173035871143,0.42365560832302973,0.392152904049575,0.392152904049575,0.9256407712902635,0.8332177696271532,ok
GSST,32,-55.0,planar_response_to_eim_design,0.9794910748195975,4.325498626242415,-54.99,0.00999999999999801,5.460000000000001,-12.141541073038553,0.4298932245142102,0.3985878578432754,0.3985815409527575,0.9271787390780335,0.8360106900240732,ok
Sb2S3,32,-55.0,eim_prediction,2.695111708382328,0.6700982018646083,-55.0,0.0,5.539999999999999,-13.277713102577929,0.8572996917648384,0.8571590859319925,0.8571590859319925,0.999835989871224,0.8877316882788836,EIM buffer slice below cutoff
Sb2S3,32,-55.0,planar_calibrated,2.695111708382328,1.5907623333426835,-55.0,0.0,5.549999999999997,-13.374493352389168,0.6955680281325693,0.6944359905907223,0.6944359905907223,0.9983724991718117,0.8876960856401113,EIM buffer slice below cutoff
Sb2S3,32,-55.0,planar_response_to_eim_design,2.695111708382328,4.28728218984546,-27.11,27.89,3.5700000000000003,0.0,0.381509184807685,0.2758140844961484,0.010422785182027489,0.7229552930296648,0.03722035990561029,EIM buffer slice below cutoff
Sb2Se3,32,-55.0,eim_prediction,1.6521309314586994,0.19984673678295817,-55.0,0.0,5.539999999999999,-13.25901741442453,0.9551328478036749,0.9550795700756363,0.9550795700756363,0.9999442195625864,0.8876339604516378,ok
Sb2Se3,32,-55.0,planar_calibrated,1.6521309314586994,0.6353375598213149,-55.0,0.0,5.549999999999997,-13.329400395921503,0.865217506427852,0.8645615253635494,0.8645615253635494,0.9992418310315854,0.8878251122687953,ok
Sb2Se3,32,-55.0,planar_response_to_eim_design,1.6521309314586994,1.049660834498286,21.340000000000003,76.34,3.3999999999999915,0.0,0.7885540472218422,0.5200741953484436,0.1457377361911305,0.6595289152097044,0.23548521594609498,ok
GSST,32,-50.0,eim_prediction,0.9794910748195975,7.60301550955978,-50.0,0.0,4.839999999999996,-11.424560485398576,0.280076268789891,0.22405874725881883,0.22405874725881883,0.7999919030159043,0.71407293714164,ok
GSST,32,-50.0,planar_calibrated,0.9794910748195975,4.637401205603228,-50.0,0.0,4.880000000000003,-12.89280188168503,0.4044016602888604,0.37352471910070284,0.37352471910070284,0.9236478377311744,0.8150648583106278,ok
GSST,32,-50.0,planar_response_to_eim_design,0.9794910748195975,4.542293091246003,-49.98,0.020000000000003126,4.880000000000003,-12.75007284796255,0.4107139315782936,0.3800066197066169,0.3799955181727371,0.9252343066287659,0.8187322082478939,ok
Sb2S3,32,-50.0,eim_prediction,2.695111708382328,0.6601516061647559,-50.0,0.0,4.940000000000005,-13.244717251704948,0.8592733451256112,0.8591284503403376,0.8591284503403376,0.9998313752124449,0.8843147846668633,EIM buffer slice below cutoff
Sb2S3,32,-50.0,planar_calibrated,2.695111708382328,1.5593934968781151,-50.0,0.0,4.950000000000003,-13.269155979054245,0.7006743228376189,0.699502121550911,0.699502121550911,0.9983270383279343,0.8846374546768979,EIM buffer slice below cutoff
Sb2S3,32,-50.0,planar_response_to_eim_design,2.695111708382328,4.20273967141147,-17.189999999999998,32.81,3.3299999999999983,0.0,0.38926230870108003,0.2797187296524261,0.008669967566198472,0.7185867303356772,0.029931480396652173,EIM buffer slice below cutoff
Sb2Se3,32,-50.0,eim_prediction,1.6521309314586994,0.19404671563228862,-50.0,0.0,4.93,-13.239819742975154,0.9564122913464002,0.956357439452495,0.956357439452495,0.9999426482758519,0.8841236062053214,ok
Sb2Se3,32,-50.0,planar_calibrated,1.6521309314586994,0.6139412351475312,-50.0,0.0,4.940000000000005,-13.257950917721033,0.8695277604862184,0.8688500295979618,0.8688500295979618,0.9992205759044683,0.8846257403007836,ok
Sb2Se3,32,-50.0,planar_response_to_eim_design,1.6521309314586994,1.014311304685195,28.10000000000001,78.10000000000001,3.5999999999999943,0.0,0.795090907267018,0.5201863091983148,0.13840365119286116,0.654247589104448,0.19827994200636823,ok
GSST,32,-45.0,eim_prediction,0.9794910748195975,7.312513346652583,-45.0,0.0,4.469999999999999,-10.844666302630744,0.2992006969414286,0.23971062164436688,0.23971062164436688,0.8011699975795595,0.7308608234492663,ok
GSST,32,-45.0,planar_calibrated,0.9794910748195975,4.472854343853329,-45.0,0.0,4.480000000000004,-12.981054300204777,0.42014707126325546,0.3880910284107818,0.3880910284107818,0.9237028054102797,0.8271286192284841,ok
GSST,32,-45.0,planar_response_to_eim_design,0.9794910748195975,4.381120908772402,-44.98,0.020000000000003126,4.479999999999997,-12.702705513736614,0.42637534415911915,0.3945305280831868,0.3945036262552401,0.9253127168065136,0.8298138459217707,ok
Sb2S3,32,-45.0,eim_prediction,2.695111708382328,0.6675462346996736,-45.0,0.0,4.490000000000002,-13.232360138090478,0.8578135712712633,0.857667885251824,0.857667885251824,0.9998301658724944,0.8848676755889944,EIM buffer slice below cutoff
Sb2S3,32,-45.0,planar_calibrated,2.695111708382328,1.582714128401472,-45.0,0.0,4.490000000000002,-13.227652944097027,0.6969394786747674,0.6957644073320071,0.6957644073320071,0.9983139549721094,0.8837326801288684,EIM buffer slice below cutoff
Sb2S3,32,-45.0,planar_response_to_eim_design,2.695111708382328,4.265591378476939,-6.709999999999994,38.290000000000006,3.180000000000007,0.0,0.3837487362055036,0.2778182791276841,0.008057910768635115,0.7239588118901529,0.03312853911736764,EIM buffer slice below cutoff
Sb2Se3,32,-45.0,eim_prediction,1.6521309314586994,0.19835864337099257,-45.0,0.0,4.490000000000002,-13.232707688152377,0.9554639463033059,0.9554087628540437,0.9554087628540437,0.9999422443416357,0.8849515507164154,ok
Sb2Se3,32,-45.0,planar_calibrated,1.6521309314586994,0.629847971255994,-45.0,0.0,4.490000000000002,-13.23045065210138,0.8663586734225779,0.8656783333256757,0.8656783333256757,0.9992147131231289,0.8844070363833842,ok
Sb2Se3,32,-45.0,planar_response_to_eim_design,1.6521309314586994,1.0405913154285376,36.22,81.22,3.9099999999999966,0.0,0.7903196971137285,0.522378416175454,0.13441206231140182,0.6609710198078016,0.18293982705088632,ok
GSST,32,-40.0,eim_prediction,0.9794910748195975,7.806709665320685,-40.0,0.0,4.189999999999998,-11.8394697237838,0.27114858530849983,0.21546008816190024,0.21546008816190024,0.7946199974333633,0.7110656374243224,ok
GSST,32,-40.0,planar_calibrated,0.9794910748195975,4.752778088693628,-40.0,0.0,4.18,-13.640383690536076,0.39575192934919545,0.3646604488231357,0.3646604488231357,0.9214369451661576,0.8236866670404407,ok
GSST,32,-40.0,planar_response_to_eim_design,0.9794910748195975,4.655303718473554,-39.99,0.00999999999999801,4.18,-13.28917838803733,0.40207026806777046,0.37112990544321633,0.37112652349825603,0.923047374845088,0.8275666061641356,ok
Sb2S3,32,-40.0,eim_prediction,2.695111708382328,0.6549666443678733,-40.0,0.0,4.140000000000001,-13.192796462462752,0.8603088391495606,0.8601592637234107,0.8601592637234107,0.9998261375225462,0.8873621771555078,EIM buffer slice below cutoff
Sb2S3,32,-40.0,planar_calibrated,2.695111708382328,1.54304154857445,-40.0,0.0,4.119999999999997,-13.101353485221058,0.7033907946119443,0.7021774187141825,0.7021774187141825,0.9982749619314663,0.8851441552758682,EIM buffer slice below cutoff
Sb2S3,32,-40.0,planar_response_to_eim_design,2.695111708382328,4.158669344083399,4.210000000000008,44.21000000000001,3.1899999999999977,0.0,0.39353018819449104,0.2788322911183637,0.006336430123680864,0.7085410458537906,0.03817987435683192,EIM buffer slice below cutoff
Sb2Se3,32,-40.0,eim_prediction,1.6521309314586994,0.19102328037918204,-40.0,0.0,4.140000000000001,-13.209697266057297,0.9570817580074709,0.9570251636474303,0.9570251636474303,0.9999408677894369,0.8876226230532802,ok
Sb2Se3,32,-40.0,planar_calibrated,1.6521309314586994,0.6027877581816473,-40.0,0.0,4.130000000000003,-13.14479169933815,0.8718060130928149,0.8711053734725226,0.8711053734725226,0.9991963354120411,0.8863579567301452,ok
Sb2Se3,32,-40.0,planar_response_to_eim_design,1.6521309314586994,0.9958843003965463,45.75999999999999,85.75999999999999,4.599999999999994,0.0,0.7985773673780729,0.512881468586626,0.13126626516003767,0.6422439321947512,0.14726179553446223,ok
GSST,32,-35.0,eim_prediction,0.9794910748195975,6.786898638106962,-35.0,0.0,3.8499999999999943,-11.100148607896791,0.3338949659308554,0.26890611095202144,0.26890611095202144,0.8053613812425906,0.6906307617979484,ok
GSST,32,-35.0,planar_calibrated,0.9794910748195975,4.175134526846669,-35.0,0.0,3.8599999999999994,-13.21044476013671,0.44821670490557647,0.41479933870966706,0.41479933870966706,0.9254437288254367,0.8125334577273681,ok
GSST,32,-35.0,planar_response_to_eim_design,0.9794910748195975,4.089507005217456,-34.99,0.00999999999999801,3.8599999999999994,-13.120940227043372,0.4542910666839198,0.42111932939417335,0.4211084124314354,0.9269813128136499,0.8166109755594055,ok
Sb2S3,32,-35.0,eim_prediction,2.695111708382328,0.6809255688956312,-35.0,0.0,3.8700000000000045,-13.232841965256005,0.8551679946446896,0.8550262431427255,0.8550262431427255,0.9998342413387172,0.8910049585469079,EIM buffer slice below cutoff
Sb2S3,32,-35.0,planar_calibrated,2.695111708382328,1.6249088811653778,-35.0,0.0,3.8700000000000045,-13.232425012182516,0.6901450892111698,0.68900936852122,0.68900936852122,0.9983543740182982,0.8894210255304273,EIM buffer slice below cutoff
Sb2S3,32,-35.0,planar_response_to_eim_design,2.695111708382328,4.379310950683239,16.39,51.39,3.3100000000000023,0.0,0.37361195071551134,0.2700722716164705,0.008825260381275733,0.7228683962042701,0.02537201068446955,EIM buffer slice below cutoff
Sb2Se3,32,-35.0,eim_prediction,1.6521309314586994,0.20616034997092825,-35.0,0.0,3.8700000000000045,-13.232872747112578,0.9537464386192894,0.9536926763065547,0.9536926763065547,0.9999436303921485,0.8911220773639359,ok
Sb2Se3,32,-35.0,planar_calibrated,1.6521309314586994,0.6586285296514671,-35.0,0.0,3.8700000000000045,-13.232672837375487,0.8606038663225577,0.8599442563036828,0.8599442563036828,0.9992335497844165,0.8903619121255111,ok
Sb2Se3,32,-35.0,planar_response_to_eim_design,1.6521309314586994,1.0881405661783519,58.900000000000006,93.9,6.170000000000016,0.0,0.7816335726457938,0.5155322458772471,0.1392890080971611,0.6595574498318875,0.1163112565948288,ok
GSST,32,-30.0,eim_prediction,0.9794910748195975,9.026443749999991,-30.0,0.0,3.479999999999997,-10.786139160015102,0.20208260496981018,0.1610472040129336,0.1610472040129336,0.7969374901763218,0.51978910038041,ok
GSST,32,-30.0,planar_calibrated,0.9794910748195975,5.443662499999993,-30.0,0.0,3.549999999999997,-12.83630260633877,0.33543080333716685,0.30989223435692054,0.30989223435692054,0.923863375914896,0.7126787848691212,ok
GSST,32,-30.0,planar_response_to_eim_design,0.9794910748195975,5.332018833080132,-29.979999999999997,0.020000000000003126,3.5600000000000023,-12.694597081097918,0.3419711695766589,0.3164958985640993,0.3164771352297819,0.9255046235502936,0.7199764944984718,ok
Sb2S3,32,-30.0,eim_prediction,2.695111708382328,0.6239187500000003,-30.0,0.0,3.6600000000000037,-13.243857476366275,0.8664672169476219,0.866323608605273,0.866323608605273,0.9998342599240456,0.8942891081388264,EIM buffer slice below cutoff
Sb2S3,32,-30.0,planar_calibrated,2.695111708382328,1.4451250000000009,-30.0,0.0,3.6700000000000017,-13.265623871890412,0.7193125828001812,0.7181305692323828,0.7181305692323828,0.9983567455984199,0.893785869009572,EIM buffer slice below cutoff
Sb2S3,32,-30.0,planar_response_to_eim_design,2.695111708382328,3.8947733075760143,30.17,60.17,3.730000000000004,0.0,0.4176822321504433,0.30221992258269603,0.011700919781088077,0.72356422974162,0.01898913229554867,EIM buffer slice below cutoff
Sb2Se3,32,-30.0,eim_prediction,1.6521309314586994,0.17291875000000018,-30.0,0.0,3.6600000000000037,-13.239329807836153,0.9610746082310462,0.9610204242746767,0.9610204242746767,0.9999436214879621,0.8939586907191469,ok
Sb2Se3,32,-30.0,planar_calibrated,1.6521309314586994,0.5360000000000005,-30.0,0.0,3.6700000000000017,-13.25578785600101,0.8852499102752919,0.8845719776661612,0.8845719776661612,0.9992341907056282,0.8944806113111674,ok
Sb2Se3,32,-30.0,planar_response_to_eim_design,1.6521309314586994,0.8855421792618637,-85.38,-55.379999999999995,14.269999999999996,0.0,0.8189574066641115,0.5410187294879313,0.15121711516511652,0.6606188857753692,0.03895019844143133,ok
GSST,32,-25.0,eim_prediction,0.9794910748195975,7.051878108272863,-25.0,0.0,3.3800000000000026,-10.381707330655669,0.3082008237036806,0.2506072910226115,0.2506072910226115,0.8131298547844168,0.6684715346208934,ok
GSST,32,-25.0,planar_calibrated,0.9794910748195975,4.325224769919588,-25.0,0.0,3.4200000000000017,-12.789358467304003,0.430341218831245,0.3995700725712428,0.3995700725712428,0.9284959355193236,0.7976188528727318,ok
GSST,32,-25.0,planar_response_to_eim_design,0.9794910748195975,4.236519058724884,-24.989999999999995,0.010000000000005116,3.430000000000007,-12.630646238853593,0.4365956906398831,0.40601594108131145,0.40600831822101907,0.9299586546221897,0.800616853817567,ok
Sb2S3,32,-25.0,eim_prediction,2.695111708382328,0.6741806113653767,-25.0,0.0,3.499999999999993,-13.248765713377892,0.8564889750967282,0.8563510620309008,0.8563510620309008,0.9998389785860212,0.8926487145271749,EIM buffer slice below cutoff
Sb2S3,32,-25.0,planar_calibrated,2.695111708382328,1.6036371339151951,-25.0,0.0,3.499999999999993,-13.281635048920021,0.6934706598565941,0.692359844391035,0.692359844391035,0.9983981795772171,0.892537994667879,EIM buffer slice below cutoff
Sb2S3,32,-25.0,planar_response_to_eim_design,2.695111708382328,4.321981215611522,47.22,72.22,4.699999999999989,0.0,0.37835836646342436,0.2744145044831246,0.006395306625104359,0.7252766921691741,0.014611772989014695,EIM buffer slice below cutoff
Sb2Se3,32,-25.0,eim_prediction,1.6521309314586994,0.20222725592384388,-25.0,0.0,3.490000000000002,-13.24218776666304,0.9546074362146897,0.9545551829340043,0.9545551829340043,0.9999452620221643,0.8924718515219271,ok
Sb2Se3,32,-25.0,planar_calibrated,1.6521309314586994,0.6441193140783088,-25.0,0.0,3.499999999999993,-13.266550514099949,0.8634465019452768,0.8628029426482811,0.8628029426482811,0.9992546622222154,0.8928031351018353,ok
Sb2Se3,32,-25.0,planar_response_to_eim_design,1.6521309314586994,1.0641694423387347,-57.47,-32.47,5.920000000000002,0.0,0.7858698511266378,0.5219512335025499,0.15104046496654458,0.6641700693241646,0.11483545133723279,ok
GSST,32,-20.0,eim_prediction,0.9794910748195975,7.057375207027199,-20.0,0.0,3.260000000000005,-9.567836628217757,0.31079395183465564,0.25220381332925473,0.25220381332925473,0.8114823722934891,0.587379311464022,ok
GSST,32,-20.0,planar_calibrated,0.9794910748195975,4.328338448453694,-20.0,0.0,3.299999999999997,-13.238014697259908,0.43203325043838353,0.4004152317089471,0.4004152317089471,0.9268157747179097,0.7458278112465827,ok
GSST,32,-20.0,planar_response_to_eim_design,0.9794910748195975,4.239568879058897,-19.989999999999995,0.010000000000005116,3.299999999999997,-13.19873357753163,0.43825431007037374,0.40683494883129157,0.40681715289343656,0.9283079241501654,0.7507296419045733,ok
Sb2S3,32,-20.0,eim_prediction,2.695111708382328,0.6740406846849647,-20.0,0.0,3.3700000000000045,-13.22954962887093,0.8565279149069039,0.8563842985692922,0.8563842985692922,0.9998323273122659,0.8929056453116763,EIM buffer slice below cutoff
Sb2S3,32,-20.0,planar_calibrated,2.695111708382328,1.6031958435192322,-20.0,0.0,3.3800000000000097,-13.221321388886896,0.6936341775241112,0.6924760409229769,0.6924760409229769,0.9983303351555308,0.8951588328491834,EIM buffer slice below cutoff
Sb2S3,32,-20.0,planar_response_to_eim_design,2.695111708382328,4.320791888698565,77.9,97.9,18.27000000000001,0.0,0.37884419894201404,0.2731031821060806,0.011140293789411542,0.7208852157925791,0.0074986425964957085,EIM buffer slice below cutoff
Sb2Se3,32,-20.0,eim_prediction,1.6521309314586994,0.2021456624087939,-20.0,0.0,3.3700000000000045,-13.230953461775785,0.9546296537923006,0.9545752522776274,0.9545752522776274,0.9999430129637634,0.8921878436906994,ok
Sb2Se3,32,-20.0,planar_calibrated,1.6521309314586994,0.6438183149450414,-20.0,0.0,3.3800000000000097,-13.225268266188781,0.8635598045916281,0.8628892021465069,0.8628892021465069,0.9992234441186869,0.8944148334874241,ok
Sb2Se3,32,-20.0,planar_response_to_eim_design,1.6521309314586994,1.0636721523603214,-42.82,-22.82,4.359999999999999,0.0,0.7860941762020729,0.518117729407085,0.1355689620140506,0.6591038899566888,0.1135286944175393,ok
GSST,32,-15.0,eim_prediction,0.9794910748195975,7.229887686412601,-15.0,0.0,3.1099999999999994,-11.053037062867565,0.30596758648750255,0.24492817477033885,0.24492817477033885,0.800503666359257,0.6280077165346886,ok
GSST,32,-15.0,planar_calibrated,0.9794910748195975,4.426053339150153,-15.0,0.0,3.1899999999999977,-13.02315450345608,0.4253500940045369,0.3926619478497466,0.3926619478497466,0.9231500201468356,0.7736851690382505,ok
GSST,32,-15.0,planar_response_to_eim_design,0.9794910748195975,4.335279742373052,-14.989999999999995,0.010000000000005116,3.190000000000012,-12.976669008728429,0.4315388469036321,0.3990607289630402,0.3990439185556286,0.9247388313389903,0.7762914215064367,ok
Sb2S3,32,-15.0,eim_prediction,2.695111708382328,0.6696494412948073,-15.0,0.0,3.279999999999987,-13.240118663647058,0.8574020836842198,0.8572545388250257,0.8572545388250257,0.9998279163743572,0.8953104492101345,EIM buffer slice below cutoff
Sb2S3,32,-15.0,planar_calibrated,2.695111708382328,1.589347065511294,-15.0,0.0,3.289999999999992,-13.25503820227047,0.6959076093326757,0.6947181434114048,0.6947181434114048,0.9982907703475012,0.8970570366385776,EIM buffer slice below cutoff
Sb2S3,32,-15.0,planar_response_to_eim_design,2.695111708382328,4.283467884942583,-50.54,-35.54,5.080000000000005,0.0,0.3823062993709857,0.27507779641753444,0.007285540314496699,0.7195220085834946,0.014535060723953117,EIM buffer slice below cutoff
Sb2Se3,32,-15.0,eim_prediction,1.6521309314586994,0.19958505722193293,-15.0,0.0,3.279999999999987,-13.237111439330842,0.955195614130042,0.9551397209762181,0.9551397209762181,0.9999414851230501,0.8947544142924532,ok
Sb2Se3,32,-15.0,planar_calibrated,1.6521309314586994,0.6343722218160313,-15.0,0.0,3.289999999999992,-13.248177313368025,0.8654747752664013,0.8647859419796657,0.8647859419796657,0.9992040977895358,0.8964790439672261,ok
Sb2Se3,32,-15.0,planar_response_to_eim_design,1.6521309314586994,1.0480659697204444,-30.83,-15.829999999999998,3.730000000000004,0.0,0.7890065609387154,0.517723650666795,0.1303938319585851,0.6561715406407226,0.15035625121895854,ok
GSST,32,-10.0,eim_prediction,0.9794910748195975,7.172226822504927,-10.0,0.0,3.069999999999993,-9.191658953521785,0.2945536257743013,0.24156937306362047,0.24156937306362047,0.8201201816090377,0.6644262864701289,ok
GSST,32,-10.0,planar_calibrated,0.9794910748195975,4.393392948236551,-10.0,0.0,3.1099999999999994,-11.909320747423752,0.4211809201110438,0.39225936330721073,0.39225936330721073,0.9313322246501387,0.7889725204745105,ok
GSST,32,-10.0,planar_response_to_eim_design,0.9794910748195975,4.30328918097306,-9.980000000000004,0.01999999999999602,3.1099999999999994,-11.660227777029867,0.42754259288652696,0.39881515615001295,0.3987763756471114,0.932808012080007,0.7907849272855064,ok
Sb2S3,32,-10.0,eim_prediction,2.695111708382328,0.6711171779385992,-10.0,0.0,3.219999999999999,-13.256604631693046,0.8570850655406892,0.8569511578313782,0.8569511578313782,0.9998437638051405,0.8951556794149831,EIM buffer slice below cutoff
Sb2S3,32,-10.0,planar_calibrated,2.695111708382328,1.5939759045775934,-10.0,0.0,3.230000000000004,-13.305692367056995,0.6949508859191311,0.6938687890148187,0.6938687890148187,0.9984429160013499,0.8976245416270976,EIM buffer slice below cutoff
Sb2S3,32,-10.0,planar_response_to_eim_design,2.695111708382328,4.295943123306385,-31.089999999999996,-21.089999999999996,3.700000000000003,0.0,0.3804067216814111,0.282389780460886,0.0038934366240060162,0.742336463490217,0.017825363820410625,EIM buffer slice below cutoff
Sb2Se3,32,-10.0,eim_prediction,1.6521309314586994,0.2004409182455927,-10.0,0.0,3.210000000000008,-13.24678925726526,0.9549970085165964,0.9549463046897938,0.9549463046897938,0.9999469068213299,0.8945067626554385,ok
Sb2Se3,32,-10.0,planar_calibrated,1.6521309314586994,0.637529500015913,-10.0,0.0,3.230000000000004,-13.2831863712108,0.8647198048423117,0.8640938442668327,0.8640938442668327,0.9992761116699609,0.8966602666278888,ok
Sb2Se3,32,-10.0,planar_response_to_eim_design,1.6521309314586994,1.0532822066936893,-20.0,-10.0,3.3200000000000074,0.0,0.7877507412250977,0.5414439175683592,0.16467727753552663,0.687328985214681,0.18557165560913882,ok
GSST,32,-5.0,eim_prediction,0.9794910748195975,6.0177743995049635,-5.0,0.0,2.799999999999997,-6.832439490017065,0.3735217577499691,0.3133814694891206,0.3133814694891206,0.838991204627213,0.6512310402773857,ok
GSST,32,-5.0,planar_calibrated,0.9794910748195975,3.7394855165562735,-5.0,0.0,2.930000000000007,-8.865120036934792,0.48743967827862406,0.4559228459247178,0.4559228459247178,0.935342086911745,0.7626309260619815,ok
GSST,32,-5.0,planar_response_to_eim_design,0.9794910748195975,3.6627926878840222,-4.989999999999995,0.010000000000005116,2.9299999999999926,-8.844921408488402,0.4934386054190374,0.4621385984514945,0.46212689630942644,0.9365675757352583,0.7648191822974182,ok
Sb2S3,32,-5.0,eim_prediction,2.695111708382328,0.7005033509842282,-5.0,0.0,3.1899999999999977,-13.502352537771234,0.8513134513846716,0.851176159911049,0.851176159911049,0.9998387298199044,0.8965202689915467,EIM buffer slice below cutoff
Sb2S3,32,-5.0,planar_calibrated,2.695111708382328,1.686651839581318,-5.0,0.0,3.219999999999999,-14.112272277761498,0.6803559244447048,0.6792531321234423,0.6792531321234423,0.998379094997721,0.9044567923702906,EIM buffer slice below cutoff
Sb2S3,32,-5.0,planar_response_to_eim_design,2.695111708382328,4.545715120820203,-14.920000000000002,-9.920000000000002,3.440000000000012,0.0,0.3595615287126356,0.2600779719115762,0.017775001583029075,0.7233197968724641,0.06021174204262269,EIM buffer slice below cutoff
Sb2Se3,32,-5.0,eim_prediction,1.6521309314586994,0.2175764719913243,-5.0,0.0,3.180000000000007,-13.389040901335637,0.9512393896899645,0.9511873444839742,0.9511873444839742,0.9999452869524177,0.8948565270003113,ok
Sb2Se3,32,-5.0,planar_calibrated,1.6521309314586994,0.700742695603384,-5.0,0.0,3.200000000000003,-13.823171203540795,0.8522665655067457,0.8516268405464538,0.8516268405464538,0.9992493839531161,0.9009021000742942,ok
Sb2Se3,32,-5.0,planar_response_to_eim_design,1.6521309314586994,1.1577186824000987,-9.810000000000002,-4.810000000000002,3.280000000000001,0.0,0.7691483457441652,0.5136564617425557,0.15212110214040955,0.6678249580652529,0.29343443334999425,ok
GSST,32,0.0,eim_prediction,0.9794910748195975,0.074,0.0,0.0,3.1599999999999966,-13.232887281799634,0.9831052152817693,0.9831052152817696,0.9831052152817696,1.0000000000000004,0.894713030364362,ok
GSST,32,0.0,planar_calibrated,0.9794910748195975,0.3728,0.0,0.0,3.1599999999999966,-13.232887281799632,0.917740716398499,0.917740716398499,0.917740716398499,1.0,0.8947130303643619,ok
GSST,32,0.0,planar_response_to_eim_design,0.9794910748195975,0.365154272692746,0.0,0.0,3.1599999999999966,-13.232887281799638,0.9193578162437263,0.9193578162437267,0.9193578162437267,1.0000000000000004,0.8947130303643619,ok
Sb2S3,32,0.0,eim_prediction,2.695111708382328,0.8518,0.0,0.0,3.1599999999999966,-13.23288728179963,0.8219019295000061,0.8219019295000056,0.8219019295000056,0.9999999999999994,0.8947130303643621,EIM buffer slice below cutoff
Sb2S3,32,0.0,planar_calibrated,2.695111708382328,2.1638,0.0,0.0,3.1599999999999966,-13.23288728179963,0.6076031266194974,0.6076031266194971,0.6076031266194971,0.9999999999999994,0.8947130303643621,EIM buffer slice below cutoff
Sb2S3,32,0.0,planar_response_to_eim_design,2.695111708382328,5.831682714597682,0.0,0.0,3.1599999999999966,-13.232887281799632,0.26111494440958116,0.26111494440958116,0.26111494440958116,1.0,0.894713030364362,EIM buffer slice below cutoff
Sb2Se3,32,0.0,eim_prediction,1.6521309314586994,0.3058,0.0,0.0,3.1599999999999966,-13.232887281799632,0.9320087721676809,0.9320087721676809,0.9320087721676809,1.0,0.894713030364362,ok
Sb2Se3,32,0.0,planar_calibrated,1.6521309314586994,1.0262,0.0,0.0,3.1599999999999966,-13.232887281799632,0.7895506583479369,0.7895506583479369,0.7895506583479369,1.0,0.894713030364362,ok
Sb2Se3,32,0.0,planar_response_to_eim_design,1.6521309314586994,1.6954167618629172,0.0,0.0,3.1599999999999966,-13.232887281799638,0.6767968423714809,0.6767968423714814,0.6767968423714814,1.0000000000000009,0.894713030364362,ok
GSST,32,5.0,eim_prediction,0.9794910748195975,8.736844350495037,5.0,0.0,3.5600000000000023,-13.307594014475072,0.230609645816521,0.17637133462697246,0.17637133462697246,0.7648046724259664,0.719076772906609,ok
GSST,32,5.0,planar_calibrated,0.9794910748195975,5.279626983443727,5.0,0.0,3.4000000000000057,-16.950608850044503,0.35416762490398923,0.32368202498545123,0.32368202498545123,0.9139232448849545,0.8502420286791854,ok
GSST,32,5.0,planar_response_to_eim_design,0.9794910748195975,5.171347508659846,5.0,0.0,3.4000000000000057,-16.909280226805,0.36048983289221453,0.3301451803776175,0.3301451803776175,0.9158238326136925,0.8509488821344148,ok
Sb2S3,32,5.0,eim_prediction,2.695111708382328,0.6312903990157719,5.0,0.0,3.1700000000000017,-12.978302758059762,0.8650062816002573,0.8648588890457457,0.8648588890457457,0.9998296052206247,0.8900018385148819,EIM buffer slice below cutoff
Sb2S3,32,5.0,planar_calibrated,2.695111708382328,1.4683731604186823,5.0,0.0,3.1499999999999915,-12.452631766375644,0.7155252577249935,0.7143293912162341,0.7143293912162341,0.9983286872184475,0.8835766045916809,EIM buffer slice below cutoff
Sb2S3,32,5.0,planar_response_to_eim_design,2.695111708382328,3.9574296969187532,15.159999999999997,10.159999999999997,3.200000000000003,0.0,0.41174412081549616,0.29804287829058207,0.021883489374650233,0.7238546058660933,0.05501663389963562,EIM buffer slice below cutoff
Sb2Se3,32,5.0,eim_prediction,1.6521309314586994,0.1772172780086757,5.0,0.0,3.1700000000000017,-13.083602202509375,0.9601272133723819,0.9600714470680648,0.9600714470680648,0.9999419177963706,0.8910691350269242,ok
Sb2Se3,32,5.0,planar_calibrated,1.6521309314586994,0.551857304396616,5.0,0.0,3.1599999999999966,-12.693571892702915,0.8820584983083668,0.8813680179274189,0.8813680179274189,0.9992171943445111,0.8867542563785806,ok
Sb2Se3,32,5.0,planar_response_to_eim_design,1.6521309314586994,0.9117405223450683,10.030000000000001,5.030000000000001,3.210000000000008,0.0,0.8141038363873787,0.5312132972951691,0.1609520050156584,0.6525129517291691,0.24502623031140092,ok
GSST,32,10.0,eim_prediction,0.9794910748195975,7.582391927495074,10.0,0.0,3.25,-11.834564622796977,0.27855435905309106,0.2226091022322499,0.2226091022322499,0.7991585663530102,0.6870346506774517,ok
GSST,32,10.0,planar_calibrated,0.9794910748195975,4.625719551763448,10.0,0.0,3.240000000000009,-13.627653544789878,0.4027977842725578,0.3728567223650691,0.3728567223650691,0.9256672626400827,0.8154911449559294,ok
GSST,32,10.0,planar_response_to_eim_design,0.9794910748195975,4.530851015570807,10.0,0.0,3.240000000000009,-13.533767332615607,0.40913547516784843,0.37937068903664106,0.37937068903664106,0.9272495592835202,0.8166631001796604,ok
Sb2S3,32,10.0,eim_prediction,2.695111708382328,0.660676572061401,10.0,0.0,3.2099999999999937,-13.216294143503678,0.8591502326845152,0.8590150482493084,0.8590150482493084,0.9998426533217778,0.8933328649005697,EIM buffer slice below cutoff
Sb2S3,32,10.0,planar_calibrated,2.695111708382328,1.5610490954224066,10.0,0.0,3.2099999999999937,-13.181297450552414,0.7002468224285952,0.6991569978892862,0.6991569978892862,0.9984436565730792,0.891829193355607,EIM buffer slice below cutoff
Sb2S3,32,10.0,planar_response_to_eim_design,2.695111708382328,4.2072016944325705,31.28,21.28,3.6700000000000017,0.0,0.388178624163471,0.28588708318960554,0.005464038049309911,0.7364833233815881,0.01569541672562972,EIM buffer slice below cutoff
Sb2Se3,32,10.0,eim_prediction,1.6521309314586994,0.19435283175440732,10.0,0.0,3.2099999999999937,-13.223182157972222,0.9563376350213912,0.9562864243843315,0.9562864243843315,0.9999464513000593,0.8934461469322982,ok
Sb2Se3,32,10.0,planar_calibrated,1.6521309314586994,0.615070499984087,10.0,0.0,3.2099999999999937,-13.197454719463854,0.8692101907412287,0.8685790611553917,0.8685790611553917,0.999273904525557,0.892719656402642,ok
Sb2Se3,32,10.0,planar_response_to_eim_design,1.6521309314586994,1.0161769980514777,20.210000000000008,10.210000000000008,3.3500000000000085,0.0,0.7945171182694272,0.5348142688280965,0.1676278829043419,0.673131209549014,0.172934168165762,ok
GSST,32,15.0,eim_prediction,0.9794910748195975,7.524731063587399,15.0,0.0,3.25,-11.02207342150743,0.28764522687942806,0.2294454797171427,0.2294454797171427,0.797668302048061,0.6657690689308517,ok
GSST,32,15.0,planar_calibrated,0.9794910748195975,4.5930591608498474,15.0,0.0,3.269999999999996,-13.252505058093975,0.4100062237915405,0.3781269141111945,0.3781269141111945,0.9222467664379786,0.8032931542994343,ok
GSST,32,15.0,planar_response_to_eim_design,0.9794910748195975,4.498860454170815,15.0,0.0,3.269999999999996,-13.168450797439124,0.4162674147258091,0.3845567981915777,0.3845567981915777,0.9238215257489735,0.8045635549864661,ok
Sb2S3,32,15.0,eim_prediction,2.695111708382328,0.6621443087051928,15.0,0.0,3.269999999999996,-13.23293492139805,0.8588870611796047,0.8587382716559023,0.8587382716559023,0.9998267647395945,0.8936525854318932,EIM buffer slice below cutoff
Sb2S3,32,15.0,planar_calibrated,2.695111708382328,1.5656779344887062,15.0,0.0,3.269999999999996,-13.233363788262606,0.6997260676533779,0.6985226940404814,0.6985226940404814,0.9982802218346215,0.8918140536584772,EIM buffer slice below cutoff
Sb2S3,32,15.0,planar_response_to_eim_design,2.695111708382328,4.2196769327963715,50.870000000000005,35.870000000000005,5.099999999999994,0.0,0.3880169172893805,0.274467367386079,0.007031052526523355,0.7073592803722603,0.013291432250477478,EIM buffer slice below cutoff
Sb2Se3,32,15.0,eim_prediction,1.6521309314586994,0.1952086927780671,15.0,0.0,3.269999999999996,-13.23290320980953,0.9561594106452214,0.956103081032192,0.956103081032192,0.9999410876341306,0.8937885539654323,ok
Sb2Se3,32,15.0,planar_calibrated,1.6521309314586994,0.6182277781839687,15.0,0.0,3.269999999999996,-13.233109034571697,0.8687071900546884,0.8680113493823073,0.8680113493823073,0.9991989928478233,0.8929061032136398,ok
Sb2Se3,32,15.0,planar_response_to_eim_design,1.6521309314586994,1.0213932350247223,31.11,16.11,3.769999999999996,0.0,0.793889211796396,0.5090031300593677,0.12999656092960793,0.6411513376124686,0.13967765565552984,ok
GSST,32,20.0,eim_prediction,0.9794910748195975,7.6972435429728,20.0,0.0,3.299999999999997,-12.282648893402115,0.27747918671737304,0.2203192091249005,0.2203192091249005,0.7940026483835239,0.6327927968724453,ok
GSST,32,20.0,planar_calibrated,0.9794910748195975,4.690774051546306,20.0,0.0,3.3400000000000034,-12.946507043497846,0.4007799060847036,0.36941329519236304,0.36941329519236304,0.9217360690590328,0.78985169301889,ok
GSST,32,20.0,planar_response_to_eim_design,0.9794910748195975,4.59457131748497,20.0,0.0,3.3400000000000034,-12.850177595761883,0.40707265068687853,0.37587148261497155,0.37587148261497155,0.9233523352176587,0.7927484492170097,ok
Sb2S3,32,20.0,eim_prediction,2.695111708382328,0.6577530653150353,20.0,0.0,3.3699999999999903,-13.243333975755803,0.8597501720518761,0.8596041773260998,0.8596041773260998,0.9998301893613725,0.8904386723724458,EIM buffer slice below cutoff
Sb2S3,32,20.0,planar_calibrated,2.695111708382328,1.551829156480768,20.0,0.0,3.3699999999999903,-13.26520787871109,0.7019098238409409,0.7007297502768486,0.7007297502768486,0.9983187675624273,0.8875370395116694,EIM buffer slice below cutoff
Sb2S3,32,20.0,planar_response_to_eim_design,2.695111708382328,4.182352929040389,-76.98,-96.98,18.810000000000002,0.0,0.39111752173645953,0.27949843879310304,0.011813570214136107,0.7146149769823736,0.007263776360790006,EIM buffer slice below cutoff
Sb2Se3,32,20.0,eim_prediction,1.6521309314586994,0.1926480875912061,20.0,0.0,3.3699999999999903,-13.239002177554573,0.9567211860091811,0.9566659085267816,0.9566659085267816,0.9999422219522177,0.8907448420923609,ok
Sb2Se3,32,20.0,planar_calibrated,1.6521309314586994,0.6087816850549587,20.0,0.0,3.3699999999999903,-13.255129771902087,0.8705703823284332,0.869887822338303,0.869887822338303,0.999215962311623,0.8891611070487687,ok
Sb2Se3,32,20.0,planar_response_to_eim_design,1.6521309314586994,1.0057870523848456,43.129999999999995,23.129999999999995,4.409999999999997,0.0,0.7966723764532757,0.5158440644780053,0.13749716484920405,0.6474983691219515,0.11247863769045106,ok
GSST,32,25.0,eim_prediction,0.9794910748195975,7.702740641727137,25.0,0.0,3.450000000000003,-11.68155243444678,0.27209516612288753,0.21775897297883154,0.21775897297883154,0.8003044525990737,0.6301954136541034,ok
GSST,32,25.0,planar_calibrated,0.9794910748195975,4.693887730080412,25.0,0.0,3.469999999999999,-13.438586370367469,0.39784690660626865,0.3679062470578341,0.3679062470578341,0.9247432641770783,0.7792108649390318,ok
GSST,32,25.0,planar_response_to_eim_design,0.9794910748195975,4.597621137818983,25.010000000000005,0.010000000000005116,3.469999999999999,-13.43108101720567,0.404203718661476,0.37442325534225246,0.374416754992427,0.9263231337459196,0.7816419926392906,ok
Sb2S3,32,25.0,eim_prediction,2.695111708382328,0.6576131386346235,25.0,0.0,3.490000000000009,-13.224138575262943,0.8597667474137184,0.8596262915649562,0.8596262915649562,0.9998366349371097,0.892888330063865,EIM buffer slice below cutoff
Sb2S3,32,25.0,planar_calibrated,2.695111708382328,1.551387866084805,25.0,0.0,3.5,-13.205475265026461,0.7018923393701595,0.7007560547106428,0.7007560547106428,0.9983811126069045,0.8931098655994714,EIM buffer slice below cutoff
Sb2S3,32,25.0,planar_response_to_eim_design,2.695111708382328,4.181163602127434,-46.96,-71.96000000000001,4.659999999999997,0.0,0.3908838117861013,0.28321349008900704,0.006563940807180748,0.7245464804359475,0.015469239774547009,EIM buffer slice below cutoff
Sb2Se3,32,25.0,eim_prediction,1.6521309314586994,0.19256649407615614,25.0,0.0,3.490000000000009,-13.227784177222212,0.9567349382787592,0.9566817667171905,0.9566817667171905,0.9999444239366189,0.8926182963136415,ok
Sb2Se3,32,25.0,planar_calibrated,1.6521309314586994,0.6084806859216912,25.0,0.0,3.5,-13.214146711266244,0.8705790495899499,0.8699220836057021,0.8699220836057021,0.9992453689477627,0.8932509511989257,ok
Sb2Se3,32,25.0,planar_response_to_eim_design,1.6521309314586994,1.005289762406432,57.870000000000005,32.870000000000005,6.0,0.0,0.796636040106983,0.5262200908288963,0.15177822850570524,0.6605527045427526,0.10729625841355948,ok
GSST,32,30.0,eim_prediction,0.9794910748195975,5.728175000000009,30.0,0.0,3.6500000000000057,-10.254419501305552,0.41045700002611674,0.3363712343006735,0.3363712343006735,0.8195041972222931,0.528569969426136,ok
GSST,32,30.0,planar_calibrated,0.9794910748195975,3.575450000000006,30.0,0.0,3.6500000000000057,-13.315680438788974,0.508091648106075,0.47313012194930604,0.47313012194930604,0.9311905120127659,0.7245955893640975,ok
GSST,32,30.0,planar_response_to_eim_design,0.9794910748195975,3.5021213634637354,30.0,0.0,3.660000000000011,-13.275697925511981,0.5137779623228372,0.47914496229826387,0.47914496229826387,0.9325915034035435,0.7302083678970934,ok
Sb2S3,32,30.0,eim_prediction,2.695111708382328,0.7078749999999998,30.0,0.0,3.660000000000011,-13.228972178811569,0.8498552891392455,0.8497256814791754,0.8497256814791754,0.9998474944361394,0.8928796099497249,EIM buffer slice below cutoff
Sb2S3,32,30.0,planar_calibrated,2.695111708382328,1.7098999999999993,30.0,0.0,3.660000000000011,-13.220529715810116,0.6765919813473344,0.6755675218676359,0.6755675218676359,0.998485853353363,0.8891666853489794,EIM buffer slice below cutoff
Sb2S3,32,30.0,planar_response_to_eim_design,2.695111708382328,4.608371510162941,-29.979999999999997,-59.98,3.6599999999999966,0.0,0.3537423968246281,0.2607556503383216,0.016113470122423725,0.7371342894688256,0.02246996174910906,EIM buffer slice below cutoff
Sb2Se3,32,30.0,eim_prediction,1.6521309314586994,0.22187499999999988,30.0,0.0,3.6500000000000057,-13.230605840710876,0.950293041258484,0.9502437567989385,0.9502437567989385,0.9999481376192334,0.8931438328473902,ok
Sb2Se3,32,30.0,planar_calibrated,1.6521309314586994,0.7165999999999995,30.0,0.0,3.660000000000011,-13.224459906966073,0.849088347844106,0.8484895814862913,0.8484895814862913,0.9992948126548491,0.8913818267518199,ok
Sb2Se3,32,30.0,planar_response_to_eim_design,1.6521309314586994,1.1839170254833031,-88.34,-118.34,13.599999999999994,0.0,0.7643288535434325,0.5167085821072731,0.15718846768374803,0.676029145977951,0.039271640221730075,ok
GSST,32,35.0,eim_prediction,0.9794910748195975,7.967720111893037,35.0,0.0,3.660000000000011,-11.141044906097644,0.2580171467438523,0.2063613820940109,0.2063613820940109,0.7997971634764146,0.6540987963293301,ok
GSST,32,35.0,planar_calibrated,0.9794910748195975,4.843977973153331,35.0,0.0,3.75,-12.987107924302848,0.38600492280916837,0.35642125445844036,0.35642125445844036,0.9233593495766025,0.7875627402671752,ok
GSST,32,35.0,planar_response_to_eim_design,0.9794910748195975,4.744633191326412,35.0,0.0,3.75,-12.931550035552679,0.39240181098202376,0.3629390763571925,0.3629390763571925,0.924916924947166,0.7900070919188765,ok
Sb2S3,32,35.0,eim_prediction,2.695111708382328,0.6508681811043688,35.0,0.0,3.8700000000000045,-13.240022298500435,0.8611153564871177,0.8609684957799429,0.8609684957799429,0.9998294529228072,0.8923303048402879,EIM buffer slice below cutoff
Sb2S3,32,35.0,planar_calibrated,2.695111708382328,1.5301161188346222,35.0,0.0,3.8800000000000097,-13.254391129190314,0.705441740849205,0.704247141010816,0.704247141010816,0.9983065932036416,0.8936182046665595,EIM buffer slice below cutoff
Sb2S3,32,35.0,planar_response_to_eim_design,2.695111708382328,4.123833867055716,-16.189999999999998,-51.19,3.3599999999999994,0.0,0.3965262437258978,0.2819569934955103,0.0067758514987269,0.7110676732166447,0.02357871655775217,EIM buffer slice below cutoff
Sb2Se3,32,35.0,eim_prediction,1.6521309314586994,0.18863340002907178,35.0,0.0,3.8700000000000045,-13.237102593760952,0.9576063929841294,0.9575508552301609,0.9575508552301609,0.9999420035680887,0.891894076215804,ok
Sb2Se3,32,35.0,planar_calibrated,1.6521309314586994,0.5939714703485328,35.0,0.0,3.8800000000000097,-13.247863577229818,0.8735510023508765,0.8728620753068373,0.8728620753068373,0.9992113488025484,0.8932200763346748,ok
Sb2Se3,32,35.0,planar_response_to_eim_design,1.6521309314586994,0.9813186385668149,-58.46,-93.46000000000001,6.200000000000003,0.0,0.8011947545704268,0.5172804280656953,0.1366975145771276,0.6456363139110207,0.11858951987953517,ok
GSST,32,40.0,eim_prediction,0.9794910748195975,6.947909084679315,40.0,0.0,3.839999999999975,-10.750640336815856,0.3243564172511081,0.26055751362630053,0.26055751362630053,0.8033061773048993,0.6738787449501505,ok
GSST,32,40.0,planar_calibrated,0.9794910748195975,4.266334411306373,40.0,0.0,3.9599999999999795,-12.04267068711929,0.4404026710444767,0.4069971585036472,0.4069971585036472,0.9241477976016729,0.7924128944092295,ok
GSST,32,40.0,planar_response_to_eim_design,0.9794910748195975,4.178836478070313,40.00999999999999,0.009999999999990905,3.969999999999999,-11.957442734752497,0.4465119367526136,0.4133281036423935,0.4133243255999983,0.9256820918348587,0.7942799913129486,ok
Sb2S3,32,40.0,eim_prediction,2.695111708382328,0.6768271056321267,40.0,0.0,4.139999999999986,-13.279077950604712,0.8559835014580273,0.8558375433871589,0.8558375433871589,0.9998294849484601,0.8893652738984498,EIM buffer slice below cutoff
Sb2S3,32,40.0,planar_calibrated,2.695111708382328,1.6119834514255502,40.0,0.0,4.160000000000011,-13.375587986820598,0.6922688430299643,0.6910957711971791,0.6910957711971791,0.9983054678184695,0.8915836989232453,EIM buffer slice below cutoff
Sb2S3,32,40.0,planar_response_to_eim_design,2.695111708382328,4.344475473655556,-3.989999999999995,-43.989999999999995,3.269999999999996,0.0,0.37689890659392755,0.2684558363679827,0.0070584392919771375,0.7122754448773664,0.05357756364093029,EIM buffer slice below cutoff
Sb2Se3,32,40.0,eim_prediction,1.6521309314586994,0.203770469620818,40.0,0.0,4.139999999999986,-13.259918367282545,0.9542744760757949,0.9542191512354505,0.9542191512354505,0.9999420241851465,0.8887860024682925,ok
Sb2Se3,32,40.0,planar_calibrated,1.6521309314586994,0.6498122418183527,40.0,0.0,4.150000000000006,-13.331164778281611,0.8623909266179655,0.8617106168158353,0.8617106168158353,0.999211135250694,0.8907125887014848,ok
Sb2Se3,32,40.0,planar_response_to_eim_design,1.6521309314586994,1.0735749043486207,-45.42,-85.42,4.630000000000003,0.0,0.7843558330633316,0.5077418905610193,0.13244695573302048,0.6473361568282268,0.16411821815875224,ok
GSST,32,45.0,eim_prediction,0.9794910748195975,7.442105403347416,45.0,0.0,4.260000000000019,-11.10907500917045,0.29031428668813,0.2327165338445903,0.2327165338445903,0.8016020723588638,0.688716301213366,ok
GSST,32,45.0,planar_calibrated,0.9794910748195975,4.546258156146671,45.0,0.0,4.349999999999994,-12.987846540523538,0.4131490053377996,0.3816433498010605,0.3816433498010605,0.9237426324892654,0.8014728571293117,ok
GSST,32,45.0,planar_response_to_eim_design,0.9794910748195975,4.453019287771465,45.0,0.0,4.359999999999985,-12.871892671853631,0.4194199311010063,0.3880827036148243,0.3880827036148243,0.9252843626102374,0.8021766643527318,ok
Sb2S3,32,45.0,eim_prediction,2.695111708382328,0.6642475153003264,45.0,0.0,4.489999999999981,-13.239985021865298,0.85846631432855,0.8583200404701692,0.8583200404701692,0.9998296102526804,0.8859738124131936,EIM buffer slice below cutoff
Sb2S3,32,45.0,planar_calibrated,2.695111708382328,1.5723108715985283,45.0,0.0,4.5,-13.253959397686266,0.6986191580870983,0.69743693188103,0.69743693188103,0.9983077672686426,0.8871761276624914,EIM buffer slice below cutoff
Sb2S3,32,45.0,planar_response_to_eim_design,2.695111708382328,4.237553439262017,6.909999999999997,-38.09,3.259999999999991,0.0,0.38627333753749027,0.2748176141738582,0.0076251033274022635,0.7114589267947736,0.029126357809687545,EIM buffer slice below cutoff
Sb2Se3,32,45.0,eim_prediction,1.6521309314586994,0.19643510662900746,45.0,0.0,4.489999999999981,-13.237083117452748,0.9558875740424082,0.9558321897587979,0.9558321897587979,0.9999420598351582,0.8855980673327293,ok
Sb2Se3,32,45.0,planar_calibrated,1.6521309314586994,0.622752028744006,45.0,0.0,4.489999999999981,-13.247679332550428,0.8677799470963431,0.8670961164573581,0.8670961164573581,0.9992119769058122,0.8867704551797645,ok
Sb2Se3,32,45.0,planar_response_to_eim_design,1.6521309314586994,1.0288678893166292,-35.949999999999996,-80.94999999999999,3.969999999999999,0.0,0.7924679659027556,0.5120163397786205,0.13394480373519038,0.6461035168725677,0.18349565960161743,ok
GSST,32,50.0,eim_prediction,0.9794910748195975,7.151603240440219,50.0,0.0,4.780000000000001,-10.639317803165635,0.30669664526814905,0.24733404548824556,0.24733404548824556,0.8064452262658368,0.732490511416796,ok
GSST,32,50.0,planar_calibrated,0.9794910748195975,4.381711294396772,50.0,0.0,4.839999999999975,-13.299929223485805,0.42745321711637896,0.395643552103841,0.395643552103841,0.9255832831786188,0.8253584835671229,ok
GSST,32,50.0,planar_response_to_eim_design,0.9794910748195975,4.291847105297864,50.00999999999999,0.009999999999990905,4.849999999999994,-13.292376621214375,0.4336732599843475,0.40205271683499466,0.40205169673074803,0.9270867123546097,0.8260252957283877,ok
Sb2S3,32,50.0,eim_prediction,2.695111708382328,0.6716421438352441,50.0,0.0,4.939999999999998,-13.22813324829459,0.8569999015775944,0.8568568482328959,0.8568568482328959,0.9998330765914497,0.8839455037235185,EIM buffer slice below cutoff
Sb2S3,32,50.0,planar_calibrated,2.695111708382328,1.595631503121885,50.0,0.0,4.949999999999989,-13.217438331202594,0.6948305353963632,0.6936779871268126,0.6936779871268126,0.9983412527071898,0.8835115428170542,EIM buffer slice below cutoff
Sb2S3,32,50.0,planar_response_to_eim_design,2.695111708382328,4.300405146327486,17.39,-32.61,3.3599999999999994,0.0,0.38054464854850134,0.27230883692700153,0.008288344491770697,0.7155765767976503,0.03114370349797645,EIM buffer slice below cutoff
Sb2Se3,32,50.0,eim_prediction,1.6521309314586994,0.2007470343677114,50.0,0.0,4.939999999999998,-13.230139507838793,0.9549367162342484,0.9548825184084183,0.9548825184084183,0.9999432445889778,0.8839069101997906,ok
Sb2Se3,32,50.0,planar_calibrated,1.6521309314586994,0.6386587648524689,50.0,0.0,4.949999999999989,-13.22249558767183,0.8645797877304086,0.8639121391028018,0.8639121391028018,0.9992277767337595,0.8838453966490917,ok
Sb2Se3,32,50.0,planar_response_to_eim_design,1.6521309314586994,1.0551479000599717,-27.85,-77.85,3.6100000000000065,0.0,0.7876192884895994,0.5130465443358998,0.1385790672481411,0.6513890046036812,0.2058470423890375,ok
GSST,32,55.0,eim_prediction,0.9794910748195975,7.542360876300656,55.0,0.0,5.399999999999977,-10.650769155380914,0.28010679758446166,0.22572087203327573,0.22572087203327573,0.8058386086300289,0.7472702206509411,ok
GSST,32,55.0,planar_calibrated,0.9794910748195975,4.603045077395782,55.0,0.0,5.4599999999999795,-14.03736602157954,0.40586897589990845,0.37575868288259556,0.37575868288259556,0.9258127750450716,0.8326855998760972,ok
GSST,32,55.0,planar_response_to_eim_design,0.9794910748195975,4.508641570301451,55.00999999999999,0.009999999999990905,5.469999999999999,-13.98176592448969,0.41221349001798957,0.38225977297366354,0.38225409251101505,0.9273344570964458,0.8329195282033538,ok
Sb2S3,32,55.0,eim_prediction,2.695111708382328,0.6616955481353917,55.0,0.0,5.539999999999992,-13.195345632994485,0.8589623819086232,0.8588202802308026,0.8588202802308026,0.9998345658892479,0.8877492535135368,EIM buffer slice below cutoff
Sb2S3,32,55.0,planar_calibrated,2.695111708382328,1.5642626666573165,55.0,0.0,5.550000000000011,-13.114197693447391,0.6998463879895305,0.6986961645241783,0.6986961645241783,0.9983564629537398,0.8877370744485434,EIM buffer slice below cutoff
Sb2S3,32,55.0,planar_response_to_eim_design,2.695111708382328,4.215862627893497,27.310000000000002,-27.689999999999998,3.5900000000000034,0.0,0.3879378139584206,0.27897939135460936,0.008865457660297268,0.7191343079138723,0.03545138323941527,EIM buffer slice below cutoff
Sb2Se3,32,55.0,eim_prediction,1.6521309314586994,0.19494701321704183,55.0,0.0,5.539999999999992,-13.211005405724794,0.9562119306566286,0.9561581416904175,0.9561581416904175,0.999943747861236,0.8876446693283578,ok
Sb2Se3,32,55.0,planar_calibrated,1.6521309314586994,0.617262440178685,55.0,0.0,5.550000000000011,-13.152010182686988,0.8688377634870551,0.8681729065649659,0.8681729065649659,0.9992347743732722,0.8878578401385142,ok
Sb2Se3,32,55.0,planar_response_to_eim_design,1.6521309314586994,1.0197983702468807,-21.099999999999994,-76.1,3.4099999999999966,0.0,0.7940258960651917,0.5206750382554147,0.14447870658887627,0.6557406261377977,0.23639171234079315,ok
GSST,32,60.0,eim_prediction,0.9794910748195975,7.248064292847187,60.0,0.0,6.099999999999994,-11.862604036790414,0.3022107812866768,0.24237822222666935,0.24237822222666935,0.8020171259103747,0.7370720119161588,ok
GSST,32,60.0,planar_calibrated,0.9794910748195975,4.4363489717752,60.0,0.0,6.219999999999999,-12.936484478104466,0.4227179380433296,0.39082572281308026,0.39082572281308026,0.9245543839992418,0.8236107624753911,ok
GSST,32,60.0,planar_response_to_eim_design,0.9794910748195975,4.345364222638907,60.0,0.0,6.219999999999999,-12.82654216723737,0.4289421180006126,0.39724227520826677,0.39724227520826677,0.9260976214224304,0.8235048985954534,ok
Sb2S3,32,60.0,eim_prediction,2.695111708382328,0.6691867622866233,60.0,0.0,6.3700000000000045,-13.241324577375838,0.8574842156978715,0.8573412839089923,0.8573412839089923,0.9998333126298274,0.8867204027243796,EIM buffer slice below cutoff
Sb2S3,32,60.0,planar_calibrated,2.695111708382328,1.5878879027403048,60.0,0.0,6.389999999999986,-13.25810061263444,0.6960657762306213,0.6949142738651105,0.6949142738651105,0.9983456989197969,0.8880236419642293,EIM buffer slice below cutoff
Sb2S3,32,60.0,planar_response_to_eim_design,2.695111708382328,4.2795352782740546,36.74000000000001,-23.25999999999999,4.009999999999991,0.0,0.38234073522779866,0.2742086644087263,0.005156146222275796,0.7171840171446884,0.0384162340442593,EIM buffer slice below cutoff
Sb2Se3,32,60.0,eim_prediction,1.6521309314586994,0.19931526159391955,60.0,0.0,6.3700000000000045,-13.237861104192328,0.955251476422344,0.9551973237502486,0.9551973237502486,0.9999433105591229,0.8863729852149671,ok
Sb2Se3,32,60.0,planar_calibrated,1.6521309314586994,0.6333769435743519,60.0,0.0,6.389999999999986,-13.250529122974823,0.8656296811928461,0.8649626243953459,0.8649626243953459,0.9992293970366393,0.8875194211150327,ok
Sb2Se3,32,60.0,planar_response_to_eim_design,1.6521309314586994,1.0464216397519581,-15.530000000000001,-75.53,3.3200000000000074,0.0,0.7891960610072203,0.5150046805712628,0.14263771550644078,0.6525687418079384,0.27518316896525746,ok
