lambda_nm,n,k
200.0,1.830528,0.08875121
201.0,1.830224,0.08909941
202.0,1.829917,0.08945248
203.0,1.829607,0.08981052
204.0,1.829294,0.09017362
205.0,1.828977,0.09054189
206.0,1.828657,0.09091544
207.0,1.828334,0.09129438
208.0,1.828007,0.09167883
209.0,1.827677,0.0920689
210.0,1.827343,0.09246471
211.0,1.827005,0.09286638
212.0,1.826665,0.09327405
213.0,1.82632,0.09368784
214.0,1.825972,0.09410789
215.0,1.825619,0.09453433
216.0,1.825263,0.09496732
217.0,1.824904,0.09540698
218.0,1.82454,0.09585348
219.0,1.824172,0.09630697
220.0,1.8238,0.09676761
221.0,1.823424,0.09723557
222.0,1.823044,0.097711
223.0,1.822659,0.0981941
224.0,1.82227,0.09868503
225.0,1.821877,0.09918398
226.0,1.821479,0.09969115
227.0,1.821077,0.1002067
228.0,1.82067,0.1007309
229.0,1.820259,0.1012639
230.0,1.819843,0.101806
231.0,1.819422,0.1023573
232.0,1.818996,0.1029181
233.0,1.818566,0.1034886
234.0,1.81813,0.1040691
235.0,1.817689,0.1046598
236.0,1.817243,0.105261
237.0,1.816792,0.105873
238.0,1.816335,0.106496
239.0,1.815874,0.1071303
240.0,1.815406,0.1077762
241.0,1.814933,0.1084341
242.0,1.814455,0.1091042
243.0,1.813971,0.1097869
244.0,1.813481,0.1104825
245.0,1.812985,0.1111914
246.0,1.812483,0.1119139
247.0,1.811976,0.1126504
248.0,1.811462,0.1134013
249.0,1.810942,0.114167
250.0,1.810416,0.114948
251.0,1.809883,0.1157446
252.0,1.809344,0.1165574
253.0,1.808799,0.1173867
254.0,1.808247,0.1182332
255.0,1.807688,0.1190972
256.0,1.807123,0.1199793
257.0,1.80655,0.12088
258.0,1.805971,0.1217999
259.0,1.805385,0.1227397
260.0,1.804793,0.1236999
261.0,1.804193,0.124681
262.0,1.803585,0.1256839
263.0,1.802971,0.1267092
264.0,1.80235,0.1277576
265.0,1.801721,0.1288298
266.0,1.801085,0.1299266
267.0,1.800441,0.1310488
268.0,1.79979,0.1321972
269.0,1.799132,0.1333728
270.0,1.798466,0.1345764
271.0,1.797793,0.135809
272.0,1.797112,0.1370715
273.0,1.796424,0.1383649
274.0,1.795729,0.1396905
275.0,1.795026,0.1410492
276.0,1.794316,0.1424422
277.0,1.793599,0.1438708
278.0,1.792875,0.1453362
279.0,1.792144,0.1468398
280.0,1.791406,0.148383
281.0,1.790661,0.1499671
282.0,1.78991,0.1515938
283.0,1.789152,0.1532646
284.0,1.788388,0.1549811
285.0,1.787619,0.1567452
286.0,1.786845,0.1585586
287.0,1.786065,0.1604232
288.0,1.785281,0.162341
289.0,1.784493,0.1643142
290.0,1.783701,0.1663449
291.0,1.782906,0.1684354
292.0,1.782109,0.1705881
293.0,1.781311,0.1728055
294.0,1.780512,0.1750903
295.0,1.779714,0.1774452
296.0,1.778917,0.1798731
297.0,1.778122,0.1823771
298.0,1.777332,0.1849604
299.0,1.776546,0.1876262
300.0,1.775768,0.1903782
301.0,1.774999,0.1932199
302.0,1.77424,0.1961553
303.0,1.773495,0.1991884
304.0,1.772765,0.2023233
305.0,1.772053,0.2055645
306.0,1.771362,0.2089166
307.0,1.770696,0.2123845
308.0,1.770057,0.2159732
309.0,1.769451,0.219688
310.0,1.768882,0.2235343
311.0,1.768353,0.2275179
312.0,1.767872,0.2316448
313.0,1.767444,0.2359211
314.0,1.767076,0.2403532
315.0,1.766774,0.2449477
316.0,1.766548,0.2497114
317.0,1.766406,0.2546512
318.0,1.766358,0.2597743
319.0,1.766415,0.2650879
320.0,1.766589,0.2705993
321.0,1.766894,0.2763158
322.0,1.767343,0.2822447
323.0,1.767954,0.2883929
324.0,1.768744,0.2947675
325.0,1.769733,0.3013747
326.0,1.770942,0.3082206
327.0,1.772395,0.3153102
328.0,1.774117,0.3226477
329.0,1.776138,0.3302361
330.0,1.778487,0.3380767
331.0,1.781198,0.3461688
332.0,1.784308,0.3545095
333.0,1.787855,0.3630929
334.0,1.791882,0.3719095
335.0,1.796433,0.3809459
336.0,1.801557,0.3901834
337.0,1.807304,0.399598
338.0,1.813725,0.4091587
339.0,1.820875,0.4188271
340.0,1.828809,0.4285561
341.0,1.837581,0.4382889
342.0,1.847244,0.4479582
343.0,1.857848,0.4574851
344.0,1.869439,0.4667785
345.0,1.882052,0.4757347
346.0,1.895714,0.4842374
347.0,1.910441,0.492158
348.0,1.926227,0.4993571
349.0,1.943052,0.5056861
350.0,1.960868,0.5109908
351.0,1.979605,0.5151143
352.0,1.999162,0.5179026
353.0,2.019411,0.5192101
354.0,2.040194,0.5189058
355.0,2.061325,0.5168802
356.0,2.082596,0.5130516
357.0,2.103779,0.5073719
358.0,2.124635,0.4998315
359.0,2.144921,0.4904619
360.0,2.164399,0.4793368
361.0,2.182847,0.4665702
362.0,2.200064,0.4523126
363.0,2.21588,0.4367456
364.0,2.230161,0.4200739
365.0,2.24281,0.4025174
366.0,2.253771,0.3843022
367.0,2.263027,0.3656528
368.0,2.270594,0.3467842
369.0,2.276521,0.3278965
370.0,2.280885,0.30917
371.0,2.283781,0.2907621
372.0,2.285318,0.2728063
373.0,2.285617,0.2554116
374.0,2.284803,0.2386635
375.0,2.282999,0.2226257
376.0,2.280329,0.2073418
377.0,2.27691,0.1928385
378.0,2.272851,0.1791272
379.0,2.268256,0.1662072
380.0,2.263217,0.1540675
381.0,2.257818,0.1426895
382.0,2.252136,0.1320482
383.0,2.246235,0.1221146
384.0,2.240175,0.1128562
385.0,2.234007,0.1042391
386.0,2.227774,0.09622807
387.0,2.221514,0.08878788
388.0,2.215258,0.08188359
389.0,2.209034,0.07548108
390.0,2.202863,0.06954734
391.0,2.196764,0.06405072
392.0,2.190752,0.05896109
393.0,2.18484,0.0542499
394.0,2.179036,0.04989022
395.0,2.173349,0.04585679
396.0,2.167783,0.04212593
397.0,2.162343,0.03867556
398.0,2.157032,0.0354851
399.0,2.15185,0.03253542
400.0,2.146798,0.02980876
401.0,2.141876,0.02728864
402.0,2.137084,0.02495981
403.0,2.132419,0.02280815
404.0,2.12788,0.02082059
405.0,2.123465,0.01898507
406.0,2.119171,0.01729043
407.0,2.114995,0.01572634
408.0,2.110936,0.01428329
409.0,2.106989,0.01295247
410.0,2.103152,0.01172575
411.0,2.099421,0.01059561
412.0,2.095795,0.009555118
413.0,2.092269,0.008597848
414.0,2.08884,0.007717867
415.0,2.085506,0.006909689
416.0,2.082264,0.006168237
417.0,2.07911,0.005488812
418.0,2.076042,0.004867066
419.0,2.073058,0.004298972
420.0,2.070153,0.003780797
421.0,2.067326,0.003309085
422.0,2.064574,0.002880629
423.0,2.061895,0.002492455
424.0,2.059286,0.002141803
425.0,2.056745,0.00182611
426.0,2.05427,0.001542998
427.0,2.051857,0.001290254
428.0,2.049507,0.001065823
429.0,2.047215,0.0008677933
430.0,2.044981,0.0006943868
431.0,2.042803,0.0005439478
432.0,2.040678,0.0004149348
433.0,2.038605,0.0003059118
434.0,2.036582,0.0002155404
435.0,2.034608,0.0001425728
436.0,2.032681,8.584545e-05
437.0,2.0308,4.427229e-05
438.0,2.028962,1.683977e-05
439.0,2.027167,2.601423e-06
440.0,2.025414,6.731067e-07
441.0,2.0237,1.022863e-05
442.0,2.022026,3.049568e-05
443.0,2.020388,6.075204e-05
444.0,2.018788,0.0001003221
445.0,2.017222,0.0001485738
446.0,2.015691,0.0002049153
447.0,2.014193,0.0002687926
448.0,2.012728,0.0003396867
449.0,2.011293,0.0004171116
450.0,2.009889,0.0005006116
451.0,2.008515,0.0005897597
452.0,2.007169,0.0006841554
453.0,2.00585,0.0007834233
454.0,2.004559,0.0008872111
455.0,2.003294,0.0009951882
456.0,2.002054,0.001107044
457.0,2.000839,0.001222489
458.0,1.999648,0.001341248
459.0,1.99848,0.001463065
460.0,1.997335,0.001587699
461.0,1.996212,0.001714923
462.0,1.995111,0.001844526
463.0,1.99403,0.001976307
464.0,1.99297,0.002110078
465.0,1.99193,0.002245662
466.0,1.990909,0.002382895
467.0,1.989906,0.002521621
468.0,1.988922,0.002661692
469.0,1.987956,0.002802971
470.0,1.987007,0.002945329
471.0,1.986075,0.003088644
472.0,1.98516,0.003232801
473.0,1.98426,0.003377694
474.0,1.983377,0.003523222
475.0,1.982508,0.003669288
476.0,1.981654,0.003815806
477.0,1.980815,0.003962689
478.0,1.97999,0.00410986
479.0,1.979179,0.004257246
480.0,1.978382,0.004404775
481.0,1.977597,0.004552384
482.0,1.976826,0.004700011
483.0,1.976067,0.004847598
484.0,1.97532,0.004995092
485.0,1.974585,0.005142443
486.0,1.973862,0.005289602
487.0,1.97315,0.005436526
488.0,1.97245,0.005583173
489.0,1.97176,0.005729503
490.0,1.971082,0.005875482
491.0,1.970413,0.006021073
492.0,1.969755,0.006166247
493.0,1.969107,0.006310973
494.0,1.968468,0.006455223
495.0,1.967839,0.006598971
496.0,1.96722,0.006742194
497.0,1.966609,0.006884869
498.0,1.966008,0.007026975
499.0,1.965415,0.007168492
500.0,1.964831,0.007309404
501.0,1.964255,0.007449693
502.0,1.963687,0.007589345
503.0,1.963128,0.007728344
504.0,1.962576,0.007866678
505.0,1.962032,0.008004335
506.0,1.961496,0.008141304
507.0,1.960967,0.008277575
508.0,1.960445,0.008413139
509.0,1.95993,0.008547987
510.0,1.959423,0.008682113
511.0,1.958922,0.008815509
512.0,1.958428,0.008948169
513.0,1.95794,0.009080089
514.0,1.957459,0.009211263
515.0,1.956985,0.009341688
516.0,1.956516,0.009471359
517.0,1.956054,0.009600274
518.0,1.955597,0.00972843
519.0,1.955146,0.009855826
520.0,1.954701,0.00998246
521.0,1.954262,0.01010833
522.0,1.953828,0.01023344
523.0,1.9534,0.01035778
524.0,1.952977,0.01048135
525.0,1.952559,0.01060417
526.0,1.952147,0.01072621
527.0,1.951739,0.0108475
528.0,1.951337,0.01096802
529.0,1.950939,0.01108779
530.0,1.950546,0.01120679
531.0,1.950158,0.01132504
532.0,1.949774,0.01144254
533.0,1.949395,0.01155928
534.0,1.949021,0.01167527
535.0,1.94865,0.01179052
536.0,1.948284,0.01190502
537.0,1.947923,0.01201879
538.0,1.947565,0.01213181
539.0,1.947212,0.0122441
540.0,1.946862,0.01235566
541.0,1.946517,0.01246649
542.0,1.946175,0.01257659
543.0,1.945837,0.01268598
544.0,1.945503,0.01279465
545.0,1.945173,0.01290261
546.0,1.944847,0.01300986
547.0,1.944523,0.0131164
548.0,1.944204,0.01322225
549.0,1.943888,0.0133274
550.0,1.943575,0.01343186
551.0,1.943266,0.01353563
552.0,1.94296,0.01363872
553.0,1.942657,0.01374112
554.0,1.942358,0.01384286
555.0,1.942061,0.01394392
556.0,1.941768,0.01404432
557.0,1.941478,0.01414406
558.0,1.94119,0.01424315
559.0,1.940906,0.01434158
560.0,1.940625,0.01443936
561.0,1.940346,0.0145365
562.0,1.940071,0.01463301
563.0,1.939798,0.01472888
564.0,1.939528,0.01482412
565.0,1.93926,0.01491874
566.0,1.938995,0.01501274
567.0,1.938733,0.01510612
568.0,1.938474,0.0151989
569.0,1.938217,0.01529107
570.0,1.937962,0.01538263
571.0,1.93771,0.0154736
572.0,1.937461,0.01556398
573.0,1.937214,0.01565378
574.0,1.936969,0.01574298
575.0,1.936727,0.01583161
576.0,1.936486,0.01591967
577.0,1.936249,0.01600716
578.0,1.936013,0.01609408
579.0,1.93578,0.01618044
580.0,1.935548,0.01626625
581.0,1.935319,0.0163515
582.0,1.935092,0.01643621
583.0,1.934868,0.01652038
584.0,1.934645,0.016604
585.0,1.934424,0.01668709
586.0,1.934205,0.01676966
587.0,1.933989,0.01685169
588.0,1.933774,0.01693321
589.0,1.933561,0.0170142
590.0,1.93335,0.01709469
591.0,1.933141,0.01717466
592.0,1.932934,0.01725413
593.0,1.932728,0.0173331
594.0,1.932525,0.01741158
595.0,1.932323,0.01748956
596.0,1.932123,0.01756705
597.0,1.931924,0.01764406
598.0,1.931728,0.01772058
599.0,1.931533,0.01779663
600.0,1.93134,0.01787221
601.0,1.931148,0.01794732
602.0,1.930958,0.01802196
603.0,1.93077,0.01809614
604.0,1.930583,0.01816987
605.0,1.930398,0.01824314
606.0,1.930214,0.01831596
607.0,1.930032,0.01838833
608.0,1.929851,0.01846026
609.0,1.929672,0.01853175
610.0,1.929494,0.01860281
611.0,1.929318,0.01867343
612.0,1.929144,0.01874363
613.0,1.92897,0.0188134
614.0,1.928798,0.01888274
615.0,1.928628,0.01895167
616.0,1.928459,0.01902019
617.0,1.928291,0.01908829
618.0,1.928124,0.01915599
619.0,1.927959,0.01922328
620.0,1.927795,0.01929017
621.0,1.927633,0.01935666
622.0,1.927471,0.01942276
623.0,1.927311,0.01948846
624.0,1.927152,0.01955378
625.0,1.926995,0.01961871
626.0,1.926839,0.01968325
627.0,1.926683,0.01974742
628.0,1.926529,0.01981122
629.0,1.926377,0.01987463
630.0,1.926225,0.01993768
631.0,1.926075,0.02000037
632.0,1.925925,0.02006268
633.0,1.925777,0.02012464
634.0,1.92563,0.02018624
635.0,1.925484,0.02024748
636.0,1.925339,0.02030837
637.0,1.925195,0.02036891
638.0,1.925053,0.0204291
639.0,1.924911,0.02048895
640.0,1.92477,0.02054846
641.0,1.924631,0.02060763
642.0,1.924492,0.02066646
643.0,1.924354,0.02072496
644.0,1.924218,0.02078312
645.0,1.924082,0.02084096
646.0,1.923948,0.02089848
647.0,1.923814,0.02095567
648.0,1.923681,0.02101253
649.0,1.923549,0.02106909
650.0,1.923419,0.02112532
651.0,1.923289,0.02118125
652.0,1.92316,0.02123686
653.0,1.923031,0.02129216
654.0,1.922904,0.02134716
655.0,1.922778,0.02140186
656.0,1.922652,0.02145625
657.0,1.922528,0.02151034
658.0,1.922404,0.02156414
659.0,1.922281,0.02161765
660.0,1.922159,0.02167086
661.0,1.922038,0.02172378
662.0,1.921918,0.02177642
663.0,1.921798,0.02182877
664.0,1.921679,0.02188084
665.0,1.921561,0.02193263
666.0,1.921444,0.02198413
667.0,1.921328,0.02203537
668.0,1.921212,0.02208632
669.0,1.921098,0.02213701
670.0,1.920983,0.02218742
671.0,1.92087,0.02223757
672.0,1.920758,0.02228745
673.0,1.920646,0.02233707
674.0,1.920535,0.02238642
675.0,1.920424,0.02243551
676.0,1.920315,0.02248435
677.0,1.920206,0.02253293
678.0,1.920097,0.02258125
679.0,1.91999,0.02262933
680.0,1.919883,0.02267715
681.0,1.919777,0.02272472
682.0,1.919671,0.02277205
683.0,1.919567,0.02281913
684.0,1.919462,0.02286597
685.0,1.919359,0.02291256
686.0,1.919256,0.02295892
687.0,1.919154,0.02300504
688.0,1.919052,0.02305092
689.0,1.918951,0.02309657
690.0,1.918851,0.02314199
691.0,1.918751,0.02318717
692.0,1.918652,0.02323213
693.0,1.918554,0.02327685
694.0,1.918456,0.02332136
695.0,1.918359,0.02336563
696.0,1.918262,0.02340969
697.0,1.918166,0.02345352
698.0,1.918071,0.02349714
699.0,1.917976,0.02354053
700.0,1.917881,0.02358372
701.0,1.917788,0.02362668
702.0,1.917694,0.02366943
703.0,1.917602,0.02371197
704.0,1.91751,0.0237543
705.0,1.917418,0.02379643
706.0,1.917327,0.02383834
707.0,1.917237,0.02388005
708.0,1.917147,0.02392155
709.0,1.917057,0.02396286
710.0,1.916969,0.02400396
711.0,1.91688,0.02404486
712.0,1.916792,0.02408556
713.0,1.916705,0.02412606
714.0,1.916618,0.02416637
715.0,1.916532,0.02420649
716.0,1.916446,0.02424641
717.0,1.916361,0.02428614
718.0,1.916276,0.02432568
719.0,1.916192,0.02436503
720.0,1.916108,0.02440419
721.0,1.916024,0.02444316
722.0,1.915941,0.02448196
723.0,1.915859,0.02452056
724.0,1.915777,0.02455899
725.0,1.915695,0.02459723
726.0,1.915614,0.02463529
727.0,1.915534,0.02467318
728.0,1.915454,0.02471088
729.0,1.915374,0.02474841
730.0,1.915295,0.02478577
731.0,1.915216,0.02482295
732.0,1.915137,0.02485996
733.0,1.915059,0.02489679
734.0,1.914982,0.02493346
735.0,1.914905,0.02496995
736.0,1.914828,0.02500628
737.0,1.914752,0.02504244
738.0,1.914676,0.02507843
739.0,1.9146,0.02511426
740.0,1.914525,0.02514993
741.0,1.914451,0.02518543
742.0,1.914376,0.02522077
743.0,1.914303,0.02525596
744.0,1.914229,0.02529098
745.0,1.914156,0.02532584
746.0,1.914083,0.02536054
747.0,1.914011,0.02539509
748.0,1.913939,0.02542949
749.0,1.913868,0.02546373
750.0,1.913797,0.02549781
751.0,1.913726,0.02553175
752.0,1.913655,0.02556553
753.0,1.913585,0.02559916
754.0,1.913516,0.02563264
755.0,1.913446,0.02566598
756.0,1.913377,0.02569917
757.0,1.913309,0.02573221
758.0,1.91324,0.0257651
759.0,1.913173,0.02579785
760.0,1.913105,0.02583046
761.0,1.913038,0.02586292
762.0,1.912971,0.02589525
763.0,1.912904,0.02592743
764.0,1.912838,0.02595947
765.0,1.912772,0.02599137
766.0,1.912707,0.02602313
767.0,1.912642,0.02605476
768.0,1.912577,0.02608625
769.0,1.912512,0.02611761
770.0,1.912448,0.02614883
771.0,1.912384,0.02617991
772.0,1.912321,0.02621086
773.0,1.912257,0.02624168
774.0,1.912194,0.02627237
775.0,1.912132,0.02630293
776.0,1.912069,0.02633336
777.0,1.912007,0.02636366
778.0,1.911946,0.02639383
779.0,1.911884,0.02642388
780.0,1.911823,0.02645379
781.0,1.911762,0.02648359
782.0,1.911702,0.02651325
783.0,1.911641,0.02654279
784.0,1.911582,0.02657221
785.0,1.911522,0.02660151
786.0,1.911463,0.02663068
787.0,1.911403,0.02665974
788.0,1.911345,0.02668867
789.0,1.911286,0.02671748
790.0,1.911228,0.02674618
791.0,1.91117,0.02677475
792.0,1.911112,0.02680321
793.0,1.911055,0.02683155
794.0,1.910998,0.02685977
795.0,1.910941,0.02688788
796.0,1.910884,0.02691588
797.0,1.910828,0.02694376
798.0,1.910772,0.02697153
799.0,1.910716,0.02699918
800.0,1.91066,0.02702672
801.0,1.910605,0.02705415
802.0,1.91055,0.02708147
803.0,1.910495,0.02710868
804.0,1.910441,0.02713578
805.0,1.910386,0.02716278
806.0,1.910332,0.02718966
807.0,1.910279,0.02721644
808.0,1.910225,0.0272431
809.0,1.910172,0.02726967
810.0,1.910119,0.02729612
811.0,1.910066,0.02732248
812.0,1.910013,0.02734873
813.0,1.909961,0.02737487
814.0,1.909909,0.02740091
815.0,1.909857,0.02742685
816.0,1.909805,0.02745269
817.0,1.909754,0.02747842
818.0,1.909703,0.02750406
819.0,1.909652,0.02752959
820.0,1.909601,0.02755502
821.0,1.90955,0.02758036
822.0,1.9095,0.0276056
823.0,1.90945,0.02763074
824.0,1.9094,0.02765578
825.0,1.909351,0.02768072
826.0,1.909301,0.02770557
827.0,1.909252,0.02773032
828.0,1.909203,0.02775498
829.0,1.909154,0.02777954
830.0,1.909106,0.02780401
831.0,1.909058,0.02782839
832.0,1.909009,0.02785267
833.0,1.908961,0.02787686
834.0,1.908914,0.02790096
835.0,1.908866,0.02792497
836.0,1.908819,0.02794888
837.0,1.908772,0.02797271
838.0,1.908725,0.02799644
839.0,1.908678,0.02802009
840.0,1.908632,0.02804364
841.0,1.908586,0.02806711
842.0,1.908539,0.02809049
843.0,1.908494,0.02811378
844.0,1.908448,0.02813699
845.0,1.908402,0.02816011
846.0,1.908357,0.02818314
847.0,1.908312,0.02820609
848.0,1.908267,0.02822895
849.0,1.908222,0.02825173
850.0,1.908178,0.02827443
851.0,1.908133,0.02829704
852.0,1.908089,0.02831956
853.0,1.908045,0.02834201
854.0,1.908001,0.02836437
855.0,1.907957,0.02838665
856.0,1.907914,0.02840885
857.0,1.907871,0.02843096
858.0,1.907828,0.028453
859.0,1.907785,0.02847496
860.0,1.907742,0.02849683
861.0,1.907699,0.02851863
862.0,1.907657,0.02854035
863.0,1.907615,0.02856199
864.0,1.907572,0.02858355
865.0,1.907531,0.02860504
866.0,1.907489,0.02862644
867.0,1.907447,0.02864777
868.0,1.907406,0.02866903
869.0,1.907365,0.02869021
870.0,1.907324,0.02871131
871.0,1.907283,0.02873234
872.0,1.907242,0.02875329
873.0,1.907201,0.02877417
874.0,1.907161,0.02879497
875.0,1.907121,0.0288157
876.0,1.907081,0.02883636
877.0,1.907041,0.02885695
878.0,1.907001,0.02887746
879.0,1.906961,0.0288979
880.0,1.906922,0.02891827
881.0,1.906882,0.02893856
882.0,1.906843,0.02895879
883.0,1.906804,0.02897895
884.0,1.906765,0.02899903
885.0,1.906727,0.02901905
886.0,1.906688,0.02903899
887.0,1.90665,0.02905887
888.0,1.906611,0.02907868
889.0,1.906573,0.02909842
890.0,1.906535,0.02911809
891.0,1.906498,0.02913769
892.0,1.90646,0.02915723
893.0,1.906422,0.0291767
894.0,1.906385,0.0291961
895.0,1.906348,0.02921544
896.0,1.906311,0.02923471
897.0,1.906274,0.02925391
898.0,1.906237,0.02927305
899.0,1.9062,0.02929213
900.0,1.906164,0.02931114
901.0,1.906127,0.02933008
902.0,1.906091,0.02934896
903.0,1.906055,0.02936778
904.0,1.906019,0.02938653
905.0,1.905983,0.02940523
906.0,1.905947,0.02942385
907.0,1.905912,0.02944242
908.0,1.905876,0.02946092
909.0,1.905841,0.02947936
910.0,1.905806,0.02949774
911.0,1.905771,0.02951606
912.0,1.905736,0.02953432
913.0,1.905701,0.02955252
914.0,1.905666,0.02957065
915.0,1.905632,0.02958873
916.0,1.905597,0.02960675
917.0,1.905563,0.0296247
918.0,1.905529,0.0296426
919.0,1.905495,0.02966044
920.0,1.905461,0.02967822
921.0,1.905427,0.02969595
922.0,1.905393,0.02971361
923.0,1.90536,0.02973122
924.0,1.905326,0.02974877
925.0,1.905293,0.02976626
926.0,1.90526,0.02978369
927.0,1.905227,0.02980107
928.0,1.905194,0.02981839
929.0,1.905161,0.02983566
930.0,1.905128,0.02985287
931.0,1.905095,0.02987003
932.0,1.905063,0.02988713
933.0,1.905031,0.02990417
934.0,1.904998,0.02992116
935.0,1.904966,0.02993809
936.0,1.904934,0.02995498
937.0,1.904902,0.0299718
938.0,1.90487,0.02998858
939.0,1.904839,0.0300053
940.0,1.904807,0.03002196
941.0,1.904776,0.03003858
942.0,1.904744,0.03005514
943.0,1.904713,0.03007165
944.0,1.904682,0.0300881
945.0,1.904651,0.03010451
946.0,1.90462,0.03012086
947.0,1.904589,0.03013716
948.0,1.904558,0.03015341
949.0,1.904528,0.03016961
950.0,1.904497,0.03018576
951.0,1.904467,0.03020185
952.0,1.904437,0.0302179
953.0,1.904406,0.0302339
954.0,1.904376,0.03024984
955.0,1.904346,0.03026574
956.0,1.904317,0.03028159
957.0,1.904287,0.03029739
958.0,1.904257,0.03031314
959.0,1.904227,0.03032884
960.0,1.904198,0.03034449
961.0,1.904169,0.0303601
962.0,1.904139,0.03037566
963.0,1.90411,0.03039117
964.0,1.904081,0.03040663
965.0,1.904052,0.03042204
966.0,1.904023,0.03043741
967.0,1.903994,0.03045273
968.0,1.903966,0.030468
969.0,1.903937,0.03048323
970.0,1.903909,0.03049841
971.0,1.90388,0.03051354
972.0,1.903852,0.03052863
973.0,1.903824,0.03054367
974.0,1.903796,0.03055867
975.0,1.903768,0.03057362
976.0,1.90374,0.03058853
977.0,1.903712,0.03060339
978.0,1.903684,0.03061821
979.0,1.903656,0.03063298
980.0,1.903629,0.03064771
981.0,1.903601,0.03066239
982.0,1.903574,0.03067704
983.0,1.903547,0.03069163
984.0,1.90352,0.03070619
985.0,1.903492,0.0307207
986.0,1.903465,0.03073516
987.0,1.903438,0.03074959
988.0,1.903412,0.03076397
989.0,1.903385,0.03077831
990.0,1.903358,0.0307926
991.0,1.903332,0.03080686
992.0,1.903305,0.03082107
993.0,1.903279,0.03083524
994.0,1.903252,0.03084937
995.0,1.903226,0.03086346
996.0,1.9032,0.03087751
997.0,1.903174,0.03089151
998.0,1.903148,0.03090548
999.0,1.903122,0.0309194
1000.0,1.903096,0.03093328
1001.0,1.90307,0.03094712
1002.0,1.903045,0.03096093
1003.0,1.903019,0.03097469
1004.0,1.902993,0.03098841
1005.0,1.902968,0.0310021
1006.0,1.902943,0.03101574
1007.0,1.902917,0.03102934
1008.0,1.902892,0.03104291
1009.0,1.902867,0.03105644
1010.0,1.902842,0.03106992
1011.0,1.902817,0.03108337
1012.0,1.902792,0.03109678
1013.0,1.902767,0.03111015
1014.0,1.902743,0.03112349
1015.0,1.902718,0.03113678
1016.0,1.902694,0.03115004
1017.0,1.902669,0.03116326
1018.0,1.902645,0.03117644
1019.0,1.90262,0.03118959
1020.0,1.902596,0.0312027
1021.0,1.902572,0.03121577
1022.0,1.902548,0.0312288
1023.0,1.902524,0.0312418
1024.0,1.9025,0.03125476
1025.0,1.902476,0.03126769
1026.0,1.902452,0.03128057
1027.0,1.902428,0.03129343
1028.0,1.902405,0.03130624
1029.0,1.902381,0.03131902
1030.0,1.902357,0.03133177
1031.0,1.902334,0.03134448
1032.0,1.902311,0.03135715
1033.0,1.902287,0.03136979
1034.0,1.902264,0.03138239
1035.0,1.902241,0.03139496
1036.0,1.902218,0.03140749
1037.0,1.902195,0.03141999
1038.0,1.902172,0.03143246
1039.0,1.902149,0.03144489
1040.0,1.902126,0.03145728
1041.0,1.902103,0.03146964
1042.0,1.90208,0.03148197
1043.0,1.902058,0.03149426
1044.0,1.902035,0.03150653
1045.0,1.902013,0.03151875
1046.0,1.90199,0.03153095
1047.0,1.901968,0.03154311
1048.0,1.901946,0.03155523
1049.0,1.901923,0.03156733
1050.0,1.901901,0.03157939
1051.0,1.901879,0.03159142
1052.0,1.901857,0.03160341
1053.0,1.901835,0.03161537
1054.0,1.901813,0.03162731
1055.0,1.901791,0.0316392
1056.0,1.90177,0.03165107
1057.0,1.901748,0.03166291
1058.0,1.901726,0.03167471
1059.0,1.901705,0.03168648
1060.0,1.901683,0.03169822
1061.0,1.901662,0.03170993
1062.0,1.90164,0.0317216
1063.0,1.901619,0.03173325
1064.0,1.901598,0.03174487
1065.0,1.901576,0.03175645
1066.0,1.901555,0.031768
1067.0,1.901534,0.03177952
1068.0,1.901513,0.03179102
1069.0,1.901492,0.03180248
1070.0,1.901471,0.03181391
1071.0,1.90145,0.03182531
1072.0,1.90143,0.03183668
1073.0,1.901409,0.03184802
1074.0,1.901388,0.03185933
1075.0,1.901368,0.03187061
1076.0,1.901347,0.03188186
1077.0,1.901326,0.03189308
1078.0,1.901306,0.03190428
1079.0,1.901286,0.03191544
1080.0,1.901265,0.03192657
1081.0,1.901245,0.03193768
1082.0,1.901225,0.03194876
1083.0,1.901205,0.0319598
1084.0,1.901185,0.03197082
1085.0,1.901165,0.03198181
1086.0,1.901145,0.03199277
1087.0,1.901125,0.03200371
1088.0,1.901105,0.03201461
1089.0,1.901085,0.03202549
1090.0,1.901065,0.03203634
1091.0,1.901045,0.03204716
1092.0,1.901026,0.03205795
1093.0,1.901006,0.03206872
1094.0,1.900987,0.03207945
1095.0,1.900967,0.03209016
1096.0,1.900948,0.03210084
1097.0,1.900928,0.0321115
1098.0,1.900909,0.03212213
1099.0,1.90089,0.03213273
1100.0,1.90087,0.0321433
1101.0,1.900851,0.03215385
1102.0,1.900832,0.03216437
1103.0,1.900813,0.03217486
1104.0,1.900794,0.03218533
1105.0,1.900775,0.03219577
1106.0,1.900756,0.03220619
1107.0,1.900737,0.03221657
1108.0,1.900719,0.03222693
1109.0,1.9007,0.03223727
1110.0,1.900681,0.03224758
1111.0,1.900662,0.03225786
1112.0,1.900644,0.03226812
1113.0,1.900625,0.03227835
1114.0,1.900607,0.03228856
1115.0,1.900588,0.03229874
1116.0,1.90057,0.0323089
1117.0,1.900552,0.03231903
1118.0,1.900533,0.03232913
1119.0,1.900515,0.03233921
1120.0,1.900497,0.03234927
1121.0,1.900479,0.0323593
1122.0,1.90046,0.0323693
1123.0,1.900442,0.03237928
1124.0,1.900424,0.03238924
1125.0,1.900406,0.03239917
1126.0,1.900388,0.03240907
1127.0,1.900371,0.03241896
1128.0,1.900353,0.03242881
1129.0,1.900335,0.03243865
1130.0,1.900317,0.03244846
1131.0,1.9003,0.03245824
1132.0,1.900282,0.032468
1133.0,1.900264,0.03247774
1134.0,1.900247,0.03248746
1135.0,1.900229,0.03249715
1136.0,1.900212,0.03250681
1137.0,1.900194,0.03251646
1138.0,1.900177,0.03252608
1139.0,1.90016,0.03253567
1140.0,1.900142,0.03254524
1141.0,1.900125,0.03255479
1142.0,1.900108,0.03256432
1143.0,1.900091,0.03257382
1144.0,1.900074,0.0325833
1145.0,1.900057,0.03259276
1146.0,1.90004,0.0326022
1147.0,1.900023,0.03261161
1148.0,1.900006,0.032621
1149.0,1.899989,0.03263037
1150.0,1.899972,0.03263971
1151.0,1.899955,0.03264903
1152.0,1.899939,0.03265833
1153.0,1.899922,0.03266761
1154.0,1.899905,0.03267687
1155.0,1.899889,0.0326861
1156.0,1.899872,0.03269531
1157.0,1.899856,0.0327045
1158.0,1.899839,0.03271367
1159.0,1.899823,0.03272282
1160.0,1.899806,0.03273194
1161.0,1.89979,0.03274105
1162.0,1.899774,0.03275013
1163.0,1.899757,0.03275919
1164.0,1.899741,0.03276823
1165.0,1.899725,0.03277724
1166.0,1.899709,0.03278624
1167.0,1.899692,0.03279522
1168.0,1.899676,0.03280417
1169.0,1.89966,0.0328131
1170.0,1.899644,0.03282201
1171.0,1.899628,0.03283091
1172.0,1.899612,0.03283978
1173.0,1.899597,0.03284863
1174.0,1.899581,0.03285746
1175.0,1.899565,0.03286626
1176.0,1.899549,0.03287505
1177.0,1.899533,0.03288382
1178.0,1.899518,0.03289257
1179.0,1.899502,0.0329013
1180.0,1.899487,0.03291
1181.0,1.899471,0.03291869
1182.0,1.899455,0.03292736
1183.0,1.89944,0.032936
1184.0,1.899425,0.03294463
1185.0,1.899409,0.03295324
1186.0,1.899394,0.03296183
1187.0,1.899378,0.03297039
1188.0,1.899363,0.03297894
1189.0,1.899348,0.03298747
1190.0,1.899333,0.03299598
1191.0,1.899317,0.03300447
1192.0,1.899302,0.03301294
1193.0,1.899287,0.03302139
1194.0,1.899272,0.03302982
1195.0,1.899257,0.03303823
1196.0,1.899242,0.03304663
1197.0,1.899227,0.033055
1198.0,1.899212,0.03306336
1199.0,1.899197,0.03307169
1200.0,1.899182,0.03308001
1201.0,1.899168,0.03308831
1202.0,1.899153,0.03309659
1203.0,1.899138,0.03310485
1204.0,1.899123,0.03311309
1205.0,1.899109,0.03312132
1206.0,1.899094,0.03312952
1207.0,1.899079,0.03313771
1208.0,1.899065,0.03314588
1209.0,1.89905,0.03315403
1210.0,1.899036,0.03316216
1211.0,1.899021,0.03317027
1212.0,1.899007,0.03317837
1213.0,1.898992,0.03318645
1214.0,1.898978,0.03319451
1215.0,1.898964,0.03320255
1216.0,1.898949,0.03321057
1217.0,1.898935,0.03321858
1218.0,1.898921,0.03322657
1219.0,1.898907,0.03323454
1220.0,1.898893,0.03324249
1221.0,1.898878,0.03325043
1222.0,1.898864,0.03325835
1223.0,1.89885,0.03326625
1224.0,1.898836,0.03327413
1225.0,1.898822,0.033282
1226.0,1.898808,0.03328985
1227.0,1.898794,0.03329768
1228.0,1.89878,0.03330549
1229.0,1.898767,0.03331329
1230.0,1.898753,0.03332107
1231.0,1.898739,0.03332883
1232.0,1.898725,0.03333658
1233.0,1.898711,0.03334431
1234.0,1.898698,0.03335202
1235.0,1.898684,0.03335971
1236.0,1.89867,0.03336739
1237.0,1.898657,0.03337506
1238.0,1.898643,0.0333827
1239.0,1.89863,0.03339033
1240.0,1.898616,0.03339794
1241.0,1.898603,0.03340554
1242.0,1.898589,0.03341312
1243.0,1.898576,0.03342068
1244.0,1.898562,0.03342823
1245.0,1.898549,0.03343576
1246.0,1.898536,0.03344327
1247.0,1.898522,0.03345077
1248.0,1.898509,0.03345825
1249.0,1.898496,0.03346572
1250.0,1.898483,0.03347317
1251.0,1.898469,0.0334806
1252.0,1.898456,0.03348802
1253.0,1.898443,0.03349543
1254.0,1.89843,0.03350281
1255.0,1.898417,0.03351018
1256.0,1.898404,0.03351754
1257.0,1.898391,0.03352488
1258.0,1.898378,0.0335322
1259.0,1.898365,0.03353951
1260.0,1.898352,0.0335468
1261.0,1.898339,0.03355408
1262.0,1.898326,0.03356134
1263.0,1.898313,0.03356859
1264.0,1.898301,0.03357582
1265.0,1.898288,0.03358304
1266.0,1.898275,0.03359024
1267.0,1.898262,0.03359742
1268.0,1.89825,0.0336046
1269.0,1.898237,0.03361175
1270.0,1.898224,0.03361889
1271.0,1.898212,0.03362602
1272.0,1.898199,0.03363313
1273.0,1.898187,0.03364022
1274.0,1.898174,0.03364731
1275.0,1.898162,0.03365437
1276.0,1.898149,0.03366142
1277.0,1.898137,0.03366846
1278.0,1.898124,0.03367548
1279.0,1.898112,0.03368249
1280.0,1.8981,0.03368948
1281.0,1.898087,0.03369646
1282.0,1.898075,0.03370343
1283.0,1.898063,0.03371038
1284.0,1.89805,0.03371731
1285.0,1.898038,0.03372423
1286.0,1.898026,0.03373114
1287.0,1.898014,0.03373803
1288.0,1.898002,0.03374491
1289.0,1.89799,0.03375178
1290.0,1.897978,0.03375863
1291.0,1.897966,0.03376546
1292.0,1.897953,0.03377228
1293.0,1.897941,0.03377909
1294.0,1.897929,0.03378589
1295.0,1.897918,0.03379267
1296.0,1.897906,0.03379943
1297.0,1.897894,0.03380618
1298.0,1.897882,0.03381292
1299.0,1.89787,0.03381965
1300.0,1.897858,0.03382636
1301.0,1.897846,0.03383306
1302.0,1.897835,0.03383974
1303.0,1.897823,0.03384641
1304.0,1.897811,0.03385307
1305.0,1.897799,0.03385971
1306.0,1.897788,0.03386634
1307.0,1.897776,0.03387296
1308.0,1.897764,0.03387956
1309.0,1.897753,0.03388615
1310.0,1.897741,0.03389273
1311.0,1.89773,0.0338993
1312.0,1.897718,0.03390585
1313.0,1.897707,0.03391238
1314.0,1.897695,0.03391891
1315.0,1.897684,0.03392542
1316.0,1.897672,0.03393192
1317.0,1.897661,0.0339384
1318.0,1.89765,0.03394487
1319.0,1.897638,0.03395133
1320.0,1.897627,0.03395778
1321.0,1.897616,0.03396421
1322.0,1.897604,0.03397063
1323.0,1.897593,0.03397704
1324.0,1.897582,0.03398344
1325.0,1.897571,0.03398982
1326.0,1.897559,0.03399619
1327.0,1.897548,0.03400255
1328.0,1.897537,0.03400889
1329.0,1.897526,0.03401522
1330.0,1.897515,0.03402154
1331.0,1.897504,0.03402785
1332.0,1.897493,0.03403414
1333.0,1.897482,0.03404043
1334.0,1.897471,0.0340467
1335.0,1.89746,0.03405295
1336.0,1.897449,0.0340592
1337.0,1.897438,0.03406543
1338.0,1.897427,0.03407165
1339.0,1.897416,0.03407786
1340.0,1.897405,0.03408406
1341.0,1.897394,0.03409024
1342.0,1.897383,0.03409642
1343.0,1.897373,0.03410258
1344.0,1.897362,0.03410873
1345.0,1.897351,0.03411486
1346.0,1.89734,0.03412099
1347.0,1.89733,0.0341271
1348.0,1.897319,0.0341332
1349.0,1.897308,0.03413929
1350.0,1.897298,0.03414537
1351.0,1.897287,0.03415143
1352.0,1.897276,0.03415748
1353.0,1.897266,0.03416353
1354.0,1.897255,0.03416956
1355.0,1.897245,0.03417558
1356.0,1.897234,0.03418158
1357.0,1.897224,0.03418758
1358.0,1.897213,0.03419356
1359.0,1.897203,0.03419953
1360.0,1.897192,0.0342055
1361.0,1.897182,0.03421145
1362.0,1.897172,0.03421738
1363.0,1.897161,0.03422331
1364.0,1.897151,0.03422923
1365.0,1.89714,0.03423513
1366.0,1.89713,0.03424102
1367.0,1.89712,0.03424691
1368.0,1.89711,0.03425278
1369.0,1.897099,0.03425864
1370.0,1.897089,0.03426448
1371.0,1.897079,0.03427032
1372.0,1.897069,0.03427615
1373.0,1.897059,0.03428196
1374.0,1.897048,0.03428777
1375.0,1.897038,0.03429356
1376.0,1.897028,0.03429934
1377.0,1.897018,0.03430511
1378.0,1.897008,0.03431087
1379.0,1.896998,0.03431662
1380.0,1.896988,0.03432236
1381.0,1.896978,0.03432809
1382.0,1.896968,0.03433381
1383.0,1.896958,0.03433951
1384.0,1.896948,0.03434521
1385.0,1.896938,0.03435089
1386.0,1.896928,0.03435657
1387.0,1.896918,0.03436223
1388.0,1.896909,0.03436789
1389.0,1.896899,0.03437353
1390.0,1.896889,0.03437916
1391.0,1.896879,0.03438478
1392.0,1.896869,0.03439039
1393.0,1.896859,0.03439599
1394.0,1.89685,0.03440158
1395.0,1.89684,0.03440716
1396.0,1.89683,0.03441273
1397.0,1.896821,0.03441829
1398.0,1.896811,0.03442384
1399.0,1.896801,0.03442938
1400.0,1.896792,0.03443491
1401.0,1.896782,0.03444043
1402.0,1.896772,0.03444594
1403.0,1.896763,0.03445143
1404.0,1.896753,0.03445692
1405.0,1.896744,0.0344624
1406.0,1.896734,0.03446787
1407.0,1.896725,0.03447332
1408.0,1.896715,0.03447877
1409.0,1.896706,0.03448421
1410.0,1.896696,0.03448964
1411.0,1.896687,0.03449506
1412.0,1.896677,0.03450046
1413.0,1.896668,0.03450586
1414.0,1.896659,0.03451125
1415.0,1.896649,0.03451663
1416.0,1.89664,0.034522
1417.0,1.896631,0.03452736
1418.0,1.896621,0.0345327
1419.0,1.896612,0.03453804
1420.0,1.896603,0.03454337
1421.0,1.896594,0.03454869
1422.0,1.896584,0.034554
1423.0,1.896575,0.0345593
1424.0,1.896566,0.0345646
1425.0,1.896557,0.03456988
1426.0,1.896548,0.03457515
1427.0,1.896538,0.03458041
1428.0,1.896529,0.03458566
1429.0,1.89652,0.03459091
1430.0,1.896511,0.03459614
1431.0,1.896502,0.03460137
1432.0,1.896493,0.03460658
1433.0,1.896484,0.03461179
1434.0,1.896475,0.03461699
1435.0,1.896466,0.03462217
1436.0,1.896457,0.03462735
1437.0,1.896448,0.03463252
1438.0,1.896439,0.03463768
1439.0,1.89643,0.03464283
1440.0,1.896421,0.03464797
1441.0,1.896412,0.0346531
1442.0,1.896403,0.03465823
1443.0,1.896394,0.03466334
1444.0,1.896385,0.03466845
1445.0,1.896377,0.03467354
1446.0,1.896368,0.03467863
1447.0,1.896359,0.03468371
1448.0,1.89635,0.03468877
1449.0,1.896341,0.03469383
1450.0,1.896333,0.03469888
1451.0,1.896324,0.03470393
1452.0,1.896315,0.03470896
1453.0,1.896306,0.03471398
1454.0,1.896298,0.034719
1455.0,1.896289,0.03472401
1456.0,1.89628,0.034729
1457.0,1.896272,0.03473399
1458.0,1.896263,0.03473897
1459.0,1.896254,0.03474394
1460.0,1.896246,0.03474891
1461.0,1.896237,0.03475386
1462.0,1.896229,0.03475881
1463.0,1.89622,0.03476374
1464.0,1.896212,0.03476867
1465.0,1.896203,0.03477359
1466.0,1.896195,0.0347785
1467.0,1.896186,0.0347834
1468.0,1.896178,0.0347883
1469.0,1.896169,0.03479318
1470.0,1.896161,0.03479806
1471.0,1.896152,0.03480293
1472.0,1.896144,0.03480779
1473.0,1.896135,0.03481264
1474.0,1.896127,0.03481748
1475.0,1.896119,0.03482232
1476.0,1.89611,0.03482714
1477.0,1.896102,0.03483196
1478.0,1.896094,0.03483677
1479.0,1.896085,0.03484157
1480.0,1.896077,0.03484637
1481.0,1.896069,0.03485115
1482.0,1.896061,0.03485593
1483.0,1.896052,0.0348607
1484.0,1.896044,0.03486546
1485.0,1.896036,0.03487021
1486.0,1.896028,0.03487495
1487.0,1.896019,0.03487969
1488.0,1.896011,0.03488442
1489.0,1.896003,0.03488914
1490.0,1.895995,0.03489385
1491.0,1.895987,0.03489855
1492.0,1.895979,0.03490325
1493.0,1.895971,0.03490794
1494.0,1.895963,0.03491262
1495.0,1.895954,0.03491729
1496.0,1.895946,0.03492195
1497.0,1.895938,0.03492661
1498.0,1.89593,0.03493126
1499.0,1.895922,0.0349359
1500.0,1.895914,0.03494053
1501.0,1.895906,0.03494515
1502.0,1.895898,0.03494977
1503.0,1.89589,0.03495438
1504.0,1.895882,0.03495898
1505.0,1.895875,0.03496357
1506.0,1.895867,0.03496816
1507.0,1.895859,0.03497274
1508.0,1.895851,0.03497731
1509.0,1.895843,0.03498187
1510.0,1.895835,0.03498643
1511.0,1.895827,0.03499097
1512.0,1.895819,0.03499551
1513.0,1.895812,0.03500005
1514.0,1.895804,0.03500457
1515.0,1.895796,0.03500909
1516.0,1.895788,0.0350136
1517.0,1.89578,0.0350181
1518.0,1.895773,0.03502259
1519.0,1.895765,0.03502708
1520.0,1.895757,0.03503156
1521.0,1.89575,0.03503603
1522.0,1.895742,0.0350405
1523.0,1.895734,0.03504495
1524.0,1.895726,0.0350494
1525.0,1.895719,0.03505384
1526.0,1.895711,0.03505828
1527.0,1.895704,0.03506271
1528.0,1.895696,0.03506713
1529.0,1.895688,0.03507154
1530.0,1.895681,0.03507595
1531.0,1.895673,0.03508034
1532.0,1.895666,0.03508474
1533.0,1.895658,0.03508912
1534.0,1.89565,0.0350935
1535.0,1.895643,0.03509787
1536.0,1.895635,0.03510223
1537.0,1.895628,0.03510658
1538.0,1.89562,0.03511093
1539.0,1.895613,0.03511527
1540.0,1.895605,0.03511961
1541.0,1.895598,0.03512393
1542.0,1.895591,0.03512825
1543.0,1.895583,0.03513257
1544.0,1.895576,0.03513687
1545.0,1.895568,0.03514117
1546.0,1.895561,0.03514546
1547.0,1.895554,0.03514975
1548.0,1.895546,0.03515402
1549.0,1.895539,0.0351583
1550.0,1.895532,0.03516256
1551.0,1.895524,0.03516682
1552.0,1.895517,0.03517107
1553.0,1.89551,0.03517531
1554.0,1.895502,0.03517954
1555.0,1.895495,0.03518377
1556.0,1.895488,0.035188
1557.0,1.895481,0.03519221
1558.0,1.895473,0.03519642
1559.0,1.895466,0.03520062
1560.0,1.895459,0.03520482
1561.0,1.895452,0.03520901
1562.0,1.895444,0.03521319
1563.0,1.895437,0.03521736
1564.0,1.89543,0.03522153
1565.0,1.895423,0.03522569
1566.0,1.895416,0.03522985
1567.0,1.895409,0.035234
1568.0,1.895402,0.03523814
1569.0,1.895395,0.03524227
1570.0,1.895387,0.0352464
1571.0,1.89538,0.03525053
1572.0,1.895373,0.03525464
1573.0,1.895366,0.03525875
1574.0,1.895359,0.03526285
1575.0,1.895352,0.03526695
1576.0,1.895345,0.03527104
1577.0,1.895338,0.03527512
1578.0,1.895331,0.0352792
1579.0,1.895324,0.03528327
1580.0,1.895317,0.03528733
1581.0,1.89531,0.03529139
1582.0,1.895303,0.03529544
1583.0,1.895296,0.03529948
1584.0,1.895289,0.03530352
1585.0,1.895282,0.03530755
1586.0,1.895276,0.03531157
1587.0,1.895269,0.03531559
1588.0,1.895262,0.0353196
1589.0,1.895255,0.03532361
1590.0,1.895248,0.03532761
1591.0,1.895241,0.0353316
1592.0,1.895234,0.03533559
1593.0,1.895227,0.03533957
1594.0,1.895221,0.03534355
1595.0,1.895214,0.03534751
1596.0,1.895207,0.03535148
1597.0,1.8952,0.03535543
1598.0,1.895194,0.03535938
1599.0,1.895187,0.03536333
1600.0,1.89518,0.03536726
1601.0,1.895173,0.03537119
1602.0,1.895167,0.03537512
1603.0,1.89516,0.03537904
1604.0,1.895153,0.03538295
1605.0,1.895146,0.03538686
1606.0,1.89514,0.03539076
1607.0,1.895133,0.03539465
1608.0,1.895126,0.03539854
1609.0,1.89512,0.03540243
1610.0,1.895113,0.0354063
1611.0,1.895106,0.03541017
1612.0,1.8951,0.03541404
1613.0,1.895093,0.0354179
1614.0,1.895087,0.03542175
1615.0,1.89508,0.0354256
1616.0,1.895073,0.03542944
1617.0,1.895067,0.03543327
1618.0,1.89506,0.0354371
1619.0,1.895054,0.03544092
1620.0,1.895047,0.03544474
1621.0,1.895041,0.03544855
1622.0,1.895034,0.03545236
1623.0,1.895028,0.03545616
1624.0,1.895021,0.03545995
1625.0,1.895015,0.03546374
1626.0,1.895008,0.03546752
1627.0,1.895002,0.0354713
1628.0,1.894995,0.03547507
1629.0,1.894989,0.03547883
1630.0,1.894982,0.03548259
1631.0,1.894976,0.03548635
1632.0,1.89497,0.03549009
1633.0,1.894963,0.03549384
1634.0,1.894957,0.03549757
1635.0,1.89495,0.0355013
1636.0,1.894944,0.03550503
1637.0,1.894938,0.03550875
1638.0,1.894931,0.03551246
1639.0,1.894925,0.03551617
1640.0,1.894919,0.03551987
1641.0,1.894912,0.03552357
1642.0,1.894906,0.03552726
1643.0,1.8949,0.03553095
1644.0,1.894893,0.03553463
1645.0,1.894887,0.0355383
1646.0,1.894881,0.03554197
1647.0,1.894875,0.03554563
1648.0,1.894868,0.03554929
1649.0,1.894862,0.03555295
1650.0,1.894856,0.03555659
1651.0,1.89485,0.03556023
1652.0,1.894844,0.03556387
1653.0,1.894837,0.0355675
1654.0,1.894831,0.03557113
1655.0,1.894825,0.03557475
1656.0,1.894819,0.03557836
1657.0,1.894813,0.03558197
1658.0,1.894806,0.03558557
1659.0,1.8948,0.03558917
1660.0,1.894794,0.03559276
1661.0,1.894788,0.03559635
1662.0,1.894782,0.03559993
1663.0,1.894776,0.03560351
1664.0,1.89477,0.03560708
1665.0,1.894764,0.03561065
1666.0,1.894758,0.03561421
1667.0,1.894751,0.03561777
1668.0,1.894745,0.03562132
1669.0,1.894739,0.03562486
1670.0,1.894733,0.0356284
1671.0,1.894727,0.03563194
1672.0,1.894721,0.03563546
1673.0,1.894715,0.03563899
1674.0,1.894709,0.03564251
1675.0,1.894703,0.03564602
1676.0,1.894697,0.03564953
1677.0,1.894691,0.03565303
1678.0,1.894685,0.03565653
1679.0,1.894679,0.03566003
1680.0,1.894673,0.03566351
1681.0,1.894667,0.035667
1682.0,1.894662,0.03567047
1683.0,1.894656,0.03567395
1684.0,1.89465,0.03567741
1685.0,1.894644,0.03568088
1686.0,1.894638,0.03568433
1687.0,1.894632,0.03568779
1688.0,1.894626,0.03569123
1689.0,1.89462,0.03569468
1690.0,1.894614,0.03569811
1691.0,1.894609,0.03570155
1692.0,1.894603,0.03570497
1693.0,1.894597,0.0357084
1694.0,1.894591,0.03571181
1695.0,1.894585,0.03571523
1696.0,1.894579,0.03571863
1697.0,1.894574,0.03572204
1698.0,1.894568,0.03572543
1699.0,1.894562,0.03572883
1700.0,1.894556,0.03573221
1701.0,1.894551,0.0357356
1702.0,1.894545,0.03573897
1703.0,1.894539,0.03574235
1704.0,1.894533,0.03574572
1705.0,1.894528,0.03574908
1706.0,1.894522,0.03575244
1707.0,1.894516,0.03575579
1708.0,1.89451,0.03575914
1709.0,1.894505,0.03576248
1710.0,1.894499,0.03576582
1711.0,1.894493,0.03576916
1712.0,1.894488,0.03577249
1713.0,1.894482,0.03577581
1714.0,1.894476,0.03577913
1715.0,1.894471,0.03578245
1716.0,1.894465,0.03578576
1717.0,1.89446,0.03578906
1718.0,1.894454,0.03579236
1719.0,1.894448,0.03579566
1720.0,1.894443,0.03579895
1721.0,1.894437,0.03580224
1722.0,1.894432,0.03580552
1723.0,1.894426,0.0358088
1724.0,1.89442,0.03581207
1725.0,1.894415,0.03581534
1726.0,1.894409,0.0358186
1727.0,1.894404,0.03582186
1728.0,1.894398,0.03582512
1729.0,1.894393,0.03582837
1730.0,1.894387,0.03583161
1731.0,1.894382,0.03583485
1732.0,1.894376,0.03583809
1733.0,1.894371,0.03584132
1734.0,1.894365,0.03584455
1735.0,1.89436,0.03584777
1736.0,1.894354,0.03585099
1737.0,1.894349,0.0358542
1738.0,1.894343,0.03585741
1739.0,1.894338,0.03586061
1740.0,1.894332,0.03586381
1741.0,1.894327,0.03586701
1742.0,1.894322,0.0358702
1743.0,1.894316,0.03587338
1744.0,1.894311,0.03587657
1745.0,1.894305,0.03587974
1746.0,1.8943,0.03588292
1747.0,1.894295,0.03588608
1748.0,1.894289,0.03588925
1749.0,1.894284,0.03589241
1750.0,1.894278,0.03589556
1751.0,1.894273,0.03589871
1752.0,1.894268,0.03590186
1753.0,1.894262,0.035905
1754.0,1.894257,0.03590814
1755.0,1.894252,0.03591127
1756.0,1.894246,0.0359144
1757.0,1.894241,0.03591752
1758.0,1.894236,0.03592064
1759.0,1.894231,0.03592376
1760.0,1.894225,0.03592687
1761.0,1.89422,0.03592998
1762.0,1.894215,0.03593308
1763.0,1.89421,0.03593618
1764.0,1.894204,0.03593927
1765.0,1.894199,0.03594236
1766.0,1.894194,0.03594545
1767.0,1.894189,0.03594853
1768.0,1.894183,0.03595161
1769.0,1.894178,0.03595468
1770.0,1.894173,0.03595775
1771.0,1.894168,0.03596081
1772.0,1.894163,0.03596387
1773.0,1.894157,0.03596693
1774.0,1.894152,0.03596998
1775.0,1.894147,0.03597303
1776.0,1.894142,0.03597607
1777.0,1.894137,0.03597911
1778.0,1.894132,0.03598215
1779.0,1.894126,0.03598518
1780.0,1.894121,0.0359882
1781.0,1.894116,0.03599123
1782.0,1.894111,0.03599424
1783.0,1.894106,0.03599726
1784.0,1.894101,0.03600027
1785.0,1.894096,0.03600327
1786.0,1.894091,0.03600628
1787.0,1.894086,0.03600927
1788.0,1.89408,0.03601227
1789.0,1.894075,0.03601526
1790.0,1.89407,0.03601824
1791.0,1.894065,0.03602123
1792.0,1.89406,0.0360242
1793.0,1.894055,0.03602718
1794.0,1.89405,0.03603015
1795.0,1.894045,0.03603311
1796.0,1.89404,0.03603607
1797.0,1.894035,0.03603903
1798.0,1.89403,0.03604198
1799.0,1.894025,0.03604493
1800.0,1.89402,0.03604788
1801.0,1.894015,0.03605082
1802.0,1.89401,0.03605376
1803.0,1.894005,0.03605669
1804.0,1.894,0.03605962
1805.0,1.893995,0.03606255
1806.0,1.89399,0.03606547
1807.0,1.893985,0.03606839
1808.0,1.89398,0.0360713
1809.0,1.893975,0.03607421
1810.0,1.893971,0.03607712
1811.0,1.893966,0.03608002
1812.0,1.893961,0.03608292
1813.0,1.893956,0.03608581
1814.0,1.893951,0.0360887
1815.0,1.893946,0.03609159
1816.0,1.893941,0.03609447
1817.0,1.893936,0.03609735
1818.0,1.893931,0.03610022
1819.0,1.893927,0.0361031
1820.0,1.893922,0.03610596
1821.0,1.893917,0.03610883
1822.0,1.893912,0.03611169
1823.0,1.893907,0.03611454
1824.0,1.893902,0.0361174
1825.0,1.893898,0.03612024
1826.0,1.893893,0.03612309
1827.0,1.893888,0.03612593
1828.0,1.893883,0.03612877
1829.0,1.893878,0.0361316
1830.0,1.893874,0.03613443
1831.0,1.893869,0.03613725
1832.0,1.893864,0.03614008
1833.0,1.893859,0.0361429
1834.0,1.893854,0.03614571
1835.0,1.89385,0.03614852
1836.0,1.893845,0.03615133
1837.0,1.89384,0.03615413
1838.0,1.893836,0.03615693
1839.0,1.893831,0.03615973
1840.0,1.893826,0.03616252
1841.0,1.893821,0.03616531
1842.0,1.893817,0.03616809
1843.0,1.893812,0.03617088
1844.0,1.893807,0.03617365
1845.0,1.893803,0.03617643
1846.0,1.893798,0.0361792
1847.0,1.893793,0.03618197
1848.0,1.893789,0.03618473
1849.0,1.893784,0.03618749
1850.0,1.893779,0.03619024
1851.0,1.893775,0.036193
1852.0,1.89377,0.03619575
1853.0,1.893765,0.03619849
1854.0,1.893761,0.03620123
1855.0,1.893756,0.03620397
1856.0,1.893751,0.03620671
1857.0,1.893747,0.03620944
1858.0,1.893742,0.03621216
1859.0,1.893738,0.03621489
1860.0,1.893733,0.03621761
1861.0,1.893728,0.03622033
1862.0,1.893724,0.03622304
1863.0,1.893719,0.03622575
1864.0,1.893715,0.03622846
1865.0,1.89371,0.03623116
1866.0,1.893706,0.03623386
1867.0,1.893701,0.03623655
1868.0,1.893696,0.03623925
1869.0,1.893692,0.03624193
1870.0,1.893687,0.03624462
1871.0,1.893683,0.0362473
1872.0,1.893678,0.03624998
1873.0,1.893674,0.03625266
1874.0,1.893669,0.03625533
1875.0,1.893665,0.036258
1876.0,1.89366,0.03626066
1877.0,1.893656,0.03626332
1878.0,1.893651,0.03626598
1879.0,1.893647,0.03626863
1880.0,1.893642,0.03627128
1881.0,1.893638,0.03627393
1882.0,1.893633,0.03627658
1883.0,1.893629,0.03627922
1884.0,1.893625,0.03628186
1885.0,1.89362,0.03628449
1886.0,1.893616,0.03628712
1887.0,1.893611,0.03628975
1888.0,1.893607,0.03629237
1889.0,1.893602,0.03629499
1890.0,1.893598,0.03629761
1891.0,1.893594,0.03630022
1892.0,1.893589,0.03630284
1893.0,1.893585,0.03630544
1894.0,1.89358,0.03630805
1895.0,1.893576,0.03631065
1896.0,1.893572,0.03631325
1897.0,1.893567,0.03631584
1898.0,1.893563,0.03631843
1899.0,1.893558,0.03632102
1900.0,1.893554,0.0363236
1901.0,1.89355,0.03632618
1902.0,1.893545,0.03632876
1903.0,1.893541,0.03633134
1904.0,1.893537,0.03633391
1905.0,1.893532,0.03633648
1906.0,1.893528,0.03633904
1907.0,1.893524,0.0363416
1908.0,1.893519,0.03634416
1909.0,1.893515,0.03634672
1910.0,1.893511,0.03634927
1911.0,1.893507,0.03635182
1912.0,1.893502,0.03635436
1913.0,1.893498,0.0363569
1914.0,1.893494,0.03635944
1915.0,1.893489,0.03636198
1916.0,1.893485,0.03636451
1917.0,1.893481,0.03636704
1918.0,1.893477,0.03636957
1919.0,1.893472,0.03637209
1920.0,1.893468,0.03637461
1921.0,1.893464,0.03637713
1922.0,1.89346,0.03637964
1923.0,1.893455,0.03638215
1924.0,1.893451,0.03638466
1925.0,1.893447,0.03638717
1926.0,1.893443,0.03638967
1927.0,1.893439,0.03639217
1928.0,1.893434,0.03639466
1929.0,1.89343,0.03639715
1930.0,1.893426,0.03639964
1931.0,1.893422,0.03640213
1932.0,1.893418,0.03640461
1933.0,1.893413,0.03640709
1934.0,1.893409,0.03640957
1935.0,1.893405,0.03641204
1936.0,1.893401,0.03641451
1937.0,1.893397,0.03641698
1938.0,1.893393,0.03641944
1939.0,1.893388,0.0364219
1940.0,1.893384,0.03642436
1941.0,1.89338,0.03642682
1942.0,1.893376,0.03642927
1943.0,1.893372,0.03643172
1944.0,1.893368,0.03643417
1945.0,1.893364,0.03643661
1946.0,1.89336,0.03643905
1947.0,1.893356,0.03644149
1948.0,1.893351,0.03644392
1949.0,1.893347,0.03644635
1950.0,1.893343,0.03644878
1951.0,1.893339,0.03645121
1952.0,1.893335,0.03645363
1953.0,1.893331,0.03645605
1954.0,1.893327,0.03645846
1955.0,1.893323,0.03646088
1956.0,1.893319,0.03646329
1957.0,1.893315,0.0364657
1958.0,1.893311,0.0364681
1959.0,1.893307,0.0364705
1960.0,1.893303,0.0364729
1961.0,1.893299,0.0364753
1962.0,1.893295,0.03647769
1963.0,1.893291,0.03648008
1964.0,1.893287,0.03648247
1965.0,1.893283,0.03648485
1966.0,1.893279,0.03648723
1967.0,1.893275,0.03648961
1968.0,1.893271,0.03649199
1969.0,1.893267,0.03649436
1970.0,1.893263,0.03649673
1971.0,1.893259,0.03649909
1972.0,1.893255,0.03650146
1973.0,1.893251,0.03650382
1974.0,1.893247,0.03650618
1975.0,1.893243,0.03650853
1976.0,1.893239,0.03651089
1977.0,1.893235,0.03651324
1978.0,1.893231,0.03651558
1979.0,1.893227,0.03651793
1980.0,1.893223,0.03652027
1981.0,1.893219,0.03652261
1982.0,1.893215,0.03652494
1983.0,1.893211,0.03652728
1984.0,1.893207,0.03652961
1985.0,1.893203,0.03653193
1986.0,1.8932,0.03653426
1987.0,1.893196,0.03653658
1988.0,1.893192,0.0365389
1989.0,1.893188,0.03654121
1990.0,1.893184,0.03654353
1991.0,1.89318,0.03654584
1992.0,1.893176,0.03654815
1993.0,1.893172,0.03655045
1994.0,1.893168,0.03655275
1995.0,1.893165,0.03655505
1996.0,1.893161,0.03655735
1997.0,1.893157,0.03655964
1998.0,1.893153,0.03656193
1999.0,1.893149,0.03656422
2000.0,1.893145,0.03656651
